,er,in,ti,on,es,te,at,al,an,re,en,is,ic,ri,ra,user_id,platform_id
0,"[933565000.0, 933565000.0, 933565000.0, 933565000.0, 933565000.0]","[188091000.0, 641221000.0, 270423500.0, 300879035.71428573, 83205374.82702585]","[196550000.0, 308534000.0, 201817000.0, 228419428.57142857, 38692943.800636105]","[249834000.0, 327261000.0, 279244500.0, 283523666.6666667, 25196186.5842609]","[254660000.0, 393587000.0, 287910000.0, 311363666.6666667, 47865583.4919227]","[216702000.0, 354542000.0, 269528500.0, 279081000.0, 43903648.638809055]","[257385000.0, 440264000.0, 299382000.0, 306128000.0, 50024025.46332668]","[192877000.0, 335053000.0, 222233500.0, 243108000.0, 46522211.37263361]","[173414000.0, 360155000.0, 198301000.0, 218484250.0, 49443694.14685253]","[14916010472.09317, 14916010472.09317, 14916010472.09317, 14916010472.09317, 14916010472.09317]","[190350000.0, 415017000.0, 217451500.0, 234350833.33333334, 58660701.602284156]","[171080000.0, 281289000.0, 203215000.0, 214662812.5, 34509182.69319549]","[178164000.0, 344369000.0, 219169000.0, 231335000.0, 59080040.22002693]","[160372000.0, 343823000.0, 207709500.0, 223719500.0, 58763862.20785129]","[305578000.0, 412704000.0, 334732000.0, 346537200.0, 35600500.07738655]",[5],[1]
0,"[157425000.0, 276255000.0, 255663000.0, 236251500.0, 46561237.7976574]","[240263000.0, 275602000.0, 241448000.0, 252437666.66666666, 16386799.775700225]","[167718000.0, 205983000.0, 179501500.0, 183176000.0, 14035158.513533076]","[223196000.0, 275436000.0, 257164000.0, 253240000.0, 21975667.816928796]","[294682000.0, 457835000.0, 376258500.0, 376258500.0, 81576500.0]","[233673000.0, 307973000.0, 263536000.0, 268394000.0, 30526738.257905424]","[181727000.0, 390305000.0, 236584000.0, 261300000.0, 78089585.83895807]","[182474000.0, 187098000.0, 184786000.0, 184786000.0, 2312000.0]","[157744000.0, 257657000.0, 188369000.0, 201256666.66666666, 41794902.8497761]","[260155000.0, 284276000.0, 272215500.0, 272215500.0, 12060500.0]","[161731000.0, 410485000.0, 252691000.0, 253354800.0, 87481940.80700314]","[233372000.0, 277073000.0, 242014500.0, 248618500.0, 16832067.438374884]","[265378000.0, 265378000.0, 265378000.0, 265378000.0, 0.0]","[207933000.0, 207933000.0, 207933000.0, 207933000.0, 0.0]","[204564000.0, 204564000.0, 204564000.0, 204564000.0, 0.0]",[5],[2]
0,"[277691000.0, 313494000.0, 292458000.0, 294025250.0, 13141402.576875119]","[219193000.0, 251134000.0, 238598000.0, 236880750.0, 11439185.424998583]","[157394000.0, 591768000.0, 176582000.0, 261477600.0, 166448856.22508794]","[234685000.0, 288237000.0, 259362000.0, 259360500.0, 21761377.152729403]","[407688000.0, 407688000.0, 407688000.0, 407688000.0, 0.0]","[218803000.0, 368153000.0, 351438000.0, 315184000.0, 58730148.881132595]","[225428000.0, 736252000.0, 322178000.0, 375591833.3333333, 166634902.9499489]","[183431000.0, 207762000.0, 198145000.0, 196870750.0, 9809443.852099873]","[178444000.0, 187117000.0, 182780500.0, 182780500.0, 4336500.0]","[297904000.0, 301014000.0, 299459000.0, 299459000.0, 1555000.0]","[209822000.0, 235513000.0, 227431000.0, 225049250.0, 10744202.910756107]","[235151000.0, 1243936000.0, 292760000.0, 516151750.0, 420855848.9128879]","[231565000.0, 231565000.0, 231565000.0, 231565000.0, 0.0]","[772597000.0, 772597000.0, 772597000.0, 772597000.0, 0.0]","[400386000.0, 400386000.0, 400386000.0, 400386000.0, 0.0]",[5],[3]
0,"[206535000.0, 3659511000.0, 223068000.0, 608463777.7777778, 1078826944.2764394]","[178736000.0, 220330000.0, 194598500.0, 199363166.66666666, 16264236.168320015]","[123103000.0, 291235000.0, 148031500.0, 160925000.0, 51496793.11131908]","[193181000.0, 707346000.0, 207892000.0, 253806933.33333334, 124976526.44155043]","[206035000.0, 250106000.0, 231284000.0, 231335000.0, 14400409.674728008]","[174508000.0, 488932000.0, 227943000.0, 260304888.8888889, 97241010.43791994]","[154048000.0, 699049000.0, 260162000.0, 359217428.5714286, 171408747.60046285]","[139545000.0, 139545000.0, 139545000.0, 139545000.0, 139545000.0]","[122792000.0, 266475000.0, 164392000.0, 171512222.2222222, 43116268.55834189]","[213587000.0, 226000000.0, 219793500.0, 219793500.0, 6206500.0]","[132946000.0, 191480000.0, 154781000.0, 156983714.2857143, 18949754.003034186]","[152246000.0, 685820000.0, 219186000.0, 293447400.0, 199805654.2118866]","[189949000.0, 479873000.0, 189949000.0, 286590333.3333333, 136671484.28581905]","[162399000.0, 192369000.0, 180280000.0, 179060571.42857143, 8488200.496776063]","[307676000.0, 307676000.0, 307676000.0, 307676000.0, 307676000.0]",[12],[1]
0,"[200292000.0, 402483000.0, 211239000.0, 236170250.0, 64222845.893712156]","[136732000.0, 260766000.0, 205012000.0, 199615714.2857143, 34011501.906242944]","[128508000.0, 282806000.0, 146936500.0, 171229500.0, 55024397.53342754]","[169989000.0, 292310000.0, 199395000.0, 208486800.0, 31565635.823787868]","[197740000.0, 449425000.0, 245443000.0, 275008400.0, 78975180.0355023]","[162523000.0, 397418000.0, 187172000.0, 217454100.0, 70303455.66392878]","[154581000.0, 253088000.0, 223049000.0, 209488250.0, 37327339.62108069]","[316363000.0, 352973000.0, 334668000.0, 334668000.0, 18305000.0]","[102761000.0, 143170000.0, 122965500.0, 122965500.0, 20204500.0]","[218408000.0, 236833000.0, 223815000.0, 225717750.0, 6786422.893358474]","[184245000.0, 412046000.0, 196130000.0, 264140333.33333334, 104697589.84915662]","[173525000.0, 517071000.0, 211861500.0, 237409500.0, 86545645.15088747]","[2067133422.4505134, 2067133422.4505134, 2067133422.4505134, 2067133422.4505134, 2067133422.4505134]","[138458000.0, 207291000.0, 168149500.0, 174386875.0, 22844578.100927472]","[24793227744.322937, 24793227744.322937, 24793227744.322937, 24793227744.322937, 24793227744.322937]",[12],[2]
0,"[208096000.0, 288432000.0, 220445000.0, 227270750.0, 24921776.23961623]","[167621000.0, 195115000.0, 180436000.0, 181057333.33333334, 11232973.792465745]","[146005000.0, 428761000.0, 165168000.0, 214875500.0, 99360046.09122321]","[178832000.0, 214061000.0, 190512000.0, 193112250.0, 12481989.131845132]","[225792000.0, 292815000.0, 240408000.0, 244767142.85714287, 20871497.51235314]","[152032000.0, 253902000.0, 209898500.0, 206432750.0, 44621659.77064838]","[165762000.0, 339223000.0, 262280500.0, 261545000.0, 60574092.26723914]","[149861000.0, 272686000.0, 155411500.0, 183342500.0, 51634810.88616477]","[160761000.0, 199576000.0, 180168500.0, 180168500.0, 19407500.0]","[205652000.0, 434138000.0, 224183500.0, 266957833.33333334, 80403292.04167506]","[137029000.0, 181705000.0, 153489000.0, 156428000.0, 16820186.78552649]","[156224000.0, 265630000.0, 184272000.0, 197599500.0, 42031069.4932927]","[2067133422.4505134, 2067133422.4505134, 2067133422.4505134, 2067133422.4505134, 2067133422.4505134]","[177181000.0, 205820000.0, 191500500.0, 191500500.0, 14319500.0]","[329296000.0, 329296000.0, 329296000.0, 329296000.0, 329296000.0]",[12],[3]
0,"[498690000.0, 2519670000.0, 657816000.0, 897054857.1428572, 666851798.7153044]","[424872000.0, 908108000.0, 512368500.0, 561498000.0, 166983920.7878012]","[200158000.0, 912440000.0, 448147000.0, 467147200.0, 207912133.46738568]","[539635000.0, 539635000.0, 539635000.0, 539635000.0, 539635000.0]","[400255000.0, 1606890000.0, 580348000.0, 870325285.7142857, 473460573.4243844]","[234874000.0, 1881714000.0, 359828500.0, 431014500.0, 315012833.37389606]","[330364000.0, 713048000.0, 424496500.0, 482717000.0, 122680822.98550169]","[24165447773.4326, 24165447773.4326, 24165447773.4326, 24165447773.4326, 24165447773.4326]","[363860000.0, 980313000.0, 462805000.0, 554734000.0, 220122798.47666848]","[350140000.0, 697806000.0, 369778000.0, 472574666.6666667, 159464265.37489694]","[227796000.0, 1062016000.0, 353290000.0, 492577000.0, 261229072.83795533]","[280519000.0, 369157000.0, 328185000.0, 332358833.3333333, 30029884.145723164]","[2067133422.4505134, 2067133422.4505134, 2067133422.4505134, 2067133422.4505134, 2067133422.4505134]","[302895000.0, 946529000.0, 437840000.0, 501622666.6666667, 201147420.88384387]","[436284000.0, 1318071000.0, 592373000.0, 710186000.0, 268107031.56151512]",[13],[1]
0,"[387971000.0, 1623088000.0, 897925000.0, 827169857.1428572, 384678608.14207286]","[411214000.0, 479105000.0, 445159500.0, 445159500.0, 33945500.0]","[276105000.0, 704821000.0, 343699000.0, 411326500.0, 139836400.88242403]","[5825855551.771858, 5825855551.771858, 5825855551.771858, 5825855551.771858, 5825855551.771858]","[532765000.0, 704065000.0, 548567000.0, 595132333.3333334, 77296701.96212916]","[257832000.0, 470272000.0, 367598500.0, 364721666.6666667, 51088868.102552444]","[287561000.0, 614322000.0, 458526000.0, 459265333.3333333, 104210419.9103376]","[494706000.0, 494706000.0, 494706000.0, 494706000.0, 494706000.0]","[351094000.0, 484015000.0, 443278500.0, 434822875.0, 41447962.11346675]","[344316000.0, 344316000.0, 344316000.0, 344316000.0, 344316000.0]","[292335000.0, 389824000.0, 341079500.0, 341079500.0, 48744500.0]","[316357000.0, 682388000.0, 330207000.0, 397839111.1111111, 118845281.36797059]","[2067133422.4505134, 2067133422.4505134, 2067133422.4505134, 2067133422.4505134, 2067133422.4505134]","[245980000.0, 677804000.0, 340110000.0, 431639400.0, 169212762.2841729]","[392330000.0, 1524240000.0, 563255000.0, 653171800.0, 307059574.4305872]",[13],[2]
0,"[326566000.0, 1436023000.0, 617030000.0, 660400909.0909091, 322576656.8197267]","[217349000.0, 1277025000.0, 431845500.0, 522112875.0, 299305122.59207886]","[275708000.0, 526428000.0, 383347500.0, 394876666.6666667, 82698387.40803166]","[5825855551.771858, 5825855551.771858, 5825855551.771858, 5825855551.771858, 5825855551.771858]","[448032000.0, 916963000.0, 569816000.0, 619038333.3333334, 168201680.75425273]","[289881000.0, 469770000.0, 374536000.0, 377710739.1304348, 49909312.31327598]","[281333000.0, 504927000.0, 364613000.0, 379487142.85714287, 66212228.599575534]","[647345000.0, 647345000.0, 647345000.0, 647345000.0, 647345000.0]","[521540000.0, 736766000.0, 573923500.0, 601538250.0, 80950191.48950483]","[338716000.0, 338716000.0, 338716000.0, 338716000.0, 338716000.0]","[308049000.0, 1488841000.0, 473608000.0, 643058400.0, 437542999.20378107]","[318839000.0, 720423000.0, 367122000.0, 423521571.4285714, 131397336.31661656]","[370245000.0, 370245000.0, 370245000.0, 370245000.0, 370245000.0]","[598798000.0, 911680000.0, 732263000.0, 739013400.0, 123931727.15749587]","[377563000.0, 1036766000.0, 483174000.0, 549726933.3333334, 157784918.9584635]",[13],[3]
0,"[238034000.0, 571697000.0, 326110000.0, 348442200.0, 84672182.99040128]","[281883000.0, 354056000.0, 309963000.0, 311022250.0, 18248906.325791143]","[230719000.0, 946517000.0, 498836000.0, 491723437.5, 198545384.03409457]","[278573000.0, 955494000.0, 310137000.0, 413033000.0, 205983615.88300002]","[329116000.0, 752255000.0, 411775000.0, 450644846.15384614, 120586444.07283175]","[280431000.0, 509723000.0, 308084000.0, 351580500.0, 92031655.21846274]","[213077000.0, 1044493000.0, 286859000.0, 346670076.9230769, 215406669.24553573]","[305337000.0, 510216000.0, 448572000.0, 421375000.0, 85823884.65922526]","[183945000.0, 730526000.0, 257109000.0, 279453823.5294118, 115516285.93214506]","[230464000.0, 613804000.0, 321675000.0, 368285333.3333333, 119638554.586536]","[263333000.0, 806601000.0, 314406000.0, 401406700.0, 200682628.4734431]","[231788000.0, 495972000.0, 304519500.0, 328314428.5714286, 76673249.10732211]","[445536000.0, 462196000.0, 453866000.0, 453866000.0, 8330000.0]","[296560000.0, 296560000.0, 296560000.0, 296560000.0, 296560000.0]","[221121000.0, 384782000.0, 226368000.0, 277423666.6666667, 75944021.28907551]",[15],[1]
0,"[290586000.0, 430037000.0, 342331000.0, 350946625.0, 46369965.98806576]","[285147000.0, 489254000.0, 318783000.0, 334610833.3333333, 62116275.18725579]","[215834000.0, 918787000.0, 513491500.0, 533244333.3333333, 257513004.97946808]","[278408000.0, 437554000.0, 310554000.0, 331031454.54545456, 45907167.34169996]","[328504000.0, 1487102000.0, 395528500.0, 548315428.5714285, 376976425.44854075]","[252134000.0, 345612000.0, 286366500.0, 290874166.6666667, 28886905.103735536]","[200669000.0, 2084998000.0, 281370500.0, 459622700.0, 543736893.4365314]","[205296000.0, 842783000.0, 326606000.0, 458228333.3333333, 276394341.1942839]","[200972000.0, 366988000.0, 242763000.0, 257620000.0, 49207824.19493876]","[238285000.0, 1143049000.0, 319003000.0, 425731750.0, 251474772.31262684]","[279143000.0, 493940000.0, 315622000.0, 329606285.71428573, 69529475.68727192]","[251894000.0, 529088000.0, 329047000.0, 362211583.3333333, 90543910.37084192]","[562393000.0, 562393000.0, 562393000.0, 562393000.0, 562393000.0]","[532713000.0, 1295391000.0, 685433000.0, 837845666.6666666, 329486113.65916806]","[275617000.0, 275617000.0, 275617000.0, 275617000.0, 275617000.0]",[15],[2]
0,"[207904000.0, 393679000.0, 306797000.0, 307512714.28571427, 58482186.06358273]","[274949000.0, 636211000.0, 319478000.0, 354794952.38095236, 94350894.84496346]","[193248000.0, 1296387000.0, 519786000.0, 547923857.1428572, 330807497.3133074]","[275400000.0, 417421000.0, 289230000.0, 311503666.6666667, 46292454.61915653]","[312799000.0, 607790000.0, 400661000.0, 436414533.3333333, 99112773.98254755]","[278471000.0, 380096000.0, 326673500.0, 328313000.0, 37878782.050993495]","[182228000.0, 743141000.0, 247076500.0, 290789250.0, 131081968.23958091]","[243046000.0, 605239000.0, 331928000.0, 362205000.0, 110784001.48136112]","[169965000.0, 344866000.0, 241962000.0, 262601111.1111111, 54235730.70391561]","[218185000.0, 811300000.0, 293053000.0, 353245250.0, 169942457.3942236]","[210668000.0, 952455000.0, 362443500.0, 479560250.0, 274732520.8688216]","[233924000.0, 355475000.0, 307017500.0, 302591812.5, 26099289.064117122]","[374208000.0, 669138000.0, 492704000.0, 532250600.0, 114494108.78049578]","[226495000.0, 323392000.0, 289092000.0, 288477857.14285713, 29304754.60900291]","[248751000.0, 276296000.0, 264616500.0, 263570000.0, 9861740.034091348]",[15],[3]
0,"[172561000.0, 344454000.0, 223261000.0, 244549909.0909091, 53472358.65286687]","[247405000.0, 684523000.0, 300871000.0, 334239117.64705884, 116864446.70234391]","[168718000.0, 1085816000.0, 277110000.0, 361165529.4117647, 211050293.36465743]","[284088000.0, 930855000.0, 319597000.0, 364161333.3333333, 171712444.88113132]","[207577000.0, 660255000.0, 307906000.0, 323604117.64705884, 100118231.64338213]","[161218000.0, 615790000.0, 230944000.0, 252499933.33333334, 105610762.05416861]","[178854000.0, 978968000.0, 335928000.0, 418141083.3333333, 237783674.5116095]","[234184000.0, 652051000.0, 407268500.0, 425231166.6666667, 121614782.67863747]","[199292000.0, 887364000.0, 304162000.0, 378205681.8181818, 179382284.8151112]","[179156000.0, 337055000.0, 236197000.0, 233969285.7142857, 51317612.06924769]","[241132000.0, 1217983000.0, 352349000.0, 523249727.27272725, 332272092.4248381]","[213405000.0, 1048490000.0, 291267000.0, 341461103.44827586, 154595420.60071975]","[371340000.0, 751888000.0, 486917500.0, 524265750.0, 142264313.57577872]","[259350000.0, 491451000.0, 386040500.0, 380720500.0, 106432490.98019834]","[222962000.0, 366695000.0, 294828500.0, 294828500.0, 71866500.0]",[17],[1]
0,"[181606000.0, 690527000.0, 267219000.0, 312441545.45454544, 136567143.0504981]","[232104000.0, 799114000.0, 276372000.0, 317626058.8235294, 127069355.57610242]","[213944000.0, 1286575000.0, 350274500.0, 419102428.5714286, 266976138.3483321]","[254700000.0, 1301067000.0, 303612000.0, 427614090.90909094, 296332609.97935]","[215424000.0, 484608000.0, 313720000.0, 324148666.6666667, 75018572.64319432]","[85651000.0, 1237632000.0, 270373000.0, 351081117.64705884, 264381027.0141278]","[143646000.0, 1880848000.0, 357213000.0, 568817166.6666666, 476994468.45479476]","[243906000.0, 2242078000.0, 494888500.0, 583773583.3333334, 511797729.20208395]","[124976000.0, 1614788000.0, 339996000.0, 447514611.1111111, 341922427.18847775]","[151159000.0, 273895000.0, 222467000.0, 214853000.0, 37375405.752217025]","[246623000.0, 927972000.0, 414774000.0, 489239000.0, 211512137.87607813]","[203498000.0, 477653000.0, 289386000.0, 302404080.0, 63812994.129358955]","[356287000.0, 611095000.0, 536764000.0, 501382000.0, 106991257.14748846]","[282005000.0, 399270000.0, 317687500.0, 329162500.0, 45276165.35496353]","[218986000.0, 218986000.0, 218986000.0, 218986000.0, 218986000.0]",[17],[2]
0,"[198790000.0, 508903000.0, 257235000.0, 282086200.0, 87518100.92523718]","[214774000.0, 482010000.0, 282534000.0, 281333000.0, 60566090.82161209]","[201229000.0, 711617000.0, 349568000.0, 354829750.0, 128546070.57807134]","[248933000.0, 574714000.0, 324683500.0, 361686785.71428573, 108860650.4476372]","[198783000.0, 2828463000.0, 281540000.0, 423881529.4117647, 602771476.4925054]","[158928000.0, 548678000.0, 260207000.0, 269383117.64705884, 93802738.79789524]","[173427000.0, 425916000.0, 294889500.0, 277878916.6666667, 75629780.4334359]","[187400000.0, 862133000.0, 490045000.0, 484096300.0, 207242336.0619398]","[200838000.0, 936169000.0, 308434000.0, 375401333.3333333, 208856727.50183982]","[140120000.0, 239268000.0, 162491000.0, 185881800.0, 43107192.48756523]","[248663000.0, 627484000.0, 332363000.0, 405494666.6666667, 131401514.57946663]","[214185000.0, 933106000.0, 263870000.0, 311665903.2258065, 133930718.31971855]","[401311000.0, 600737000.0, 429672000.0, 477240000.0, 88089796.37090023]","[215313000.0, 301596000.0, 246559000.0, 258170400.0, 34594176.40355093]","[253794000.0, 317874000.0, 285834000.0, 285834000.0, 32040000.0]",[17],[3]
0,"[292936000.0, 368331000.0, 330633500.0, 330633500.0, 37697500.0]","[359327000.0, 392361000.0, 375844000.0, 375844000.0, 16517000.0]","[272958000.0, 453150000.0, 327983000.0, 354878285.71428573, 58664754.148866415]","[247818000.0, 522347000.0, 385082500.0, 385082500.0, 137264500.0]","[310664000.0, 696569000.0, 384811000.0, 425007727.27272725, 122888097.05588467]","[200528000.0, 310062000.0, 237426000.0, 249482100.0, 33944692.87370266]","[323953000.0, 3188148000.0, 393967000.0, 669677200.0, 840901574.1997157]","[173704000.0, 512798000.0, 328431000.0, 346703444.4444444, 98037167.05539237]","[234625000.0, 415471000.0, 343164500.0, 331288500.0, 54482465.753518656]","[14916010472.09317, 14916010472.09317, 14916010472.09317, 14916010472.09317, 14916010472.09317]","[235513000.0, 376247000.0, 274679000.0, 286439083.3333333, 41830597.79327873]","[274258000.0, 520554000.0, 349183500.0, 373294750.0, 93902681.40307549]","[2067133422.4505134, 2067133422.4505134, 2067133422.4505134, 2067133422.4505134, 2067133422.4505134]","[178203000.0, 678812000.0, 244324000.0, 352445444.4444444, 170231204.64703363]","[314050000.0, 953464000.0, 352688000.0, 440522285.71428573, 214590629.20341688]",[18],[1]
0,"[309669000.0, 849206000.0, 470809500.0, 496485000.0, 175779146.90410048]","[290272000.0, 290272000.0, 290272000.0, 290272000.0, 290272000.0]","[289566000.0, 715147000.0, 368705000.0, 431372125.0, 161552848.38052028]","[288986000.0, 288986000.0, 288986000.0, 288986000.0, 288986000.0]","[295130000.0, 609505000.0, 406786000.0, 445487857.14285713, 109041214.36991294]","[198507000.0, 857422000.0, 270823000.0, 290481807.6923077, 118758772.0316399]","[247631000.0, 908793000.0, 374819000.0, 422470157.8947368, 150064835.30031914]","[164487000.0, 639538000.0, 340234500.0, 364036875.0, 128716722.33866653]","[175135000.0, 363743000.0, 325933000.0, 308225714.28571427, 59726196.63027579]","[350525000.0, 350525000.0, 350525000.0, 350525000.0, 350525000.0]","[184990000.0, 639185000.0, 296399000.0, 311857923.0769231, 107592735.17687073]","[184579000.0, 521277000.0, 332963000.0, 321843214.28571427, 84229633.32646787]","[2067133422.4505134, 2067133422.4505134, 2067133422.4505134, 2067133422.4505134, 2067133422.4505134]","[223843000.0, 569950000.0, 442175000.0, 423094571.4285714, 115926020.09638627]","[262655000.0, 696103000.0, 278331000.0, 336859000.0, 146914133.4473012]",[18],[2]
0,"[346838000.0, 451365000.0, 390407000.0, 396203333.3333333, 42869348.35313247]","[266848000.0, 306651000.0, 286749500.0, 286749500.0, 19901500.0]","[224891000.0, 544035000.0, 348665000.0, 376156428.5714286, 108063812.69265614]","[339591000.0, 339591000.0, 339591000.0, 339591000.0, 339591000.0]","[254058000.0, 691012000.0, 459075500.0, 446316200.0, 125872344.58911139]","[204442000.0, 312735000.0, 240831500.0, 244944375.0, 29225951.58175992]","[303460000.0, 771344000.0, 386165000.0, 431635600.0, 124810128.40807432]","[220774000.0, 1038301000.0, 304645000.0, 361968642.85714287, 191683527.54199788]","[290592000.0, 954484000.0, 369428000.0, 495983000.0, 269253726.6139505]","[14916010472.09317, 14916010472.09317, 14916010472.09317, 14916010472.09317, 14916010472.09317]","[163040000.0, 458156000.0, 292480000.0, 303590000.0, 74564870.40943927]","[229059000.0, 482171000.0, 339956000.0, 342083727.27272725, 62392803.18651403]","[300270000.0, 300270000.0, 300270000.0, 300270000.0, 300270000.0]","[219535000.0, 448349000.0, 272560000.0, 306366000.0, 75629858.39317319]","[310345000.0, 457862000.0, 380269000.0, 382825333.3333333, 60250684.37969997]",[18],[3]
0,"[209227000.0, 321875000.0, 240249000.0, 242623875.0, 28372057.404414207]","[200498000.0, 329530000.0, 239006500.0, 244057692.30769232, 27531562.587704863]","[191688000.0, 301799000.0, 208554500.0, 222338833.33333334, 38787041.42458177]","[238723000.0, 753733000.0, 285911000.0, 311230600.0, 121034369.93008777]","[220336000.0, 474666000.0, 269876000.0, 321367222.2222222, 92275556.75352405]","[158621000.0, 641943000.0, 333634500.0, 340521000.0, 132493772.70800315]","[177800000.0, 3059977000.0, 213543000.0, 358805347.82608694, 579499645.4885517]","[332396000.0, 349832000.0, 341114000.0, 341114000.0, 8718000.0]","[123203000.0, 357178000.0, 212225000.0, 214259517.24137932, 48863068.78277696]","[184384000.0, 419848000.0, 212683000.0, 234738310.3448276, 53570599.8686126]","[172737000.0, 1019122000.0, 228284000.0, 348406454.54545456, 239072050.74597132]","[175300000.0, 517247000.0, 236287000.0, 267274400.0, 95267596.99520084]","[272653000.0, 311263000.0, 309620000.0, 297574600.0, 15899431.695504088]","[193340000.0, 10339235000.0, 290613000.0, 1723633857.142857, 3518328657.503504]","[287238000.0, 610144000.0, 340133500.0, 414740166.6666667, 141356322.8186329]",[19],[1]
0,"[187450000.0, 405032000.0, 243271500.0, 255149888.8888889, 48041107.72023949]","[205614000.0, 315785000.0, 248316000.0, 249696260.86956522, 24783246.839991465]","[175327000.0, 317859000.0, 234721500.0, 240341000.0, 36996562.16799069]","[256043000.0, 350738000.0, 282250500.0, 293833083.3333333, 32647005.780158803]","[183386000.0, 387145000.0, 238114000.0, 262947727.27272728, 60734912.408673614]","[209355000.0, 984967000.0, 323835500.0, 410545333.3333333, 261495924.9489156]","[144372000.0, 596899000.0, 204153500.0, 258828125.0, 144529674.3565465]","[166223000.0, 397528000.0, 201803000.0, 227549857.14285713, 71873488.45501989]","[149226000.0, 853632000.0, 215800000.0, 263760722.2222222, 152138283.33781868]","[189305000.0, 834856000.0, 225568000.0, 305806176.4705882, 194935745.36007118]","[161718000.0, 418945000.0, 237557000.0, 244707500.0, 69672409.06449267]","[127923000.0, 240937000.0, 190170000.0, 191289476.19047618, 26269005.956901353]","[267456000.0, 348858000.0, 311986000.0, 310071500.0, 31187358.38845605]","[213255000.0, 372974000.0, 255713000.0, 274413750.0, 60273049.57597135]","[274681000.0, 388041000.0, 340871000.0, 342518400.0, 41624106.35965654]",[19],[2]
0,"[216211000.0, 256031000.0, 223878000.0, 232040000.0, 17250541.69197787]","[218027000.0, 356463000.0, 236047000.0, 251690181.8181818, 37817952.56661284]","[236018000.0, 258135000.0, 254734000.0, 249629000.0, 9724066.056268163]","[241246000.0, 380727000.0, 263082500.0, 285130000.0, 49769340.69083094]","[214862000.0, 958793000.0, 481341000.0, 534084250.0, 269369143.41417706]","[150963000.0, 366385000.0, 272790000.0, 268854600.0, 68770024.7858033]","[161575000.0, 444395000.0, 210903000.0, 252723571.42857143, 100799751.7270995]","[190474000.0, 475072000.0, 226630000.0, 267984800.0, 105172332.02587076]","[167717000.0, 356532000.0, 214037000.0, 220882526.31578946, 46300637.175754786]","[183038000.0, 369750000.0, 204116000.0, 214581428.57142857, 44589444.461528726]","[144744000.0, 334183000.0, 201393500.0, 210072125.0, 55303973.020564936]","[152502000.0, 226990000.0, 197528000.0, 194444571.42857143, 26289730.759133976]","[216850000.0, 730774000.0, 217326000.0, 388316666.6666667, 242153980.63950044]","[249950000.0, 593229000.0, 302077000.0, 341871000.0, 127944593.2003381]","[385234000.0, 385234000.0, 385234000.0, 385234000.0, 385234000.0]",[19],[3]
0,"[185473000.0, 1792550000.0, 374918000.0, 538773612.9032258, 430235895.40073186]","[203685000.0, 804714000.0, 290898500.0, 308538485.71428573, 92592548.7265491]","[216326000.0, 463474000.0, 286804000.0, 305409318.1818182, 73360373.57914343]","[209915000.0, 457743000.0, 281733500.0, 302502250.0, 68742914.78657395]","[250140000.0, 7061918000.0, 405979000.0, 810462833.3333334, 1358091839.1664052]","[272334000.0, 812249000.0, 350717000.0, 385658847.82608694, 125091811.84112024]","[230265000.0, 2686005000.0, 330083000.0, 446154896.55172414, 438551063.44394714]","[220707000.0, 582255000.0, 305561000.0, 337615071.4285714, 111678704.17820701]","[216567000.0, 691079000.0, 290000000.0, 340348933.3333333, 135733278.288201]","[218960000.0, 1082450000.0, 297133000.0, 416483307.6923077, 249162035.29920802]","[202586000.0, 725200000.0, 286002000.0, 322829000.0, 143239873.06745616]","[198041000.0, 1024658000.0, 281317500.0, 332758472.2222222, 163354376.32941288]","[378935000.0, 942972000.0, 427575000.0, 520892000.0, 213265294.59712848]","[230956000.0, 779095000.0, 366135500.0, 387507687.5, 130711819.16085416]","[247692000.0, 836618000.0, 299914000.0, 427638769.2307692, 220716631.0202898]",[20],[1]
0,"[251467000.0, 1067141000.0, 374918000.0, 498833333.3333333, 252147962.46295986]","[223505000.0, 1122537000.0, 289301000.0, 309624564.516129, 116625232.72522795]","[227187000.0, 417510000.0, 296569000.0, 303107680.0, 50877636.90559537]","[231280000.0, 346752000.0, 274330000.0, 276520811.3207547, 27643626.13972847]","[258721000.0, 2099716000.0, 440322000.0, 534498000.0, 329831767.0686451]","[258970000.0, 753845000.0, 346193000.0, 371650560.4395604, 90941067.03180753]","[230265000.0, 2686005000.0, 322761000.0, 523236250.0, 572591112.2079722]","[236658000.0, 1004071000.0, 378043000.0, 450648518.5185185, 197786973.1386796]","[206589000.0, 492630000.0, 261923000.0, 276364176.4705882, 62339757.90799706]","[231977000.0, 1278529000.0, 371851000.0, 488009515.1515151, 255568495.0015175]","[182793000.0, 1096257000.0, 314307500.0, 361296116.6666667, 155994007.17143926]","[206432000.0, 1141850000.0, 289446000.0, 325837187.9194631, 136877759.84610564]","[378935000.0, 984706000.0, 446737500.0, 598194333.3333334, 260345908.21998507]","[140497000.0, 779095000.0, 297414500.0, 338523625.0, 125840131.40184802]","[247692000.0, 834385000.0, 446136000.0, 440508454.54545456, 129375430.66761073]",[20],[2]
0,"[4826414340.694454, 4826414340.694454, 4826414340.694454, 4826414340.694454, 4826414340.694454]","[242494000.0, 842813000.0, 288207000.0, 352766250.0, 186692934.43362418]","[200441000.0, 407154000.0, 244114000.0, 283903000.0, 88956691.64636613]","[283505000.0, 307421000.0, 301345000.0, 297423666.6666667, 10149758.792974126]","[606087000.0, 1129581000.0, 867834000.0, 867834000.0, 261747000.0]","[299315000.0, 516152000.0, 365080500.0, 378920250.0, 64234713.21531813]","[267597000.0, 350454000.0, 306621000.0, 308224000.0, 33845214.52140612]","[224348000.0, 580841000.0, 266939000.0, 308897230.7692308, 98650688.00661004]","[181762000.0, 357311000.0, 265789000.0, 276403714.28571427, 59866931.99496527]","[348812000.0, 348812000.0, 348812000.0, 348812000.0, 348812000.0]","[206170000.0, 786837000.0, 364196000.0, 385972500.0, 147484008.22110945]","[231213000.0, 546544000.0, 312997000.0, 332380545.45454544, 86088693.98830238]","[2067133422.4505134, 2067133422.4505134, 2067133422.4505134, 2067133422.4505134, 2067133422.4505134]","[324560000.0, 356740000.0, 340650000.0, 340650000.0, 16090000.0]","[313392000.0, 600782000.0, 458112000.0, 462066166.6666667, 89252657.9929447]",[20],[3]
0,"[246105000.0, 389641000.0, 294300000.0, 298542080.0, 33733695.45118945]","[244892000.0, 896571000.0, 296270500.0, 345531883.3333333, 142050722.1176168]","[178022000.0, 467189000.0, 262317000.0, 276299181.8181818, 74138370.79324062]","[264245000.0, 504581000.0, 313318000.0, 333424161.2903226, 60239816.2155535]","[258132000.0, 357196000.0, 294698000.0, 299306260.8695652, 31509368.473267134]","[142536000.0, 473458000.0, 216059000.0, 248923222.2222222, 89634160.05624002]","[134198000.0, 408852000.0, 210854000.0, 223990370.37037036, 65487614.45418411]","[166170000.0, 524895000.0, 207549000.0, 238569941.17647058, 84154338.4065468]","[178012000.0, 756322000.0, 222044000.0, 246275689.6551724, 102204608.26478845]","[181676000.0, 765758000.0, 271405000.0, 297262777.7777778, 99557955.25000365]","[147324000.0, 1088105000.0, 224263000.0, 282046758.62068963, 224622158.4392494]","[117700000.0, 319610000.0, 191290500.0, 195451800.0, 41035844.621013954]","[193486000.0, 388758000.0, 241458000.0, 255924500.0, 52168184.67945765]","[172095000.0, 421899000.0, 231737000.0, 249707272.72727272, 65984992.547329076]","[168883000.0, 451269000.0, 374960000.0, 349556818.1818182, 83484962.95503344]",[21],[1]
0,"[228262000.0, 974073000.0, 287086000.0, 333649270.2702703, 163087072.26536724]","[226401000.0, 615086000.0, 274682000.0, 288246547.1698113, 59952622.343567386]","[146159000.0, 584760000.0, 275309000.0, 270138703.7037037, 93454941.39634186]","[236709000.0, 630703000.0, 284328000.0, 310716800.0, 76013315.95082535]","[257631000.0, 632177000.0, 300952000.0, 310176903.2258065, 64756561.93894117]","[127725000.0, 800664000.0, 206362000.0, 253123837.83783785, 144845680.45962414]","[133492000.0, 623711000.0, 200659000.0, 222169632.6530612, 102102659.62589507]","[141178000.0, 833178000.0, 204560500.0, 246592227.27272728, 150893033.52523717]","[159184000.0, 1784959000.0, 202918000.0, 277269771.4285714, 275307147.6770301]","[227711000.0, 529751000.0, 271216500.0, 291626842.1052632, 69242379.62158205]","[119373000.0, 439783000.0, 214771000.0, 237663560.0, 80954137.18943831]","[139170000.0, 495223000.0, 205316000.0, 218668756.75675675, 67232362.71377029]","[144597000.0, 460872000.0, 231218000.0, 255769500.0, 91150007.92649445]","[163761000.0, 531638000.0, 206875000.0, 233479117.6470588, 81008050.44154006]","[328858000.0, 511017000.0, 355727000.0, 389233500.0, 64023609.53781035]",[21],[2]
0,"[245205000.0, 625486000.0, 307925000.0, 336353214.28571427, 99554255.08247003]","[246556000.0, 325914000.0, 271535000.0, 276562535.71428573, 21368751.59880852]","[181414000.0, 325285000.0, 294396000.0, 280829375.0, 41328689.804836236]","[253954000.0, 720492000.0, 282981000.0, 322609615.38461536, 119612186.5617498]","[252048000.0, 621838000.0, 286474000.0, 333753142.85714287, 121031077.60574621]","[152934000.0, 349979000.0, 192315000.0, 216117692.30769232, 63658786.18720594]","[135916000.0, 488876000.0, 205527500.0, 240909437.5, 98823931.21226302]","[201559000.0, 1117677000.0, 206356000.0, 508530666.6666667, 430735954.97499645]","[131583000.0, 281437000.0, 205731500.0, 206668125.0, 39172146.36683028]","[160551000.0, 420907000.0, 281808500.0, 286319642.85714287, 54501574.936099835]","[149907000.0, 772742000.0, 216111500.0, 276400062.5, 157382955.64063978]","[159361000.0, 269577000.0, 176960000.0, 191075000.0, 34756397.00178162]","[160274000.0, 312571000.0, 195134000.0, 219408200.0, 54796600.22446648]","[137719000.0, 494211000.0, 195408500.0, 248910000.0, 121120389.06311357]","[349713000.0, 400899000.0, 364000000.0, 373021400.0, 22189580.497161273]",[21],[3]
0,"[251185000.0, 530635000.0, 363056500.0, 381519571.4285714, 71495007.58466014]","[310260000.0, 493080000.0, 370348000.0, 383589347.82608694, 46244483.062362194]","[315672000.0, 869540000.0, 546474000.0, 554724333.3333334, 147678412.5922871]","[327714000.0, 554207000.0, 397895000.0, 414850368.42105263, 61777201.70879812]","[322087000.0, 2933176000.0, 421646000.0, 547527347.826087, 520357032.2055733]","[244525000.0, 403752000.0, 314518000.0, 323364928.5714286, 40490210.47375753]","[239079000.0, 583540000.0, 341220500.0, 374165800.0, 129099258.24635865]","[299573000.0, 2049159000.0, 377859500.0, 642522500.0, 629996937.6305863]","[248060000.0, 392566000.0, 315377000.0, 304446250.0, 42337246.38566889]","[278029000.0, 442326000.0, 318759000.0, 338646588.2352941, 50213781.357733004]","[213233000.0, 965369000.0, 333393000.0, 416917625.0, 188252635.11398554]","[334184000.0, 443916000.0, 396574000.0, 397836818.1818182, 35287348.087634064]","[392472000.0, 1123719000.0, 504670500.0, 631383000.0, 289183928.4927501]","[280926000.0, 639863000.0, 329766000.0, 421727363.6363636, 149891860.61732075]","[310926000.0, 401038000.0, 343907500.0, 352707166.6666667, 36781967.69440458]",[22],[1]
0,"[269683000.0, 489412000.0, 384416000.0, 392759333.3333333, 66566835.79681402]","[312429000.0, 2438048000.0, 408703000.0, 533266187.5, 494176999.1737802]","[492403000.0, 731116000.0, 527935000.0, 562488333.3333334, 77045039.15099128]","[356533000.0, 445240000.0, 390858000.0, 399005833.3333333, 28529866.721365683]","[391739000.0, 579248000.0, 447297000.0, 462227444.4444444, 56101830.68534318]","[223417000.0, 442942000.0, 317419000.0, 332215428.5714286, 61418282.93375363]","[243678000.0, 3341873000.0, 421377000.0, 868385285.7142857, 1021740760.5293336]","[270077000.0, 384065000.0, 327071000.0, 327071000.0, 56994000.0]","[231111000.0, 385513000.0, 272605000.0, 277640571.4285714, 48065364.390163355]","[281759000.0, 590675000.0, 395610500.0, 401061375.0, 87473690.09298952]","[160858000.0, 481297000.0, 265193500.0, 277207583.3333333, 81485272.82629904]","[253053000.0, 588305000.0, 329970500.0, 351808857.14285713, 85154796.4112224]","[467726000.0, 474254000.0, 470990000.0, 470990000.0, 3264000.0]","[248119000.0, 634927000.0, 342832000.0, 377257555.5555556, 102398825.0139957]","[295703000.0, 428704000.0, 399201500.0, 380702500.0, 52161707.24056106]",[22],[2]
0,"[260680000.0, 485048000.0, 408929000.0, 387554818.1818182, 69626974.97485267]","[309985000.0, 524347000.0, 355145500.0, 377147562.5, 66325100.22793855]","[430026000.0, 556677000.0, 526730000.0, 508668800.0, 43846016.94749478]","[337923000.0, 520557000.0, 404119000.0, 413880000.0, 52846519.075947136]","[344322000.0, 503494000.0, 387972500.0, 407752000.0, 54312535.08859626]","[410868000.0, 410868000.0, 410868000.0, 410868000.0, 410868000.0]","[235332000.0, 665210000.0, 314850500.0, 389290200.0, 157887471.4053018]","[369176000.0, 1110932000.0, 507914500.0, 623984250.0, 294181148.09278226]","[198333000.0, 384241000.0, 328771000.0, 310858571.4285714, 54758337.77049624]","[264887000.0, 539928000.0, 344986000.0, 367740888.8888889, 73811534.74964984]","[207975000.0, 1093392000.0, 332552000.0, 389403222.2222222, 255343780.62168038]","[251046000.0, 411726000.0, 312476000.0, 323452142.85714287, 50181589.46246713]","[2067133422.4505134, 2067133422.4505134, 2067133422.4505134, 2067133422.4505134, 2067133422.4505134]","[324406000.0, 1151509000.0, 376534000.0, 557245750.0, 343767015.7856735]","[320644000.0, 4984499000.0, 373334500.0, 1512953000.0, 2004423688.4011073]",[22],[3]
0,"[535144000.0, 4149456000.0, 567132000.0, 1750577333.3333333, 1696313640.6292586]","[131120000.0, 543249000.0, 247713000.0, 265184604.6511628, 74447045.2975897]","[163840000.0, 1328619000.0, 267573000.0, 399830578.94736844, 322907650.61193186]","[215909000.0, 542874000.0, 275236000.0, 295781333.3333333, 76168359.1228032]","[327908000.0, 1005484000.0, 422452000.0, 457828210.5263158, 155483360.89166003]","[248996000.0, 873069000.0, 339582500.0, 397605666.6666667, 174688088.93583888]","[262527000.0, 689531000.0, 386512500.0, 412052214.28571427, 119356255.89336593]","[192695000.0, 2087348000.0, 267120500.0, 415052714.28571427, 470776404.44716865]","[183498000.0, 331583000.0, 237533000.0, 249591250.0, 48520541.1571996]","[406816000.0, 888990000.0, 598862000.0, 623382500.0, 216479129.51887533]","[155377000.0, 628768000.0, 233740000.0, 268489705.88235295, 115185356.28167768]","[160343000.0, 361009000.0, 232613000.0, 243507000.0, 54416573.12460056]","[219833000.0, 415308000.0, 252136000.0, 286082285.71428573, 60971850.96821152]","[178810000.0, 525906000.0, 235343000.0, 265957727.27272728, 96615448.61515386]","[271108000.0, 296879000.0, 283993500.0, 283993500.0, 12885500.0]",[23],[1]
0,"[695301000.0, 1084804000.0, 890052500.0, 890052500.0, 194751500.0]","[178895000.0, 314264000.0, 228899500.0, 230489633.33333334, 31299262.36668987]","[166273000.0, 645783000.0, 216078000.0, 265472120.0, 122036552.90291348]","[197773000.0, 837068000.0, 257998500.0, 335442708.3333333, 145222163.77688336]","[268643000.0, 588912000.0, 380979000.0, 378843225.8064516, 85922317.72821146]","[228828000.0, 402764000.0, 309963000.0, 301991363.6363636, 57662902.62027261]","[205701000.0, 619104000.0, 357503000.0, 350966944.4444444, 99300276.30065186]","[197183000.0, 820405000.0, 264578000.0, 375431380.95238096, 196125956.32653454]","[165731000.0, 595658000.0, 242585000.0, 277601947.3684211, 105618212.60682453]","[280630000.0, 300940000.0, 290785000.0, 290785000.0, 10155000.0]","[176846000.0, 601145000.0, 248246000.0, 308085500.0, 136787985.65795574]","[182701000.0, 591283000.0, 201273500.0, 252909875.0, 114471123.23686431]","[203720000.0, 626203000.0, 294951000.0, 381094000.0, 142918506.46634755]","[167984000.0, 488346000.0, 225897000.0, 255328333.33333334, 87297939.12395005]","[566771000.0, 566771000.0, 566771000.0, 566771000.0, 566771000.0]",[23],[2]
0,"[421004000.0, 482380000.0, 451692000.0, 451692000.0, 30688000.0]","[172241000.0, 305607000.0, 219224500.0, 217617090.9090909, 25806486.39376805]","[174858000.0, 1399382000.0, 219629000.0, 339532714.28571427, 267092052.5397908]","[188519000.0, 302525000.0, 243916000.0, 244511631.57894737, 28667815.982039083]","[263344000.0, 1752074000.0, 384818000.0, 494642043.4782609, 322075944.1122244]","[255090000.0, 574084000.0, 293756000.0, 331214857.14285713, 102942708.50946805]","[281894000.0, 1016446000.0, 392339500.0, 448374666.6666667, 193764385.17450917]","[117320000.0, 1072998000.0, 276042000.0, 433410916.6666667, 327426296.51380026]","[162880000.0, 383965000.0, 235102500.0, 253311642.85714287, 68459501.74749525]","[215146000.0, 394199000.0, 241920000.0, 283755000.0, 78856915.23681779]","[164523000.0, 717458000.0, 240539500.0, 296044142.85714287, 147050000.4594439]","[176059000.0, 282973000.0, 205044000.0, 219164636.36363637, 37033165.18589722]","[196974000.0, 340130000.0, 240772000.0, 247923166.66666666, 46706252.113311574]","[171809000.0, 515569000.0, 198066000.0, 276382454.54545456, 118406820.82884157]","[319631000.0, 319631000.0, 319631000.0, 319631000.0, 319631000.0]",[23],[3]
0,"[227165000.0, 1107140000.0, 289144500.0, 342348300.0, 186161696.87132204]","[252539000.0, 404639000.0, 300175500.0, 314827500.0, 40266928.696060695]","[201365000.0, 385123000.0, 271568000.0, 281200100.0, 63489453.66192719]","[261914000.0, 1614028000.0, 333722000.0, 403945708.3333333, 262077022.6667597]","[272924000.0, 516778000.0, 326703000.0, 370704800.0, 87963426.25750773]","[135010000.0, 498231000.0, 330330000.0, 314141384.61538464, 104295613.81553763]","[314661000.0, 651733000.0, 450290000.0, 456852928.5714286, 80781295.29915439]","[310166000.0, 338429000.0, 311910000.0, 320168333.3333333, 12931855.869217776]","[138826000.0, 1490175000.0, 295078500.0, 376472071.4285714, 319331695.68657964]","[255814000.0, 708851000.0, 341358000.0, 391663636.3636364, 136468754.95296797]","[182198000.0, 338640000.0, 239662500.0, 256610166.66666666, 48345592.28070561]","[251565000.0, 623447000.0, 356361000.0, 377985333.3333333, 99990649.12725033]","[301809000.0, 377799000.0, 338748500.0, 337801666.6666667, 31087919.1952258]","[283505000.0, 312558000.0, 298031500.0, 298031500.0, 14526500.0]","[369307000.0, 440885000.0, 386422000.0, 398871333.3333333, 30518758.672149315]",[24],[1]
0,"[219587000.0, 436883000.0, 267398500.0, 291440055.5555556, 61887165.58335305]","[229123000.0, 474953000.0, 293516000.0, 298531857.14285713, 49887877.24515056]","[211108000.0, 320775000.0, 258293500.0, 260760125.0, 34982107.21367961]","[266593000.0, 401719000.0, 307975000.0, 314679473.68421054, 31731059.062008563]","[304176000.0, 399428000.0, 346755500.0, 349278750.0, 33919612.30155056]","[152345000.0, 714073000.0, 276904500.0, 295921200.0, 156814881.41295776]","[176144000.0, 519370000.0, 369627000.0, 336346846.15384614, 104890681.80351913]","[213648000.0, 240410000.0, 227029000.0, 227029000.0, 13381000.0]","[196242000.0, 422793000.0, 261167000.0, 282973090.90909094, 72158651.58165474]","[226371000.0, 1560488000.0, 267589000.0, 406416200.0, 387250298.6213955]","[168729000.0, 2592354000.0, 210739000.0, 428465545.45454544, 684861727.5078051]","[243249000.0, 408875000.0, 271825000.0, 289362714.28571427, 52955745.08887933]","[271761000.0, 379043000.0, 309896500.0, 310720333.3333333, 34197290.39785982]","[215704000.0, 288802000.0, 229024000.0, 244510000.0, 31787749.71588898]","[347144000.0, 377669000.0, 368422000.0, 365414250.0, 11373675.975141019]",[24],[2]
0,"[216833000.0, 507011000.0, 269189500.0, 286871571.4285714, 70168546.77205479]","[230398000.0, 4912583000.0, 293790000.0, 504627727.27272725, 962365542.4254994]","[180518000.0, 1278711000.0, 265968000.0, 381197888.8888889, 323257140.66614884]","[295415000.0, 988625000.0, 318514000.0, 357177388.8888889, 154462069.55435836]","[309896000.0, 473590000.0, 367767000.0, 388865200.0, 60263645.62287947]","[173030000.0, 305939000.0, 204179000.0, 218325200.0, 43270685.20326435]","[142548000.0, 423223000.0, 358391000.0, 321459461.53846157, 92149396.18034601]","[206695000.0, 336192000.0, 271443500.0, 271443500.0, 64748500.0]","[204831000.0, 597728000.0, 351909500.0, 372701300.0, 123082065.38732603]","[197588000.0, 273845000.0, 246878500.0, 244320375.0, 25486369.135959227]","[162634000.0, 548848000.0, 240602000.0, 270980777.7777778, 104714736.45499714]","[241939000.0, 397537000.0, 291053500.0, 302207833.3333333, 49925120.55207166]","[263458000.0, 583131000.0, 290928000.0, 336549666.6666667, 110978243.88090166]","[173476000.0, 269600000.0, 267259000.0, 236778333.33333334, 44771710.74338001]","[236103000.0, 380501000.0, 360882500.0, 334592250.0, 57457463.48985047]",[24],[3]
0,"[299375000.0, 1566656000.0, 317479000.0, 498480142.85714287, 436324406.83294636]","[310470000.0, 477358000.0, 368366000.0, 374720000.0, 60070926.04817837]","[148332000.0, 910511000.0, 290298000.0, 313069458.3333333, 151207100.4059166]","[279856000.0, 1088933000.0, 403182000.0, 559509272.7272727, 288545118.23632807]","[294645000.0, 1619667000.0, 360861000.0, 450832641.025641, 243088105.96598008]","[293903000.0, 660343000.0, 361951000.0, 399975482.7586207, 88232246.98199113]","[154190000.0, 585289000.0, 302757500.0, 318706346.15384614, 71827541.75102724]","[133815000.0, 719403000.0, 223226000.0, 249339080.0, 112419650.43529356]","[126327000.0, 487293000.0, 243217500.0, 277766000.0, 87826732.17193043]","[271345000.0, 886412000.0, 325466000.0, 414725000.0, 215203806.1427663]","[147497000.0, 1007760000.0, 220523000.0, 302078541.6666667, 217618842.80567616]","[150235000.0, 522205000.0, 241478000.0, 257374272.72727272, 68212877.31900583]","[272252000.0, 870002000.0, 375204000.0, 456821176.4705882, 178556500.10545692]","[164044000.0, 612541000.0, 196533000.0, 258422090.9090909, 148884300.38941744]","[313159000.0, 602864000.0, 431412000.0, 422116181.8181818, 83817272.07315402]",[25],[1]
0,"[312476000.0, 430208000.0, 350207500.0, 360774750.0, 46560490.447239704]","[178836000.0, 368743000.0, 312005000.0, 302745400.0, 66800241.27082177]","[153874000.0, 477334000.0, 289604000.0, 302431454.54545456, 90488218.32538465]","[269175000.0, 351390000.0, 321403000.0, 315842750.0, 29616635.5311926]","[278680000.0, 1087912000.0, 367593000.0, 457610000.0, 203601038.71520177]","[297489000.0, 1448804000.0, 397704500.0, 511058681.8181818, 298071369.0099901]","[264696000.0, 458814000.0, 325777000.0, 339920642.85714287, 50599763.69172254]","[190238000.0, 915882000.0, 375058000.0, 441308000.0, 245894283.82086837]","[194744000.0, 1507652000.0, 261971000.0, 419789615.38461536, 342817193.9872818]","[309717000.0, 312850000.0, 311283500.0, 311283500.0, 1566500.0]","[195938000.0, 1288987000.0, 247364000.0, 333245466.6666667, 267040293.47419128]","[179826000.0, 442104000.0, 243968500.0, 272995750.0, 79296205.88982068]","[296718000.0, 623492000.0, 337341000.0, 383329857.14285713, 107402281.35569637]","[183602000.0, 465310000.0, 199941000.0, 238799428.57142857, 93150741.32188281]","[326986000.0, 819232000.0, 416714000.0, 494911500.0, 195208630.82545814]",[25],[2]
0,"[153557000.0, 880237000.0, 516309500.0, 516603250.0, 274523090.14942163]","[287524000.0, 334094000.0, 301597000.0, 307738333.3333333, 19501764.13102728]","[158817000.0, 475975000.0, 273927500.0, 276622000.0, 81772985.25694983]","[255172000.0, 1136142000.0, 295914000.0, 427114571.4285714, 292405046.95754635]","[308747000.0, 1023172000.0, 392629000.0, 475415275.86206895, 201976831.69233948]","[231902000.0, 775341000.0, 380397000.0, 407305526.31578946, 117681178.57176134]","[264302000.0, 537832000.0, 303668000.0, 332855578.94736844, 66630208.70471022]","[196239000.0, 476150000.0, 262412000.0, 287470545.45454544, 77550224.21321979]","[157123000.0, 24073490000.0, 216403000.0, 1703184058.8235295, 5597351102.560541]","[249949000.0, 368350000.0, 313160500.0, 315734375.0, 33748084.245396435]","[164936000.0, 1147611000.0, 212881000.0, 354970333.3333333, 283220840.0734955]","[180213000.0, 672094000.0, 250866000.0, 295775391.3043478, 125572745.46470077]","[270516000.0, 998910000.0, 334191500.0, 449797800.0, 214151682.3257758]","[164578000.0, 556569000.0, 216075000.0, 259453250.0, 119681788.45527905]","[312166000.0, 581006000.0, 401339000.0, 423962500.0, 111111007.96163267]",[25],[3]
0,"[264816000.0, 662691000.0, 303472500.0, 383613000.0, 161982926.19439864]","[300272000.0, 460935000.0, 352586000.0, 359107428.5714286, 40233254.46996425]","[200380000.0, 425495000.0, 288471000.0, 315384500.0, 72871563.3169071]","[316426000.0, 412615000.0, 323130000.0, 345098400.0, 36591834.53504347]","[318768000.0, 2487850000.0, 391056000.0, 793093600.0, 847860914.3807962]","[235296000.0, 828395000.0, 531845500.0, 531845500.0, 296549500.0]","[167520000.0, 414060000.0, 289285000.0, 278145857.14285713, 83542583.49134389]","[297101000.0, 1648093000.0, 329783000.0, 758325666.6666666, 629301972.4961582]","[205858000.0, 591522000.0, 269278500.0, 307140500.0, 110908623.7648663]","[270479000.0, 344965000.0, 297742000.0, 307154000.0, 26137235.562644012]","[216235000.0, 453434000.0, 266951500.0, 299380000.0, 81620405.34490544]","[254868000.0, 338608000.0, 320945000.0, 304807000.0, 36040932.12816043]","[363121000.0, 553782000.0, 402922500.0, 427538666.6666667, 66821430.089621864]","[296463000.0, 415161000.0, 323042000.0, 344888666.6666667, 50860996.413973466]","[239214000.0, 291905000.0, 274561000.0, 268560000.0, 21925546.30258199]",[26],[1]
0,"[441762000.0, 441762000.0, 441762000.0, 441762000.0, 441762000.0]","[326660000.0, 1007020000.0, 368766000.0, 422701000.0, 179437652.166428]","[207012000.0, 412238000.0, 277618000.0, 281361600.0, 60732300.4293432]","[349538000.0, 409951000.0, 387199000.0, 383848500.0, 20143656.17053336]","[376808000.0, 526405000.0, 419227000.0, 440813333.3333333, 62951266.56037633]","[7779022860.782082, 7779022860.782082, 7779022860.782082, 7779022860.782082, 7779022860.782082]","[216601000.0, 466604000.0, 289453000.0, 306459571.4285714, 80441803.95408693]","[169538000.0, 381677000.0, 276390000.0, 276344600.0, 67098079.79547552]","[168312000.0, 1115420000.0, 249914000.0, 317387333.3333333, 225650924.5818023]","[266982000.0, 341079000.0, 291946500.0, 292141750.0, 21426939.362342443]","[193113000.0, 340534000.0, 269403000.0, 265852750.0, 52802074.07562225]","[353318000.0, 376702000.0, 365010000.0, 365010000.0, 11692000.0]","[298772000.0, 424872000.0, 361822000.0, 361822000.0, 63050000.0]","[505800000.0, 505800000.0, 505800000.0, 505800000.0, 505800000.0]","[246137000.0, 309089000.0, 281156000.0, 278794000.0, 25754259.958305925]",[26],[2]
0,"[265339000.0, 387972000.0, 336792000.0, 330034333.3333333, 50292230.78722553]","[290782000.0, 860089000.0, 338241000.0, 379498846.15384614, 143230785.13248694]","[182868000.0, 419872000.0, 250431000.0, 281367200.0, 74042616.49860843]","[294485000.0, 482729000.0, 353939500.0, 366543875.0, 51923434.69098876]","[326316000.0, 420045000.0, 389655000.0, 381417750.0, 34334244.54080066]","[257354000.0, 257354000.0, 257354000.0, 257354000.0, 257354000.0]","[237321000.0, 433974000.0, 326809500.0, 334121166.6666667, 72816781.14605328]","[238339000.0, 716686000.0, 406724000.0, 399371000.0, 164425211.64868325]","[150780000.0, 466073000.0, 213327000.0, 236576200.0, 74078331.94504315]","[257357000.0, 340023000.0, 291448000.0, 292760777.7777778, 26088101.024446536]","[181323000.0, 434223000.0, 236150500.0, 256935875.0, 76247226.16337839]","[353050000.0, 367590000.0, 360320000.0, 360320000.0, 7270000.0]","[356281000.0, 358648000.0, 357464500.0, 357464500.0, 1183500.0]","[17033523173.78615, 17033523173.78615, 17033523173.78615, 17033523173.78615, 17033523173.78615]","[240876000.0, 601155000.0, 269077500.0, 345046500.0, 148641057.06112966]",[26],[3]
0,"[227944000.0, 344125000.0, 296822500.0, 291307500.0, 35311133.80956022]","[311223000.0, 450116000.0, 356555000.0, 366761857.14285713, 39205301.62555851]","[321971000.0, 578011000.0, 368157500.0, 423035166.6666667, 104687428.72063908]","[297763000.0, 1054517000.0, 382362000.0, 428711058.8235294, 181134662.64323592]","[315183000.0, 490830000.0, 369976000.0, 382245400.0, 59065675.892518155]","[198679000.0, 293215000.0, 245947000.0, 245947000.0, 47268000.0]","[277797000.0, 1069942000.0, 582079000.0, 647693600.0, 281521818.87065166]","[304924000.0, 445064000.0, 374994000.0, 374994000.0, 70070000.0]","[278669000.0, 465835000.0, 369247000.0, 364354571.4285714, 60701055.36116471]","[233586000.0, 390323000.0, 298338000.0, 298661769.2307692, 38312339.10525402]","[226973000.0, 438008000.0, 253025000.0, 290999111.1111111, 71321563.99706651]","[223680000.0, 1233418000.0, 272074000.0, 341302066.6666667, 240689865.10015097]","[259672000.0, 1057412000.0, 317036000.0, 469642400.0, 297205963.99305314]","[447336000.0, 447336000.0, 447336000.0, 447336000.0, 447336000.0]","[24793227744.322937, 24793227744.322937, 24793227744.322937, 24793227744.322937, 24793227744.322937]",[27],[1]
0,"[265177000.0, 359944000.0, 283676000.0, 302932333.3333333, 41014638.46265407]","[276497000.0, 363965000.0, 320231000.0, 320231000.0, 43734000.0]","[298735000.0, 4300469000.0, 300068000.0, 1633090666.6666667, 1886121385.9972591]","[290433000.0, 324742000.0, 295454000.0, 300510600.0, 12313163.096459009]","[329344000.0, 333899000.0, 331621500.0, 331621500.0, 2277500.0]","[235822000.0, 1109253000.0, 284978000.0, 460314800.0, 329723973.5035352]","[344842000.0, 4605852000.0, 1048083500.0, 1761715250.0, 1706672495.0211413]","[309420000.0, 309420000.0, 309420000.0, 309420000.0, 309420000.0]","[221435000.0, 424373000.0, 280977000.0, 301940500.0, 75196610.67661229]","[271724000.0, 324916000.0, 291688000.0, 293660166.6666667, 16526875.52056414]","[198290000.0, 443003000.0, 295419000.0, 293770142.85714287, 74309844.91097985]","[214624000.0, 328158000.0, 254093000.0, 262778300.0, 31441079.29779129]","[296269000.0, 794162000.0, 760124000.0, 616851666.6666666, 227111692.03181845]","[349820000.0, 349820000.0, 349820000.0, 349820000.0, 349820000.0]","[5712219000.0, 5712219000.0, 5712219000.0, 5712219000.0, 5712219000.0]",[27],[2]
0,"[251861000.0, 286762000.0, 269311500.0, 269311500.0, 17450500.0]","[342573000.0, 342573000.0, 342573000.0, 342573000.0, 342573000.0]","[365385000.0, 365385000.0, 365385000.0, 365385000.0, 365385000.0]","[284048000.0, 284048000.0, 284048000.0, 284048000.0, 284048000.0]","[474283000.0, 474283000.0, 474283000.0, 474283000.0, 474283000.0]","[214125000.0, 621684000.0, 263951500.0, 340928000.0, 163366614.2867018]","[226245000.0, 365531000.0, 357718000.0, 333187800.0, 53584175.25874594]","[24165447773.4326, 24165447773.4326, 24165447773.4326, 24165447773.4326, 24165447773.4326]","[264512000.0, 431609000.0, 310769000.0, 331437428.5714286, 61392489.75207948]","[252081000.0, 279236000.0, 257366000.0, 262486600.0, 10183791.172250146]","[249052000.0, 486558000.0, 284684000.0, 340098000.0, 104579502.63157052]","[196670000.0, 289721000.0, 240929000.0, 243678875.0, 31952261.236247037]","[2067133422.4505134, 2067133422.4505134, 2067133422.4505134, 2067133422.4505134, 2067133422.4505134]","[17033523173.78615, 17033523173.78615, 17033523173.78615, 17033523173.78615, 17033523173.78615]","[2770389000.0, 2770389000.0, 2770389000.0, 2770389000.0, 2770389000.0]",[27],[3]
0,"[227528000.0, 428795000.0, 269974000.0, 290612764.7058824, 58110261.746937424]","[241404000.0, 1122424000.0, 295257000.0, 365001750.0, 231741958.0723083]","[217534000.0, 348967000.0, 274890500.0, 281638875.0, 47839289.42155574]","[270153000.0, 369248000.0, 303383000.0, 316510777.7777778, 29827909.843253914]","[365844000.0, 996797000.0, 441720500.0, 508001416.6666667, 187411780.53018185]","[206525000.0, 875418000.0, 329738000.0, 370331190.47619045, 173124557.9670806]","[168670000.0, 1690149000.0, 395988000.0, 483514241.37931037, 345033841.58405685]","[196802000.0, 1214471000.0, 327331000.0, 375681000.0, 237288410.9581815]","[217203000.0, 419518000.0, 282971500.0, 297311700.0, 75740902.08077799]","[248632000.0, 836623000.0, 298465000.0, 367574000.0, 160898378.43077278]","[185349000.0, 592546000.0, 221385000.0, 274396160.0, 94679887.76870407]","[193050000.0, 971629000.0, 284363000.0, 392481684.2105263, 215455998.2443729]","[386852000.0, 395748000.0, 391300000.0, 391300000.0, 4448000.0]","[201208000.0, 312771000.0, 236680000.0, 252976200.0, 38549968.60387827]","[359043000.0, 359043000.0, 359043000.0, 359043000.0, 0.0]",[28],[1]
0,"[260114000.0, 983174000.0, 326043500.0, 490056000.0, 277867041.92772967]","[250336000.0, 411070000.0, 283082500.0, 289225222.2222222, 34645962.391911246]","[144612000.0, 360751000.0, 233886000.0, 255781666.66666666, 69331044.0475421]","[278470000.0, 326189000.0, 297757500.0, 297761333.3333333, 16776580.031566493]","[357129000.0, 1333194000.0, 454553500.0, 534736416.6666667, 260360805.41351917]","[197775000.0, 378420000.0, 299545500.0, 294227375.0, 57458714.45641971]","[178005000.0, 1124526000.0, 374076000.0, 428728384.61538464, 240588086.13432035]","[166424000.0, 547014000.0, 284127000.0, 295958083.3333333, 92363587.23856707]","[185398000.0, 1099737000.0, 247396000.0, 352306666.6666667, 270251074.5679119]","[244788000.0, 1085103000.0, 318621500.0, 379130166.6666667, 216712751.13570392]","[188412000.0, 415474000.0, 282525000.0, 273483454.54545456, 62594434.22594468]","[200653000.0, 568573000.0, 260131000.0, 329570941.1764706, 119088373.16758686]","[355762000.0, 454362000.0, 405062000.0, 405062000.0, 49300000.0]","[213583000.0, 488433000.0, 248529500.0, 299768750.0, 111634710.9155011]","[374958000.0, 398787000.0, 386872500.0, 386872500.0, 11914500.0]",[28],[2]
0,"[260837000.0, 763385000.0, 295795000.0, 369116888.8888889, 165625449.18610415]","[238022000.0, 389421000.0, 279503000.0, 291728181.8181818, 43476333.411133386]","[185230000.0, 852079000.0, 267965000.0, 318040117.64705884, 152809447.7429834]","[269532000.0, 523415000.0, 305330000.0, 335534066.6666667, 70475883.88611306]","[371818000.0, 1047958000.0, 419648000.0, 501755750.0, 211616744.1902637]","[164254000.0, 407619000.0, 298182000.0, 284016555.5555556, 74473665.21441747]","[192957000.0, 1280317000.0, 350753000.0, 382590000.0, 238361801.93242073]","[183832000.0, 526389000.0, 282253000.0, 316911416.6666667, 118866584.07465231]","[206463000.0, 465714000.0, 254908500.0, 280342125.0, 82994989.94884796]","[261526000.0, 1008451000.0, 309447500.0, 377749300.0, 213760007.32506067]","[191447000.0, 622897000.0, 248547000.0, 285050363.6363636, 121700029.26964071]","[211154000.0, 855645000.0, 279004500.0, 348086000.0, 151876534.1759549]","[356210000.0, 1874966000.0, 434195500.0, 774891750.0, 635933226.3816599]","[224846000.0, 340280000.0, 308106000.0, 297526200.0, 39215311.664705664]","[479245000.0, 704874000.0, 592059500.0, 592059500.0, 112814500.0]",[28],[3]
0,"[355690000.0, 610686000.0, 470755500.0, 469787333.3333333, 78487451.336008]","[212913000.0, 399791000.0, 275430000.0, 282942311.1111111, 40885135.148131624]","[172707000.0, 422668000.0, 317154000.0, 300104187.5, 62818270.3839205]","[110479000.0, 1278089000.0, 269194500.0, 355577700.0, 311888832.68595874]","[289478000.0, 791241000.0, 432856000.0, 448548111.1111111, 148146087.92708218]","[260815000.0, 855793000.0, 307431000.0, 331098388.8888889, 100397175.20353231]","[228554000.0, 411374000.0, 289061000.0, 292384307.6923077, 48778236.06484385]","[299698000.0, 1127773000.0, 335984500.0, 432947625.0, 263800978.5534056]","[206632000.0, 582893000.0, 326491500.0, 360627000.0, 143386251.0964702]","[202772000.0, 661214000.0, 303216000.0, 320277461.53846157, 107612230.81731598]","[235529000.0, 395627000.0, 253145000.0, 283129750.0, 59933921.77171038]","[209710000.0, 551035000.0, 282584000.0, 323916625.0, 100576915.40922487]","[299462000.0, 346008000.0, 345828000.0, 330432666.6666667, 21899691.707622025]","[220393000.0, 349505000.0, 240759000.0, 265591500.0, 48773847.89259507]","[189943000.0, 1217701000.0, 273415000.0, 432318444.4444444, 311920282.8302668]",[29],[1]
0,"[251952000.0, 758546000.0, 410848500.0, 424777500.0, 162981530.36949718]","[199504000.0, 392693000.0, 279079000.0, 280594319.14893615, 40979675.72901951]","[123041000.0, 676239000.0, 241694000.0, 263366523.80952382, 112564823.10909908]","[179518000.0, 296437000.0, 253179000.0, 252302500.0, 27992595.362115726]","[231689000.0, 505249000.0, 315084000.0, 350607272.72727275, 99750957.23039536]","[197491000.0, 574870000.0, 321165000.0, 332014200.0, 62415558.769375235]","[237993000.0, 463589000.0, 269700000.0, 286929307.6923077, 61667331.53397113]","[228559000.0, 941118000.0, 322172500.0, 390888000.0, 210947113.08643216]","[214477000.0, 920941000.0, 263575000.0, 362580833.3333333, 251606224.84775472]","[211179000.0, 1273761000.0, 274899000.0, 377133666.6666667, 266084144.882696]","[159152000.0, 749106000.0, 322502000.0, 354278210.5263158, 155940521.44346875]","[224484000.0, 401611000.0, 330717000.0, 324248571.4285714, 58438243.79598675]","[233835000.0, 1177209000.0, 339081000.0, 583375000.0, 422096588.3112537]","[213643000.0, 458249000.0, 251404500.0, 288822666.6666667, 84948555.47264408]","[239497000.0, 421697000.0, 271298000.0, 294367000.0, 52406287.21823365]",[29],[2]
0,"[566626000.0, 2048095000.0, 1307360500.0, 1307360500.0, 740734500.0]","[222227000.0, 762774000.0, 272221000.0, 304356533.3333333, 103555735.3488878]","[209027000.0, 379024000.0, 333859500.0, 311696300.0, 61618760.8461092]","[224520000.0, 382737000.0, 277826000.0, 283263250.0, 47198251.50561724]","[251926000.0, 608964000.0, 418572000.0, 416969750.0, 130730480.62975788]","[249323000.0, 821917000.0, 327887000.0, 351869193.5483871, 100613815.06482111]","[229114000.0, 575715000.0, 326682500.0, 351308100.0, 116589931.09994534]","[314934000.0, 861686000.0, 317595000.0, 413096142.85714287, 186054133.1843493]","[205731000.0, 439645000.0, 290194000.0, 306441000.0, 88035081.33693068]","[233826000.0, 935781000.0, 279153000.0, 352812000.0, 190099587.5305171]","[206349000.0, 537252000.0, 350263500.0, 346818700.0, 99375730.71132609]","[217664000.0, 303073000.0, 244196500.0, 252282500.0, 33564053.349528566]","[243584000.0, 373103000.0, 336339000.0, 317675333.3333333, 54497964.36769196]","[255546000.0, 387085000.0, 278803000.0, 307144666.6666667, 57318203.5211231]","[243660000.0, 973748000.0, 332769500.0, 405868875.0, 221180375.95616248]",[29],[3]
0,"[242299000.0, 289109000.0, 259358500.0, 260231333.33333334, 16513528.319397874]","[202033000.0, 408393000.0, 279901500.0, 281127750.0, 45650986.736186765]","[209110000.0, 390925000.0, 276499000.0, 288291933.3333333, 60478042.025699064]","[237290000.0, 443076000.0, 252393500.0, 302289250.0, 75837299.2059591]","[293684000.0, 467641000.0, 337482000.0, 352580363.6363636, 53630593.755757]","[206733000.0, 489480000.0, 395004000.0, 383426300.0, 72730176.54185915]","[190925000.0, 732352000.0, 306868000.0, 330489190.47619045, 137927598.91873536]","[190195000.0, 236455000.0, 210923000.0, 214788600.0, 18162736.947938215]","[203895000.0, 436577000.0, 279732000.0, 298329214.28571427, 81765716.60820983]","[262245000.0, 1816606000.0, 280862000.0, 676218200.0, 598598100.3796788]","[185543000.0, 819440000.0, 273176000.0, 318850150.0, 173833256.00881872]","[198147000.0, 465349000.0, 272675000.0, 307569263.15789473, 91692382.79150225]","[239183000.0, 239183000.0, 239183000.0, 239183000.0, 0.0]","[217631000.0, 302145000.0, 259712000.0, 258329923.07692307, 29544935.514103673]","[290882000.0, 411037000.0, 341359000.0, 340360333.3333333, 42000347.98929912]",[30],[1]
0,"[245583000.0, 474849000.0, 282308000.0, 312326888.8888889, 88089777.78310344]","[222267000.0, 1008532000.0, 261459000.0, 298877785.71428573, 148918409.7794487]","[202104000.0, 656928000.0, 286992000.0, 324030421.05263156, 130315465.61782731]","[182251000.0, 576169000.0, 272460000.0, 322776909.09090906, 126058984.3802961]","[290760000.0, 459881000.0, 319533000.0, 344186352.9411765, 50929076.835214645]","[256983000.0, 625979000.0, 356379000.0, 385330485.71428573, 104761038.18619686]","[235641000.0, 362131000.0, 293878000.0, 297147800.0, 35810504.337135494]","[183802000.0, 410596000.0, 298842000.0, 288362307.6923077, 64318776.13094211]","[190075000.0, 1030922000.0, 247590000.0, 323854533.3333333, 204069761.43494546]","[265267000.0, 406465000.0, 335866000.0, 335866000.0, 70599000.0]","[173211000.0, 456171000.0, 234880500.0, 239468727.27272728, 60233454.36578173]","[205633000.0, 475080000.0, 227218000.0, 271639652.17391306, 85212694.60264847]","[225478000.0, 225478000.0, 225478000.0, 225478000.0, 0.0]","[199437000.0, 463269000.0, 235906000.0, 274483222.2222222, 88517002.26356739]","[309113000.0, 341433000.0, 324602000.0, 325138800.0, 14456435.19544151]",[30],[2]
0,"[250979000.0, 295228000.0, 283262000.0, 280914750.0, 12363421.08550461]","[224395000.0, 530645000.0, 254723500.0, 272420500.0, 61096412.04481651]","[217230000.0, 415662000.0, 320374500.0, 317615900.0, 61752985.10266528]","[211385000.0, 312879000.0, 268500500.0, 264347833.33333334, 45836845.937217616]","[265192000.0, 408939000.0, 302468000.0, 310451705.88235295, 32711085.895196244]","[218878000.0, 890234000.0, 322342500.0, 358841166.6666667, 127665163.87561992]","[186554000.0, 495959000.0, 288113000.0, 307403894.7368421, 78214239.25273235]","[197519000.0, 375173000.0, 312435500.0, 294065250.0, 56955995.449886575]","[191602000.0, 344401000.0, 316874000.0, 288180833.3333333, 61504471.46459263]","[207870000.0, 641625000.0, 508569500.0, 454979000.0, 177598379.43165472]","[167165000.0, 296451000.0, 215612000.0, 217968526.31578946, 34555224.337083235]","[207733000.0, 641751000.0, 225851000.0, 296397235.2941176, 119847464.75049485]","[2067133422.4505134, 2067133422.4505134, 2067133422.4505134, 2067133422.4505134, 2067133422.4505134]","[186930000.0, 507248000.0, 230388000.0, 275499533.3333333, 93266500.18083784]","[261075000.0, 1305075000.0, 812405500.0, 797740250.0, 507758493.4520421]",[30],[3]
0,"[277352000.0, 627054000.0, 372182000.0, 413512000.0, 111610628.29190725]","[245727000.0, 998655000.0, 326250000.0, 388696588.2352941, 193345989.84875572]","[168121000.0, 594887000.0, 301925500.0, 327158000.0, 122219935.54326561]","[204143000.0, 756124000.0, 317884500.0, 330013307.6923077, 97339680.78995298]","[300306000.0, 540076000.0, 363146000.0, 372429222.2222222, 67325463.81533971]","[273452000.0, 959005000.0, 357282500.0, 384355416.6666667, 141273220.22530097]","[297240000.0, 630682000.0, 350112000.0, 381472941.1764706, 74286501.42480609]","[163012000.0, 941683000.0, 282612500.0, 394965300.0, 235306664.83550778]","[200921000.0, 916160000.0, 285686000.0, 340495857.14285713, 146810647.1285817]","[253812000.0, 695844000.0, 342077500.0, 405600166.6666667, 144893910.9963064]","[206839000.0, 1243831000.0, 303219000.0, 352117944.4444444, 223138707.28302914]","[199173000.0, 478450000.0, 253934500.0, 284842500.0, 72626022.52120103]","[274692000.0, 673135000.0, 472518500.0, 473216000.0, 156725052.93506843]","[287363000.0, 396500000.0, 387596500.0, 364764000.0, 45134197.3286332]","[233306000.0, 522889000.0, 458951500.0, 424977750.0, 95011374.36611208]",[31],[1]
0,"[305541000.0, 436460000.0, 348359000.0, 351807000.0, 45801196.46908801]","[223177000.0, 1265274000.0, 302530000.0, 365213095.2380952, 223920968.47791222]","[283753000.0, 569322000.0, 379642000.0, 396068166.6666667, 86748927.10079409]","[254025000.0, 368455000.0, 298701500.0, 298619678.5714286, 26105523.90922762]","[270387000.0, 622769000.0, 345026000.0, 382077428.5714286, 94569230.32188362]","[168000000.0, 435234000.0, 342177500.0, 341753875.0, 52506672.708739676]","[277313000.0, 711614000.0, 382322000.0, 409264470.5882353, 105077683.58142164]","[143725000.0, 356615000.0, 252723000.0, 262877285.7142857, 57295803.69255247]","[220751000.0, 379303000.0, 259383500.0, 273675222.2222222, 47766750.76121413]","[280598000.0, 494510000.0, 322894000.0, 367529000.0, 79026060.03591473]","[188599000.0, 1452603000.0, 280398000.0, 362074625.0, 286944562.1191215]","[179475000.0, 376906000.0, 255548500.0, 259013611.1111111, 48296858.119733356]","[363280000.0, 625534000.0, 418056500.0, 456231750.0, 100555049.13820837]","[233027000.0, 392752000.0, 340514000.0, 326701750.0, 61422408.351411134]","[257814000.0, 787773000.0, 465304000.0, 495416300.0, 167626730.79676163]",[31],[2]
0,"[295939000.0, 796547000.0, 331774000.0, 405049500.0, 176629628.8732914]","[248610000.0, 420825000.0, 304636000.0, 305112529.4117647, 42955564.809829794]","[216288000.0, 382667000.0, 300934000.0, 304099285.71428573, 68015258.23291267]","[223179000.0, 371340000.0, 280774000.0, 286853086.95652175, 33164248.766605705]","[282250000.0, 706280000.0, 386238500.0, 436375125.0, 147580482.57259282]","[240534000.0, 483040000.0, 336331000.0, 339237000.0, 49840991.0790218]","[282378000.0, 973535000.0, 373637000.0, 445437411.7647059, 177515008.95518628]","[181099000.0, 449562000.0, 224624000.0, 258018000.0, 92483383.62597409]","[208304000.0, 814412000.0, 258220000.0, 361975923.0769231, 198882193.07591715]","[228704000.0, 526806000.0, 410477000.0, 394116000.0, 133502526.29070358]","[204840000.0, 1994741000.0, 269239000.0, 511426100.0, 552593952.0026346]","[187323000.0, 260397000.0, 226823000.0, 223362400.0, 23403827.92849637]","[297435000.0, 387052000.0, 339896500.0, 341070000.0, 32852546.316838212]","[243535000.0, 427400000.0, 246860000.0, 305931666.6666667, 85901807.92949328]","[314414000.0, 820250000.0, 417341500.0, 474486666.6666667, 162125247.59340298]",[31],[3]
0,"[233886000.0, 326279000.0, 255816000.0, 258209615.3846154, 23284187.561315782]","[284523000.0, 613694000.0, 319885000.0, 340650904.7619048, 69565017.02785796]","[337274000.0, 821939000.0, 464173500.0, 467135083.3333333, 123874070.98370664]","[291361000.0, 410644000.0, 326864000.0, 345559714.28571427, 43499710.5629592]","[242586000.0, 305051000.0, 261823000.0, 270390571.4285714, 22100067.62017543]","[333457000.0, 387626000.0, 356564000.0, 355479833.3333333, 17903110.05027401]","[325735000.0, 709496000.0, 392644000.0, 427424333.3333333, 94712617.75474034]","[562196000.0, 626795000.0, 594495500.0, 594495500.0, 32299500.0]","[521131000.0, 791455000.0, 557144500.0, 613263833.3333334, 107921815.84588088]","[234646000.0, 288403000.0, 271378000.0, 266451250.0, 19802778.875387665]","[308882000.0, 667891000.0, 460670500.0, 466512333.3333333, 107522364.81102692]","[389719000.0, 1005712000.0, 461107000.0, 492639500.0, 123617450.45787242]","[379712000.0, 844616000.0, 450872000.0, 531518000.0, 183086763.23672336]","[452166000.0, 646539000.0, 490360000.0, 519933600.0, 69600915.19685642]","[285054000.0, 336840000.0, 306654000.0, 309516000.0, 21238184.668186687]",[32],[1]
0,"[214898000.0, 268624000.0, 239537500.0, 240649250.0, 22433430.136461522]","[294483000.0, 526895000.0, 311105000.0, 360897000.0, 96167874.23043102]","[5981754010.540015, 5981754010.540015, 5981754010.540015, 5981754010.540015, 5981754010.540015]","[311077000.0, 363011000.0, 351694500.0, 344369250.0, 20023213.582926694]","[227112000.0, 272394000.0, 249178000.0, 249888111.1111111, 15838786.902512765]","[319025000.0, 359605000.0, 339315000.0, 339315000.0, 20290000.0]","[316104000.0, 461756000.0, 374632500.0, 374859000.0, 39741477.73422624]","[426094000.0, 515345000.0, 470719500.0, 470719500.0, 44625500.0]","[422712000.0, 560693000.0, 471719500.0, 481711000.0, 51420681.91399255]","[238563000.0, 285197000.0, 251208500.0, 256190833.33333334, 16946655.573855534]","[403031000.0, 459600000.0, 422700500.0, 423701833.3333333, 18845246.203544866]","[375911000.0, 454747000.0, 399750000.0, 406891000.0, 24081387.30776669]","[342875000.0, 342875000.0, 342875000.0, 342875000.0, 342875000.0]","[377802000.0, 510543000.0, 397664000.0, 429623000.0, 52019616.33845448]","[286926000.0, 286926000.0, 286926000.0, 286926000.0, 286926000.0]",[32],[2]
0,"[222358000.0, 274824000.0, 247260000.0, 247094800.0, 17121124.757445112]","[303839000.0, 349104000.0, 307385000.0, 320109333.3333333, 20553370.369736336]","[453276000.0, 778838000.0, 616057000.0, 616057000.0, 162781000.0]","[275182000.0, 403076000.0, 309282000.0, 320463285.71428573, 41053034.53100735]","[238727000.0, 286157000.0, 248366000.0, 256967200.0, 16604596.07939922]","[297262000.0, 343439000.0, 309523000.0, 316372200.0, 18353601.2531601]","[321500000.0, 498803000.0, 370486000.0, 373551000.0, 46617362.695966326]","[482182000.0, 542412000.0, 523412000.0, 517854500.0, 22136795.866836738]","[465538000.0, 2001091000.0, 632668000.0, 795795571.4285715, 501976776.65145797]","[224995000.0, 304226000.0, 263734000.0, 261583500.0, 24661440.723999348]","[436567000.0, 461251000.0, 457787000.0, 451868333.3333333, 10911703.97122079]","[368944000.0, 528714000.0, 423251500.0, 434323000.0, 42634940.43387419]","[2067133422.4505134, 2067133422.4505134, 2067133422.4505134, 2067133422.4505134, 2067133422.4505134]","[473274000.0, 520702000.0, 496988000.0, 496988000.0, 23714000.0]","[313701000.0, 373573000.0, 343637000.0, 343637000.0, 29936000.0]",[32],[3]
0,"[179916000.0, 825441000.0, 409005000.0, 431611043.4782609, 135859237.41280684]","[243341000.0, 726759000.0, 355137500.0, 397566382.35294116, 118409577.54114088]","[187917000.0, 691294000.0, 331037500.0, 351456666.6666667, 98868100.05291936]","[286068000.0, 627528000.0, 362236000.0, 371163210.5263158, 72187007.26554382]","[273410000.0, 792265000.0, 381339000.0, 405309111.1111111, 89635198.1670592]","[225986000.0, 542585000.0, 327094000.0, 335251469.13580245, 50976869.81902031]","[149573000.0, 711563000.0, 314044000.0, 343534391.3043478, 96499358.84734327]","[173974000.0, 1373306000.0, 333297000.0, 465745692.3076923, 315265864.7672529]","[199898000.0, 786168000.0, 289542000.0, 323549043.4782609, 106673721.12477753]","[228185000.0, 1106953000.0, 386317000.0, 448360551.7241379, 188338825.3497122]","[215034000.0, 540993000.0, 290593000.0, 307472820.51282054, 66773396.90244058]","[171382000.0, 623063000.0, 327693000.0, 347958846.15384614, 102497520.14099294]","[255737000.0, 639240000.0, 396869000.0, 419536000.0, 129934056.46711719]","[155081000.0, 696979000.0, 276971000.0, 348962000.0, 150041989.3182991]","[237378000.0, 1094435000.0, 331057000.0, 384404054.0540541, 169441298.20374385]",[33],[1]
0,"[261423000.0, 898005000.0, 359103000.0, 419961208.3333333, 162601453.34477058]","[223195000.0, 2385673000.0, 370906000.0, 485991000.0, 488055832.1967607]","[167478000.0, 939788000.0, 309801000.0, 343926348.4848485, 136274159.42342252]","[276299000.0, 2179248000.0, 369338500.0, 511428583.3333333, 505211700.3398936]","[261451000.0, 1108697000.0, 382384000.0, 437101644.7368421, 153175154.76594484]","[265898000.0, 4969217000.0, 323340000.0, 406886831.32530123, 535430589.8714529]","[226701000.0, 610357000.0, 323885000.0, 353036254.2372881, 84998202.02636656]","[167360000.0, 569893000.0, 249305500.0, 301480250.0, 113660827.67850363]","[196082000.0, 1163183000.0, 289213000.0, 330724571.4285714, 159228359.47923654]","[224102000.0, 710251000.0, 418797000.0, 410322791.6666667, 103628395.72682253]","[199932000.0, 481760000.0, 280991000.0, 304512976.74418604, 64836678.01644962]","[198699000.0, 700586000.0, 354750000.0, 366963586.20689654, 123799126.15075618]","[293420000.0, 401795000.0, 334728500.0, 339021500.0, 37272993.57779034]","[199492000.0, 857932000.0, 332514500.0, 338603058.8235294, 137835323.62333494]","[248696000.0, 676721000.0, 352185000.0, 383204444.4444444, 115876236.14789389]",[33],[2]
0,"[187406000.0, 1436941000.0, 400835500.0, 443019142.85714287, 256814655.68141803]","[254751000.0, 845087000.0, 350815000.0, 387262000.0, 136590130.24797177]","[167548000.0, 3611016000.0, 348233000.0, 436631982.45614034, 477055825.97859806]","[274601000.0, 718304000.0, 385316000.0, 404381000.0, 127741226.19521523]","[297953000.0, 1314017000.0, 388178000.0, 438041677.41935486, 153448085.1868437]","[242761000.0, 625073000.0, 337958500.0, 352106424.24242425, 60912763.93734473]","[249122000.0, 1141081000.0, 316394500.0, 357614171.875, 136718096.36707237]","[176399000.0, 799889000.0, 299501000.0, 344424600.0, 141181998.35545605]","[191515000.0, 877125000.0, 286284000.0, 325202463.41463417, 127646251.54090418]","[234824000.0, 812714000.0, 341786500.0, 378760366.6666667, 125679013.41870442]","[205381000.0, 624235000.0, 301274000.0, 317354536.58536583, 77740560.30033253]","[221976000.0, 576342000.0, 398690000.0, 392475413.79310346, 106093361.89690378]","[283370000.0, 532315000.0, 353685000.0, 374398428.5714286, 72228687.25267611]","[207424000.0, 537290000.0, 288146000.0, 332594176.4705882, 115039957.67468096]","[262243000.0, 2556624000.0, 414583000.0, 486930935.483871, 409666076.09329003]",[33],[3]
0,"[268467000.0, 782862000.0, 347180000.0, 370608898.30508476, 78266539.5234305]","[293149000.0, 1013017000.0, 374129000.0, 405526522.3880597, 120615615.63778687]","[249704000.0, 1621249000.0, 400879000.0, 473773200.0, 319867884.51926]","[321333000.0, 1219478000.0, 394980000.0, 459003054.0540541, 188798679.27617902]","[317969000.0, 1035208000.0, 384178500.0, 461891222.2222222, 199430677.3625461]","[254511000.0, 490676000.0, 377191000.0, 369446666.6666667, 73284726.64925179]","[225370000.0, 1099464000.0, 336360000.0, 422183090.90909094, 205285230.01200703]","[229181000.0, 2026596000.0, 380424000.0, 535180550.0, 425004676.8344409]","[203850000.0, 738218000.0, 281421500.0, 316797446.4285714, 97002332.98592056]","[262769000.0, 395747000.0, 317531000.0, 321175777.7777778, 30834068.309958868]","[200059000.0, 619847000.0, 293759000.0, 322309000.0, 104243717.95417261]","[257845000.0, 506106000.0, 343730000.0, 370006411.7647059, 76989295.26052828]","[337020000.0, 614220000.0, 376079500.0, 425213833.3333333, 99725667.45396538]","[259718000.0, 540549000.0, 415582000.0, 407857750.0, 104198439.86685933]","[420266000.0, 496190000.0, 429303000.0, 442829000.0, 28412276.952050146]",[34],[1]
0,"[268032000.0, 431865000.0, 338341500.0, 348534285.71428573, 50716904.456331454]","[254809000.0, 733101000.0, 362048000.0, 385442480.0, 94397877.82789187]","[5981754010.540015, 5981754010.540015, 5981754010.540015, 5981754010.540015, 5981754010.540015]","[332888000.0, 499722000.0, 365997500.0, 376124250.0, 49961283.13692013]","[324439000.0, 584081000.0, 359185000.0, 393829714.28571427, 82211824.43231507]","[375069000.0, 385618000.0, 380343500.0, 380343500.0, 5274500.0]","[334852000.0, 473447000.0, 355861000.0, 388053333.3333333, 60988541.27529932]","[248063000.0, 586964000.0, 301247000.0, 359380250.0, 134092556.44027188]","[234883000.0, 616184000.0, 303817000.0, 343685300.0, 117908623.20123155]","[170320000.0, 339949000.0, 297277000.0, 269182000.0, 72043950.37752996]","[255629000.0, 353377000.0, 309587500.0, 307045250.0, 43636317.88072293]","[277931000.0, 380789000.0, 361211000.0, 339977000.0, 44595247.19070408]","[238960000.0, 493504000.0, 315736000.0, 340984000.0, 95720707.23725353]","[374006000.0, 374006000.0, 374006000.0, 374006000.0, 374006000.0]","[503932000.0, 503932000.0, 503932000.0, 503932000.0, 503932000.0]",[34],[2]
0,"[285874000.0, 1556044000.0, 325562500.0, 408210650.0, 282463110.18082964]","[295398000.0, 486655000.0, 354651000.0, 362668352.9411765, 42484215.723491214]","[304133000.0, 572591000.0, 320178000.0, 398967333.3333333, 122945092.69407852]","[314693000.0, 478111000.0, 349475000.0, 371789375.0, 54037018.204971075]","[296530000.0, 407242000.0, 363019000.0, 356895142.85714287, 35710744.95133911]","[223326000.0, 444276000.0, 360488000.0, 344140400.0, 72602944.78215054]","[248179000.0, 815952000.0, 387192500.0, 468998166.6666667, 213926176.20370558]","[265841000.0, 533856000.0, 385909000.0, 380642833.3333333, 88305195.73316295]","[244070000.0, 454724000.0, 288396000.0, 310107000.0, 66860946.26483065]","[279688000.0, 335900000.0, 322763000.0, 313715400.0, 22707951.106165435]","[214899000.0, 341091000.0, 306234000.0, 295274125.0, 41839576.761833705]","[292254000.0, 299697000.0, 295975500.0, 295975500.0, 3721500.0]","[292375000.0, 367904000.0, 322957000.0, 327745333.3333333, 31019924.374863043]","[249718000.0, 334366000.0, 316202500.0, 304122250.0, 34231363.45790947]","[24793227744.322937, 24793227744.322937, 24793227744.322937, 24793227744.322937, 24793227744.322937]",[34],[3]
0,"[190574000.0, 804227000.0, 281215000.0, 288464119.04761904, 89507527.05943424]","[224992000.0, 1965408000.0, 293830000.0, 366357187.5, 269364117.41758096]","[175786000.0, 473889000.0, 397029500.0, 376930000.0, 79223118.99764037]","[227837000.0, 1907872000.0, 303764000.0, 349940574.4680851, 240909193.92732307]","[270765000.0, 913453000.0, 367742000.0, 395094032.2580645, 114438416.0082742]","[180019000.0, 388986000.0, 266126500.0, 267132333.33333334, 41565332.267073505]","[178896000.0, 1040948000.0, 269937000.0, 312096325.5813953, 136633417.22946468]","[227316000.0, 1271303000.0, 396811500.0, 448775882.35294116, 219946079.23544577]","[186328000.0, 1333289000.0, 281915000.0, 319409056.6037736, 159555433.44667172]","[201417000.0, 582394000.0, 265536000.0, 273656088.2352941, 59774053.11492882]","[218039000.0, 688825000.0, 283105000.0, 312548000.0, 103578579.76126145]","[214721000.0, 892234000.0, 280223000.0, 295714456.5217391, 99235690.05473492]","[288665000.0, 476606000.0, 375376000.0, 381944000.0, 52337316.430163965]","[200133000.0, 537048000.0, 318832000.0, 343311000.0, 97474842.77132289]","[235188000.0, 376865000.0, 266881000.0, 286326928.5714286, 41494959.20068276]",[38],[1]
0,"[199394000.0, 395490000.0, 273456000.0, 273757258.0645161, 45090516.31134562]","[251403000.0, 806208000.0, 301743000.0, 321203717.94871795, 95772884.5470309]","[197954000.0, 665006000.0, 417396000.0, 405118148.1481481, 96954511.74179138]","[245707000.0, 1837813000.0, 305621500.0, 371756526.31578946, 267413529.96718854]","[320619000.0, 3229811000.0, 395787000.0, 539066043.4782609, 589135896.8318496]","[234022000.0, 1084656000.0, 279761000.0, 333551666.6666667, 206929063.57901704]","[176195000.0, 474579000.0, 233510000.0, 253981294.11764705, 65596311.649149284]","[203762000.0, 1577866000.0, 329880500.0, 483871066.6666667, 325040263.5458089]","[163986000.0, 966953000.0, 265396000.0, 292071303.030303, 125530396.18149833]","[222817000.0, 402803000.0, 270002000.0, 287608787.8787879, 43494387.72138349]","[192283000.0, 1587274000.0, 254020000.0, 351551500.0, 298040340.6198488]","[206989000.0, 1158345000.0, 289779000.0, 376223851.8518519, 254649917.33979264]","[408132000.0, 1057560000.0, 442527000.0, 636073000.0, 298366913.2494419]","[200189000.0, 1194929000.0, 300769500.0, 357409833.3333333, 256365686.96682522]","[241913000.0, 503846000.0, 325461000.0, 322785142.85714287, 86273223.82396285]",[38],[2]
0,"[178315000.0, 644056000.0, 276146000.0, 287133600.0, 80322413.99410254]","[258584000.0, 1140363000.0, 307772500.0, 339917625.0, 149850867.62706572]","[223762000.0, 531657000.0, 409968000.0, 398962560.0, 73517825.17299053]","[260538000.0, 1401400000.0, 321512000.0, 402080029.4117647, 245984894.7973032]","[307374000.0, 1802954000.0, 380914000.0, 472634428.5714286, 314732897.47499675]","[210783000.0, 790846000.0, 276114000.0, 328721533.3333333, 145319786.64075845]","[176198000.0, 753108000.0, 238413000.0, 265760393.93939394, 112158098.28147739]","[216484000.0, 852259000.0, 315846000.0, 439721173.9130435, 201874681.40551564]","[196235000.0, 439255000.0, 261498000.0, 268904342.1052632, 46556422.3079889]","[223657000.0, 355216000.0, 277299000.0, 278910300.0, 32715458.896521688]","[212022000.0, 473404000.0, 279570000.0, 285457052.6315789, 61500770.50392277]","[210122000.0, 1047626000.0, 293202000.0, 361915833.3333333, 217158731.18053278]","[282501000.0, 412281000.0, 364878500.0, 356134750.0, 46746495.774416074]","[230957000.0, 439064000.0, 262396500.0, 287027214.28571427, 65172009.87077918]","[224796000.0, 737457000.0, 278536000.0, 328731250.0, 159735462.6646428]",[38],[3]
0,"[200361000.0, 4704071000.0, 280433500.0, 525189548.38709676, 750712634.8666587]","[221281000.0, 2375220000.0, 287560500.0, 369132245.61403507, 288645019.9519515]","[160318000.0, 1727837000.0, 236131500.0, 409547770.8333333, 413210390.4370952]","[245762000.0, 1338451000.0, 343312000.0, 404051452.05479455, 233739465.22084615]","[225776000.0, 2155211000.0, 323528000.0, 418001786.6666667, 295180484.7102325]","[179199000.0, 30260815000.0, 272791000.0, 932859446.8085107, 4325480448.602369]","[190578000.0, 1206735000.0, 288481000.0, 370942666.6666667, 229940307.31986845]","[204101000.0, 2179891000.0, 316667000.0, 385474138.46153843, 289084221.70491195]","[176378000.0, 691713000.0, 237617000.0, 258752047.6190476, 76250962.48769139]","[228458000.0, 7224170000.0, 290444000.0, 557606984.375, 1045239123.15567]","[165736000.0, 3035494000.0, 260083000.0, 357919157.8947368, 413478689.4817731]","[188400000.0, 1176215000.0, 259656000.0, 316215558.1395349, 197244415.04426324]","[215541000.0, 2147389000.0, 376180000.0, 660549210.5263158, 512141905.44650483]","[177327000.0, 1433658000.0, 291580000.0, 412916648.6486486, 311539044.32716286]","[279973000.0, 1711960000.0, 372128000.0, 592993956.5217391, 417038934.1302276]",[39],[1]
0,"[208552000.0, 2049484000.0, 285442000.0, 455927900.0, 489666790.9093795]","[237592000.0, 901880000.0, 288878500.0, 336515274.1935484, 134942152.82951257]","[154004000.0, 1353125000.0, 303888000.0, 456424590.90909094, 326456359.4172566]","[247825000.0, 2387476000.0, 347937500.0, 420881312.5, 362850268.24818164]","[221012000.0, 1441567000.0, 330428000.0, 446537250.0, 267055790.24861547]","[198195000.0, 1117711000.0, 278447000.0, 360835608.6956522, 230427864.49365827]","[214649000.0, 3815682000.0, 303548000.0, 495367043.4782609, 717409432.537199]","[194559000.0, 2304202000.0, 283756000.0, 412826848.4848485, 406799079.7457725]","[175172000.0, 500493000.0, 240083000.0, 256649615.3846154, 65408864.05413315]","[211600000.0, 5965360000.0, 280325500.0, 575917447.3684211, 1009088203.279671]","[163925000.0, 1654775000.0, 276610000.0, 330838634.61538464, 227445714.76787674]","[206404000.0, 874277000.0, 243871000.0, 298545032.2580645, 144666256.00336528]","[205710000.0, 1512568000.0, 454636000.0, 558253875.0, 410734708.61689955]","[194633000.0, 1482259000.0, 294002000.0, 453930222.2222222, 338535463.82330716]","[244741000.0, 2448836000.0, 324135000.0, 501190692.3076923, 567382063.8396866]",[39],[2]
0,"[205319000.0, 2081028000.0, 263728000.0, 468142437.5, 490757433.1184359]","[245106000.0, 1309629000.0, 286629500.0, 368339178.5714286, 229588197.6202258]","[171942000.0, 1728987000.0, 208882000.0, 435198923.0769231, 469017018.1774548]","[236875000.0, 705066000.0, 320631500.0, 331320730.7692308, 85178716.3699214]","[247649000.0, 1109705000.0, 310789000.0, 397228750.0, 238291676.28004587]","[166749000.0, 719881000.0, 273556000.0, 295588071.4285714, 131270934.35250857]","[210679000.0, 779655000.0, 303171500.0, 372382250.0, 184714307.7368061]","[191095000.0, 2520003000.0, 307751500.0, 472942500.0, 620286052.9385481]","[188875000.0, 673476000.0, 223394000.0, 275395466.6666667, 122375821.33785887]","[220944000.0, 854115000.0, 253351500.0, 305752722.2222222, 151622794.82130262]","[186384000.0, 1096539000.0, 264509500.0, 293738366.6666667, 155805357.6362686]","[190647000.0, 369108000.0, 233605000.0, 245939961.53846154, 43744012.548075795]","[225808000.0, 1803008000.0, 290945000.0, 525414166.6666667, 572396089.0570494]","[194981000.0, 1460685000.0, 266214000.0, 384921153.84615386, 326639224.01866376]","[279441000.0, 777940000.0, 332710000.0, 401889666.6666667, 150916317.86817783]",[39],[3]
0,"[146384000.0, 13024200000.0, 235684000.0, 477874527.027027, 1487030994.477207]","[237850000.0, 1755125000.0, 273536000.0, 300747198.5294118, 161329258.72788396]","[158246000.0, 1611680000.0, 451643000.0, 468434208.3333333, 234808588.511942]","[242063000.0, 1098638000.0, 302238000.0, 327945180.0, 107620866.29342657]","[178880000.0, 1618216000.0, 321143000.0, 365951295.2380952, 170248548.37593427]","[121635000.0, 275843000.0, 222053000.0, 209349800.0, 48534318.319034144]","[168773000.0, 1575501000.0, 269481000.0, 321338046.15384614, 230078511.66232735]","[151999000.0, 15234731000.0, 251435000.0, 597623894.7368422, 1973930900.7864313]","[133217000.0, 700362000.0, 228804000.0, 238551517.6470588, 83072407.25855993]","[129271000.0, 994798000.0, 177991000.0, 198211666.66666666, 107468220.99298391]","[159234000.0, 2047496000.0, 300375000.0, 399203607.14285713, 300145991.098539]","[133803000.0, 2446683000.0, 185124000.0, 289764000.0, 396060048.5599094]","[190659000.0, 585540000.0, 392267000.0, 376284375.0, 104122840.61618936]","[188790000.0, 1129337000.0, 410815000.0, 451482275.86206895, 219796678.05165887]","[119965000.0, 626913000.0, 153184500.0, 177936958.33333334, 96841875.39983205]",[40],[1]
0,"[150839000.0, 1036615000.0, 234565000.0, 259960085.7142857, 139875762.5119768]","[243430000.0, 731996000.0, 266683000.0, 301637974.35897434, 114018988.97844169]","[139974000.0, 1886171000.0, 420640000.0, 474108793.1034483, 361507858.9404127]","[238264000.0, 809728000.0, 283174000.0, 297209466.6666667, 89710210.74984844]","[266158000.0, 6862530000.0, 318201000.0, 605093886.7924528, 1260615423.7291396]","[127007000.0, 212965000.0, 151958000.0, 155775500.0, 29257180.974648487]","[141542000.0, 717999000.0, 284169500.0, 318480833.3333333, 155801570.76515272]","[151631000.0, 1274707000.0, 299194000.0, 412788882.35294116, 341817058.0540007]","[130245000.0, 1405462000.0, 201768500.0, 321405937.5, 340882750.3771401]","[117719000.0, 2206502000.0, 184205500.0, 278297468.75, 367747941.4889688]","[170351000.0, 1935611000.0, 284818000.0, 356566300.0, 282831102.4963662]","[118042000.0, 531197000.0, 181548500.0, 211005142.85714287, 104101061.99942517]","[201989000.0, 2403241000.0, 405775000.0, 531389923.0769231, 547802290.4211758]","[183114000.0, 477970000.0, 346366000.0, 339686600.0, 80427408.72099096]","[117731000.0, 206756000.0, 137136500.0, 147543375.0, 28722746.60847]",[40],[2]
0,"[154163000.0, 1737779000.0, 236330000.0, 305868200.0, 239249456.18966177]","[224670000.0, 407273000.0, 264481000.0, 268724961.03896105, 24418396.66042827]","[125756000.0, 5320812000.0, 428834000.0, 519318933.3333333, 736685703.0725111]","[240819000.0, 555748000.0, 290503000.0, 304014920.63492066, 56358674.89776349]","[210462000.0, 1518123000.0, 303863500.0, 358061560.6060606, 191789401.33110407]","[110050000.0, 347964000.0, 164568500.0, 180555333.33333334, 62598625.00131736]","[157807000.0, 2508038000.0, 268015000.0, 326370255.81395346, 346176302.31773]","[139923000.0, 1968039000.0, 292755000.0, 470715517.2413793, 477054943.10545945]","[131338000.0, 1615852000.0, 198564000.0, 251841823.52941176, 206293445.91679052]","[119398000.0, 1114742000.0, 170216000.0, 206425275.0, 154286408.82900015]","[177195000.0, 1384516000.0, 280593000.0, 383630363.6363636, 261877064.13231128]","[114868000.0, 325297000.0, 160896000.0, 176909233.33333334, 54498879.94548349]","[192871000.0, 3865173000.0, 394130000.0, 626311076.9230769, 938584757.8683773]","[221627000.0, 549252000.0, 418368000.0, 391198588.2352941, 96298452.3124418]","[125047000.0, 609473000.0, 149231000.0, 179865777.7777778, 105645905.74942924]",[40],[3]
0,"[263998000.0, 423970000.0, 340042000.0, 342013000.0, 57221479.35434735]","[192010000.0, 312129000.0, 263895000.0, 264148000.0, 43368769.99869837]","[143967000.0, 3840247000.0, 312020000.0, 420223310.3448276, 649034863.3091267]","[160095000.0, 743894000.0, 200018000.0, 257575000.0, 147684392.44099787]","[231891000.0, 344258000.0, 284010500.0, 286203000.0, 29622166.564922288]","[215867000.0, 335944000.0, 255845000.0, 261120488.37209302, 27382612.543212987]","[199722000.0, 920034000.0, 248011000.0, 287199510.63829786, 122080030.81687802]","[135937000.0, 447878000.0, 191977000.0, 220661850.0, 80945737.67795002]","[136183000.0, 271761000.0, 176230000.0, 185022809.52380952, 34940992.49499286]","[247807000.0, 368114000.0, 311659500.0, 309810000.0, 42913362.03911318]","[143989000.0, 576067000.0, 256008000.0, 264626937.5, 97133198.88268682]","[136478000.0, 551863000.0, 207423000.0, 217315173.91304347, 77883994.81092943]","[167965000.0, 303972000.0, 231877000.0, 234064727.27272728, 36942431.16007025]","[168207000.0, 375930000.0, 208009500.0, 247975833.33333334, 78476013.13653463]","[215947000.0, 511968000.0, 276353500.0, 297140642.85714287, 72841560.76484196]",[233],[1]
0,"[296113000.0, 344222000.0, 303913000.0, 314749333.3333333, 21082197.234212145]","[584235000.0, 584235000.0, 584235000.0, 584235000.0, 584235000.0]","[183864000.0, 383948000.0, 305598000.0, 302564360.0, 51084838.9570761]","[159746000.0, 354297000.0, 175520000.0, 193848000.0, 57202109.001523905]","[231452000.0, 535961000.0, 271974500.0, 305245166.6666667, 77749172.70281544]","[200105000.0, 311246000.0, 247652000.0, 253029956.52173913, 26213189.248226304]","[200076000.0, 551918000.0, 240517000.0, 272068666.6666667, 77619881.61104816]","[143785000.0, 463865000.0, 179910500.0, 231633687.5, 100245172.06249808]","[120592000.0, 256036000.0, 172439000.0, 177785000.0, 34033437.89836428]","[303666000.0, 368208000.0, 335937000.0, 335937000.0, 32271000.0]","[144065000.0, 445918000.0, 228138500.0, 241929000.0, 69141594.28213237]","[143981000.0, 496011000.0, 192109000.0, 213436800.0, 60330827.33670597]","[240250000.0, 256124000.0, 248187000.0, 248187000.0, 7937000.0]","[176124000.0, 400143000.0, 191911000.0, 254386200.0, 87863363.13026038]","[223666000.0, 847960000.0, 271910000.0, 318788666.6666667, 139053712.50587547]",[233],[2]
0,"[4826414340.694454, 4826414340.694454, 4826414340.694454, 4826414340.694454, 4826414340.694454]","[270941000.0, 270941000.0, 270941000.0, 270941000.0, 270941000.0]","[167885000.0, 368075000.0, 321932000.0, 312671533.3333333, 52339427.086237356]","[143825000.0, 520006000.0, 175998000.0, 234484800.0, 143842927.97826385]","[240023000.0, 376366000.0, 287034000.0, 295219909.09090906, 40656311.26999404]","[223875000.0, 1072123000.0, 263910000.0, 327821750.0, 197415370.28575686]","[200048000.0, 424129000.0, 263705000.0, 266196882.3529412, 55282330.91821351]","[152390000.0, 368226000.0, 199858500.0, 223947750.0, 66798717.65002304]","[127890000.0, 239869000.0, 183371000.0, 182953666.66666666, 36045618.81529818]","[303972000.0, 336059000.0, 320015500.0, 320015500.0, 16043500.0]","[167722000.0, 272589000.0, 199254000.0, 207332000.0, 36840572.91145788]","[175950000.0, 416261000.0, 226419000.0, 262897636.36363637, 72520849.4989516]","[215459000.0, 288098000.0, 251778500.0, 251778500.0, 36319500.0]","[182913000.0, 231718000.0, 213823000.0, 209484666.66666666, 20159329.65706504]","[216051000.0, 319961000.0, 287439000.0, 266157857.14285713, 36445458.786005825]",[233],[3]
0,"[159339000.0, 519720000.0, 375996000.0, 357762750.0, 128835801.01310155]","[152135000.0, 311993000.0, 215989000.0, 226705666.66666666, 65700229.57511049]","[191450000.0, 327935000.0, 272760000.0, 277581571.4285714, 45395511.53034891]","[247994000.0, 391889000.0, 367477000.0, 335786666.6666667, 62873686.47446154]","[247370000.0, 519978000.0, 291804500.0, 330170857.14285713, 91565453.07581672]","[199558000.0, 552011000.0, 264138500.0, 280257363.6363636, 78666782.09646828]","[175909000.0, 368067000.0, 272003000.0, 275854476.1904762, 51419925.59182171]","[151977000.0, 520129000.0, 271522000.0, 268234272.72727272, 93952661.52414776]","[136699000.0, 504460000.0, 168150000.0, 194855533.33333334, 87318211.28559354]","[224026000.0, 224026000.0, 224026000.0, 224026000.0, 224026000.0]","[159773000.0, 415621000.0, 216036000.0, 227157266.66666666, 67689176.70496188]","[127969000.0, 544999000.0, 231348000.0, 269207933.3333333, 104750904.07467718]","[183946000.0, 247887000.0, 200128500.0, 208022500.0, 26529668.283828955]","[191967000.0, 1383199000.0, 240069000.0, 392696222.2222222, 358952711.0113463]","[255864000.0, 400087000.0, 363686000.0, 350940500.0, 40699419.157403216]",[234],[1]
0,"[183823000.0, 1239891000.0, 223954000.0, 412663400.0, 414083051.19654435]","[279217000.0, 352150000.0, 315683500.0, 315683500.0, 36466500.0]","[223546000.0, 320055000.0, 319762000.0, 287787666.6666667, 45425875.62416626]","[232007000.0, 407461000.0, 280063000.0, 299898500.0, 68955095.58219755]","[255886000.0, 567977000.0, 313450000.0, 346766000.0, 99665633.11281265]","[207936000.0, 376172000.0, 272023000.0, 287999769.2307692, 59407630.19000926]","[255385000.0, 319854000.0, 279894500.0, 283757000.0, 23805016.435617093]","[231962000.0, 1504025000.0, 303999000.0, 476722000.0, 422962455.7553205]","[128036000.0, 279951000.0, 191978000.0, 197024823.52941176, 35012816.59660762]","[239961000.0, 319938000.0, 288178000.0, 284063750.0, 30701823.458672613]","[159985000.0, 208297000.0, 184141000.0, 184141000.0, 24156000.0]","[135936000.0, 775851000.0, 208516000.0, 277538900.0, 176750573.61969152]","[2067133422.4505134, 2067133422.4505134, 2067133422.4505134, 2067133422.4505134, 2067133422.4505134]","[192002000.0, 320036000.0, 243504000.0, 249761500.0, 52188792.391183]","[288008000.0, 1191832000.0, 301393000.0, 520656500.0, 387549186.44831395]",[234],[2]
0,"[175942000.0, 599710000.0, 193094000.0, 322915333.3333333, 195848603.76888627]","[144484000.0, 144484000.0, 144484000.0, 144484000.0, 144484000.0]","[295003000.0, 295003000.0, 295003000.0, 295003000.0, 295003000.0]","[351610000.0, 351610000.0, 351610000.0, 351610000.0, 351610000.0]","[304068000.0, 391854000.0, 335259000.0, 343727000.0, 36335251.17568337]","[216049000.0, 519938000.0, 287914000.0, 295991000.0, 75618955.2460228]","[304031000.0, 415876000.0, 359613000.0, 359783250.0, 41079800.98159557]","[160582000.0, 255999000.0, 213734000.0, 210105000.0, 39038256.47575294]","[191953000.0, 304039000.0, 247996000.0, 247996000.0, 56043000.0]","[14916010472.09317, 14916010472.09317, 14916010472.09317, 14916010472.09317, 14916010472.09317]","[200310000.0, 392053000.0, 255886000.0, 276033750.0, 74221394.05984975]","[159886000.0, 567837000.0, 231514000.0, 315006400.0, 151664058.45103842]","[160202000.0, 511978000.0, 224105000.0, 298761666.6666667, 153007193.62682122]","[520152000.0, 520152000.0, 520152000.0, 520152000.0, 520152000.0]","[24793227744.322937, 24793227744.322937, 24793227744.322937, 24793227744.322937, 24793227744.322937]",[234],[3]
0,"[4826414340.694454, 4826414340.694454, 4826414340.694454, 4826414340.694454, 4826414340.694454]","[174168000.0, 511142000.0, 218036000.0, 232536413.79310346, 66042470.438513115]","[178928000.0, 1050138000.0, 265854000.0, 498306666.6666667, 391814069.6004788]","[177274000.0, 394870000.0, 229617500.0, 246681000.0, 53254233.622001044]","[328998000.0, 1165607000.0, 395057000.0, 552318750.0, 309060131.3639265]","[276124000.0, 869218000.0, 308208000.0, 375468200.0, 170665712.9541842]","[175762000.0, 342052000.0, 284015000.0, 286599500.0, 40781696.52245968]","[186461000.0, 450612000.0, 269270000.0, 305795000.0, 94007441.78749134]","[193529000.0, 366404000.0, 246589000.0, 259078923.07692307, 50196679.64572579]","[264268000.0, 470576000.0, 338218500.0, 352820250.0, 74549178.99740748]","[246688000.0, 325916000.0, 286806500.0, 284898166.6666667, 30431557.2469143]","[214119000.0, 1025726000.0, 253988000.0, 375364333.3333333, 291824966.4505916]","[758200000.0, 860313000.0, 809256500.0, 809256500.0, 51056500.0]","[138568000.0, 235524000.0, 209734000.0, 200023666.66666666, 31048974.583175313]","[396327000.0, 1083521000.0, 433456000.0, 560905400.0, 262649174.83563507]",[235],[1]
0,"[741300000.0, 741300000.0, 741300000.0, 741300000.0, 741300000.0]","[192655000.0, 383361000.0, 216746000.0, 224498433.33333334, 34729908.49271306]","[167166000.0, 235382000.0, 208462000.0, 203670000.0, 28054448.393555462]","[202216000.0, 261613000.0, 225950000.0, 226797833.33333334, 21112193.044278678]","[322225000.0, 1764668000.0, 367704000.0, 576438285.7142857, 490056760.9709582]","[278640000.0, 351837000.0, 311448000.0, 317751571.4285714, 25165988.884417243]","[201965000.0, 344288000.0, 267357000.0, 276645200.0, 48553532.379838236]","[195087000.0, 401306000.0, 266003500.0, 285422666.6666667, 74292916.56604208]","[187478000.0, 318335000.0, 236830000.0, 244687400.0, 38147910.194924176]","[365719000.0, 489708000.0, 467264000.0, 440897000.0, 53942760.07646129]","[247553000.0, 380558000.0, 290069500.0, 298708000.0, 43870985.3471897]","[226954000.0, 247877000.0, 233828000.0, 236219666.66666666, 8707584.216583202]","[225490000.0, 588466000.0, 406978000.0, 406978000.0, 181488000.0]","[137688000.0, 302813000.0, 221467000.0, 222872111.1111111, 43584126.23483831]","[294552000.0, 2229970000.0, 363293000.0, 663018857.1428572, 648911846.3039113]",[235],[2]
0,"[4826414340.694454, 4826414340.694454, 4826414340.694454, 4826414340.694454, 4826414340.694454]","[186127000.0, 328205000.0, 217304000.0, 225296533.33333334, 30265031.596143357]","[162548000.0, 178445000.0, 168913000.0, 169704750.0, 7022933.481637143]","[221184000.0, 263084000.0, 233139000.0, 239506000.0, 15962627.78223829]","[315048000.0, 826077000.0, 396379500.0, 440606500.0, 159832890.18065086]","[257165000.0, 364369000.0, 320870000.0, 314781454.54545456, 32497871.906168748]","[250082000.0, 304727000.0, 263082000.0, 274389800.0, 24618700.358873535]","[209796000.0, 371028000.0, 277170000.0, 280317000.0, 52206249.8327547]","[110074000.0, 285030000.0, 212651000.0, 210583500.0, 46316169.7115597]","[228470000.0, 416480000.0, 320433000.0, 331164200.0, 63822028.72175092]","[220086000.0, 424141000.0, 254036500.0, 279392666.6666667, 68616450.64090358]","[244030000.0, 1176800000.0, 259628500.0, 485021750.0, 399580044.7196875]","[217201000.0, 299397000.0, 258299000.0, 258299000.0, 41098000.0]","[148775000.0, 281608000.0, 194005000.0, 206223818.1818182, 38815036.781260155]","[421205000.0, 470815000.0, 438350000.0, 443456666.6666667, 20572579.78205186]",[235],[3]
0,"[168016000.0, 367447000.0, 199263000.0, 206419608.6956522, 38865907.21815663]","[176471000.0, 232001000.0, 184320000.0, 194278000.0, 22618220.288077485]","[208006000.0, 439910000.0, 320128000.0, 328106400.0, 95506230.04307102]","[167841000.0, 311975000.0, 211947000.0, 225927500.0, 54768663.57005619]","[192002000.0, 360597000.0, 231429500.0, 231545944.44444445, 35072977.378083825]","[207452000.0, 1344272000.0, 220214000.0, 332826700.0, 337382528.06837815]","[167747000.0, 320030000.0, 279322000.0, 275780100.0, 34256973.762870535]","[143951000.0, 384092000.0, 216138000.0, 226079181.8181818, 68527836.77099691]","[135896000.0, 264504000.0, 180183500.0, 187430312.5, 32743917.35444682]","[182909000.0, 424051000.0, 207931500.0, 219287785.7142857, 58219952.96064569]","[119870000.0, 400010000.0, 183264000.0, 206076588.2352941, 83348832.91469783]","[143994000.0, 439895000.0, 236137500.0, 245202500.0, 70906400.40555029]","[184175000.0, 400321000.0, 200092000.0, 261529333.33333334, 98355419.35359852]","[160001000.0, 407985000.0, 231896000.0, 237354444.44444445, 71477430.82821645]","[248059000.0, 488145000.0, 263929000.0, 305504400.0, 91677059.42404567]",[236],[1]
0,"[183881000.0, 216362000.0, 191917000.0, 197772727.27272728, 11908174.038265472]","[135859000.0, 344059000.0, 211520000.0, 225739500.0, 77623358.49955218]","[169033000.0, 327818000.0, 212883000.0, 227091666.66666666, 50948540.4457827]","[296060000.0, 328389000.0, 312224500.0, 312224500.0, 16164500.0]","[191219000.0, 255485000.0, 215957000.0, 217023000.0, 22396914.903620098]","[199859000.0, 255016000.0, 231850500.0, 229741200.0, 15245539.411906684]","[231809000.0, 631761000.0, 279869500.0, 298812812.5, 89767967.16759461]","[200175000.0, 200175000.0, 200175000.0, 200175000.0, 200175000.0]","[151644000.0, 319982000.0, 195949000.0, 214622333.33333334, 62967552.90270979]","[183648000.0, 240109000.0, 215237000.0, 211284428.57142857, 15983221.41548213]","[111901000.0, 191647000.0, 163833000.0, 160884750.0, 22407084.614860095]","[151784000.0, 263881000.0, 203870000.0, 207881700.0, 31461673.67464738]","[215915000.0, 215915000.0, 215915000.0, 215915000.0, 215915000.0]","[151351000.0, 232043000.0, 201848500.0, 196772750.0, 35740771.706658766]","[239649000.0, 336293000.0, 247261000.0, 274401000.0, 43874444.98414387]",[236],[2]
0,"[151257000.0, 423946000.0, 214650000.0, 232015000.0, 82560574.26433723]","[199784000.0, 199784000.0, 199784000.0, 199784000.0, 199784000.0]","[143541000.0, 328510000.0, 243566500.0, 241925250.0, 62048390.738096505]","[5825855551.771858, 5825855551.771858, 5825855551.771858, 5825855551.771858, 5825855551.771858]","[199775000.0, 232769000.0, 216272000.0, 216272000.0, 16497000.0]","[208008000.0, 296209000.0, 261767000.0, 257014000.0, 29240928.473630928]","[167621000.0, 1040193000.0, 291792500.0, 405551500.0, 263215255.85867926]","[113243000.0, 271745000.0, 191511000.0, 190120875.0, 47986149.19546447]","[159721000.0, 248437000.0, 176441500.0, 192222666.66666666, 36274524.70934511]","[191427000.0, 224711000.0, 207858000.0, 207834000.0, 13055766.366957225]","[136030000.0, 248303000.0, 184036000.0, 189294000.0, 30641998.29754363]","[183999000.0, 399780000.0, 219405500.0, 256003750.0, 75162118.4270208]","[176670000.0, 176670000.0, 176670000.0, 176670000.0, 176670000.0]","[175855000.0, 190462000.0, 183158500.0, 183158500.0, 7303500.0]","[295196000.0, 295196000.0, 295196000.0, 295196000.0, 295196000.0]",[236],[3]
0,"[207958000.0, 304132000.0, 240150000.0, 245297258.06451613, 25434562.85599063]","[183772000.0, 328141000.0, 239994500.0, 242035777.7777778, 35762307.865118355]","[168675000.0, 4816889000.0, 288177000.0, 542536705.882353, 1069819295.1530901]","[183438000.0, 856094000.0, 239804000.0, 268336894.7368421, 141695178.72973686]","[255408000.0, 456104000.0, 273573000.0, 305826666.6666667, 60918232.1987615]","[232067000.0, 472006000.0, 292048000.0, 295620468.75, 51571381.83078405]","[247769000.0, 488083000.0, 347652000.0, 350969416.6666667, 51861194.56640163]","[176595000.0, 567830000.0, 247942000.0, 283185444.4444444, 112005152.33596386]","[135972000.0, 375882000.0, 199964000.0, 221191111.1111111, 65505241.06842214]","[216064000.0, 536783000.0, 265754000.0, 282381304.34782606, 65442676.78659186]","[146109000.0, 263771000.0, 191809000.0, 198434533.33333334, 31461448.391889963]","[199962000.0, 532780000.0, 239633000.0, 271611800.0, 84432653.46787739]","[200218000.0, 1161138000.0, 251104500.0, 465891250.0, 403159031.9795496]","[160624000.0, 247543000.0, 192132500.0, 200063500.0, 33141450.796799265]","[279928000.0, 399491000.0, 320045000.0, 333154666.6666667, 49683835.482199065]",[237],[1]
0,"[207655000.0, 496011000.0, 247063000.0, 253514869.5652174, 55965613.24778259]","[184140000.0, 303999000.0, 240215000.0, 239259555.55555555, 31451962.592397634]","[160405000.0, 1184184000.0, 313043000.0, 370935428.5714286, 225462444.39829534]","[184085000.0, 303305000.0, 223902000.0, 229322080.0, 27680281.271576703]","[208510000.0, 671909000.0, 276020000.0, 294855583.3333333, 86252372.58906595]","[231886000.0, 408105000.0, 280264000.0, 290785000.0, 42634800.16985901]","[176121000.0, 463650000.0, 328010000.0, 335586833.3333333, 62453502.29348409]","[164717000.0, 359645000.0, 239699000.0, 244772000.0, 49207521.44630828]","[151986000.0, 432032000.0, 208344500.0, 244390055.55555555, 76255572.38106327]","[207956000.0, 831912000.0, 271662000.0, 295272656.25, 113819655.84495099]","[175603000.0, 543581000.0, 214768000.0, 254277181.8181818, 99008410.71785787]","[200119000.0, 343732000.0, 247973000.0, 252356454.54545453, 46022149.40530589]","[247460000.0, 360084000.0, 359938000.0, 322494000.0, 53057083.69922593]","[223309000.0, 255783000.0, 238967000.0, 239353000.0, 13260264.351311654]","[273906000.0, 407857000.0, 340881500.0, 340881500.0, 66975500.0]",[237],[2]
0,"[215726000.0, 319514000.0, 235030000.0, 243561500.0, 26770939.582409132]","[191551000.0, 271203000.0, 231988500.0, 227352357.14285713, 22632771.077757213]","[152103000.0, 360421000.0, 264040000.0, 252188875.0, 74141660.77421907]","[191977000.0, 256620000.0, 230477000.0, 229916631.57894737, 18234871.636540465]","[231921000.0, 1127553000.0, 280436000.0, 341334066.6666667, 212846387.27729335]","[231704000.0, 351772000.0, 275469500.0, 279856181.8181818, 32395354.133293368]","[295200000.0, 752116000.0, 335668000.0, 351883526.31578946, 97509557.8933937]","[184290000.0, 920224000.0, 219866000.0, 318003625.0, 230674850.74122053]","[150017000.0, 359836000.0, 199923000.0, 239777545.45454547, 73038684.54750367]","[207141000.0, 592027000.0, 264422000.0, 273194058.8235294, 84896102.3420916]","[167989000.0, 367977000.0, 192741000.0, 233741777.7777778, 66062713.03470796]","[207350000.0, 304833000.0, 239741000.0, 244989250.0, 31147715.408798445]","[208017000.0, 208017000.0, 208017000.0, 208017000.0, 208017000.0]","[327975000.0, 327975000.0, 327975000.0, 327975000.0, 327975000.0]","[437367000.0, 711733000.0, 574550000.0, 574550000.0, 137183000.0]",[237],[3]
0,"[293966000.0, 1407414000.0, 337961500.0, 554958666.6666666, 398261749.01424927]","[232941000.0, 1126701000.0, 386309000.0, 451215555.5555556, 245976918.34990042]","[219513000.0, 613429000.0, 376184000.0, 371302520.0, 96549825.17814106]","[272757000.0, 1146286000.0, 313179000.0, 458725600.0, 281914491.87340474]","[261371000.0, 1246354000.0, 340242000.0, 393933023.8095238, 189434756.89000586]","[199053000.0, 1453011000.0, 323862500.0, 355367333.3333333, 202286670.72759777]","[176315000.0, 1790937000.0, 326268000.0, 409793333.3333333, 313377301.35382426]","[244751000.0, 442113000.0, 310686000.0, 309734071.4285714, 55566930.66469388]","[194038000.0, 613411000.0, 278984500.0, 333985285.71428573, 132601159.48880506]","[277225000.0, 752609000.0, 359160000.0, 394192142.85714287, 150794293.61070338]","[215108000.0, 815591000.0, 352417000.0, 410163153.84615386, 170415838.84037495]","[214581000.0, 449573000.0, 422550000.0, 372797555.5555556, 75909747.65705669]","[207176000.0, 296105000.0, 272653000.0, 258126800.0, 33151021.977610283]","[184226000.0, 678971000.0, 330157000.0, 340579777.7777778, 141144276.22336403]","[223873000.0, 590542000.0, 409504000.0, 392538230.7692308, 96230547.1204471]",[238],[1]
0,"[301682000.0, 513951000.0, 349187000.0, 377580111.1111111, 64425243.588457614]","[325451000.0, 1003739000.0, 429951000.0, 507290666.6666667, 226151621.0352888]","[282761000.0, 531491000.0, 331581500.0, 363158000.0, 71533125.71896324]","[167876000.0, 513983000.0, 342504000.0, 357227571.4285714, 111890487.35623741]","[292418000.0, 520439000.0, 364774000.0, 371968523.8095238, 57845223.21606253]","[235788000.0, 431839000.0, 331731000.0, 326927300.0, 44630097.70894525]","[162437000.0, 1539764000.0, 258189000.0, 345756125.0, 320540001.04294217]","[207614000.0, 586058000.0, 275140000.0, 313888666.6666667, 101567285.91458745]","[201113000.0, 941441000.0, 254834000.0, 319248636.3636364, 199012630.46910214]","[315032000.0, 867064000.0, 410578500.0, 470992000.0, 180846943.09184954]","[225043000.0, 421562000.0, 279314000.0, 308147833.3333333, 78807035.50744833]","[230286000.0, 1303596000.0, 357174000.0, 481804800.0, 302255118.33608377]","[181610000.0, 437880000.0, 280727000.0, 300072333.3333333, 105512273.11339451]","[216190000.0, 926596000.0, 345956500.0, 408080250.0, 211277689.01125717]","[288355000.0, 845172000.0, 377758000.0, 439779142.85714287, 171635067.23230174]",[238],[2]
0,"[303412000.0, 456019000.0, 362912000.0, 374114333.3333333, 62803096.08256233]","[245812000.0, 388514000.0, 319093000.0, 311769000.0, 54243696.26417433]","[278647000.0, 410052000.0, 360045000.0, 342878333.3333333, 43067896.11248215]","[261202000.0, 261202000.0, 261202000.0, 261202000.0, 261202000.0]","[332758000.0, 842649000.0, 351896000.0, 416534181.8181818, 144220716.95830297]","[216312000.0, 572332000.0, 326408000.0, 342183000.0, 79387543.5107213]","[223145000.0, 429352000.0, 369610500.0, 339702166.6666667, 65844444.13898732]","[205123000.0, 780334000.0, 350021000.0, 387948111.1111111, 156593060.5958177]","[258507000.0, 685533000.0, 315504000.0, 419848000.0, 189303202.8624978]","[218591000.0, 403271000.0, 339195000.0, 319830666.6666667, 78803351.58834018]","[207482000.0, 611989000.0, 285118000.0, 329812300.0, 122593238.77853134]","[291281000.0, 486496000.0, 295573000.0, 342230750.0, 83316582.16218126]","[262376000.0, 262376000.0, 262376000.0, 262376000.0, 262376000.0]","[323488000.0, 829116000.0, 431624000.0, 503963000.0, 193733901.70282537]","[343283000.0, 523701000.0, 421149000.0, 425669900.0, 56377367.99718483]",[238],[3]
0,"[240378000.0, 726968000.0, 269149000.0, 308223200.0, 116009020.01666364]","[268980000.0, 1349211000.0, 319882000.0, 392792480.0, 248873425.46155787]","[162372000.0, 1747241000.0, 387533500.0, 526243777.7777778, 368086315.87827265]","[306881000.0, 358578000.0, 331385000.0, 331370666.6666667, 15149175.188401807]","[294933000.0, 1276213000.0, 344554000.0, 498935642.85714287, 317559447.8029962]","[213173000.0, 1100731000.0, 250421000.0, 410423000.0, 345573983.0299729]","[169349000.0, 1119767000.0, 225198500.0, 362428450.0, 295164568.5990232]","[179504000.0, 2036370000.0, 210315500.0, 444187125.0, 602371764.1213019]","[159291000.0, 275074000.0, 198995000.0, 211309181.8181818, 33158138.06818411]","[173286000.0, 450859000.0, 282519000.0, 281604636.3636364, 67807474.14457914]","[147521000.0, 437352000.0, 232276000.0, 258775062.5, 85800060.60929441]","[185529000.0, 863035000.0, 221017500.0, 292714357.14285713, 178034068.84221712]","[286538000.0, 496189000.0, 293423000.0, 358716666.6666667, 97248248.07447974]","[197252000.0, 268259000.0, 226683500.0, 227276125.0, 20265249.223964036]","[417147000.0, 2116095000.0, 761877000.0, 1014249000.0, 672504984.2521615]",[239],[1]
0,"[248071000.0, 307624000.0, 272455500.0, 273037714.28571427, 18711383.09551004]","[264380000.0, 468763000.0, 312653000.0, 327689571.4285714, 48918217.89337736]","[147113000.0, 2355311000.0, 383376500.0, 584801900.0, 606751751.0277905]","[274025000.0, 493130000.0, 342048000.0, 356950153.84615386, 56766495.642366305]","[323220000.0, 434654000.0, 340866500.0, 356509600.0, 40548515.137301885]","[144282000.0, 259063000.0, 218778000.0, 207832125.0, 35120798.846401185]","[160257000.0, 456385000.0, 212459500.0, 246884142.85714287, 75786521.02815527]","[176068000.0, 454984000.0, 216231000.0, 251054222.2222222, 87826588.2910153]","[127688000.0, 248987000.0, 214219500.0, 206936166.66666666, 38375870.28944389]","[148520000.0, 611808000.0, 273521000.0, 273951555.5555556, 132200936.05157861]","[161424000.0, 300276000.0, 212012000.0, 221729235.29411766, 35560016.70503381]","[188239000.0, 740768000.0, 231033000.0, 308247230.7692308, 175356937.40927997]","[324464000.0, 369316000.0, 346890000.0, 346890000.0, 22426000.0]","[203638000.0, 894462000.0, 262734000.0, 399111428.5714286, 239178137.5591107]","[395177000.0, 759079000.0, 470372000.0, 518461400.0, 126937417.61135682]",[239],[2]
0,"[228368000.0, 465334000.0, 283555000.0, 289864818.1818182, 51079978.85458767]","[266125000.0, 1135209000.0, 316944000.0, 372951684.2105263, 187649263.1163544]","[137724000.0, 704719000.0, 412547500.0, 433333300.0, 161316969.916404]","[288085000.0, 387817000.0, 314576500.0, 324688166.6666667, 29074398.657677438]","[306205000.0, 406917000.0, 329234000.0, 332769083.3333333, 26920276.885210317]","[168607000.0, 473379000.0, 216385000.0, 233993769.23076922, 72847764.45136893]","[164321000.0, 636465000.0, 217085000.0, 277713230.7692308, 127956023.03926012]","[176336000.0, 399083000.0, 214963000.0, 230582615.3846154, 58031872.30842464]","[168560000.0, 815390000.0, 206834500.0, 307690333.3333333, 226029770.94818482]","[157912000.0, 346225000.0, 246189500.0, 243634125.0, 58597418.85193729]","[180252000.0, 442693000.0, 212471000.0, 238152230.76923078, 75189749.66673812]","[216086000.0, 1778962000.0, 230777000.0, 392935384.61538464, 410860929.3418167]","[244051000.0, 244051000.0, 244051000.0, 244051000.0, 244051000.0]","[178404000.0, 925718000.0, 216140000.0, 350203000.0, 288308530.7735447]","[436046000.0, 568057000.0, 482300000.0, 491074400.0, 51546347.93891804]",[239],[3]
0,"[274850000.0, 435882000.0, 317230000.0, 325163764.7058824, 41178917.57930823]","[221698000.0, 708069000.0, 260136000.0, 341447800.0, 184027802.9770502]","[297165000.0, 463455000.0, 343572000.0, 361941000.0, 66874160.13678228]","[467564000.0, 467564000.0, 467564000.0, 467564000.0, 467564000.0]","[273403000.0, 442414000.0, 324572500.0, 341522250.0, 50494389.32383973]","[196251000.0, 466147000.0, 288450000.0, 287771000.0, 64242908.35793251]","[298228000.0, 317376000.0, 307802000.0, 307802000.0, 9574000.0]","[172182000.0, 394143000.0, 226166000.0, 248874800.0, 75578960.32468295]","[149878000.0, 303171000.0, 196622000.0, 213222214.2857143, 44684205.91723748]","[298346000.0, 360097000.0, 329221500.0, 329221500.0, 30875500.0]","[167966000.0, 217802000.0, 206347000.0, 197705400.0, 20308204.72222988]","[178453000.0, 550728000.0, 300544000.0, 326197454.54545456, 117435219.24515246]","[163993000.0, 273045000.0, 220660000.0, 218660400.0, 42773455.771541305]","[240399000.0, 240399000.0, 240399000.0, 240399000.0, 240399000.0]","[202155000.0, 541014000.0, 356881000.0, 364232750.0, 123052727.48373967]",[240],[1]
0,"[258329000.0, 378134000.0, 312665500.0, 314084650.0, 32932235.181164064]","[237431000.0, 558172000.0, 364406000.0, 386669666.6666667, 131884925.62415497]","[252736000.0, 719351000.0, 486043500.0, 486043500.0, 233307500.0]","[110880000.0, 498329000.0, 304604500.0, 304604500.0, 193724500.0]","[279962000.0, 425111000.0, 330826000.0, 335605722.2222222, 36661660.16851567]","[199899000.0, 429482000.0, 317568500.0, 307744555.5555556, 51057566.38912833]","[133583000.0, 394729000.0, 245855000.0, 255005500.0, 121523651.3883203]","[170940000.0, 346863000.0, 244486000.0, 258266166.66666666, 66700687.02149094]","[137594000.0, 311357000.0, 192374000.0, 226196454.54545453, 57233906.71996585]","[274012000.0, 378233000.0, 311033500.0, 318578000.0, 39882950.81234587]","[153950000.0, 279549000.0, 194144000.0, 200483285.7142857, 37235197.34918365]","[193942000.0, 512341000.0, 296214000.0, 316526260.8695652, 86176560.50388512]","[176869000.0, 325659000.0, 214517000.0, 237511428.57142857, 52177600.91362999]","[248008000.0, 283520000.0, 265764000.0, 265764000.0, 17756000.0]","[334351000.0, 461774000.0, 403196500.0, 400629500.0, 49574874.68718403]",[240],[2]
0,"[280085000.0, 872149000.0, 325157500.0, 374784312.5, 146215290.31180304]","[204049000.0, 570355000.0, 260566000.0, 344990000.0, 161018798.57333428]","[267206000.0, 382125000.0, 327599000.0, 322552333.3333333, 41274543.044781916]","[5825855551.771858, 5825855551.771858, 5825855551.771858, 5825855551.771858, 5825855551.771858]","[250765000.0, 794367000.0, 324149500.0, 356208500.0, 121886693.38968967]","[193133000.0, 477125000.0, 326614000.0, 314696913.04347825, 61619802.98284482]","[309602000.0, 667336000.0, 362528000.0, 414254400.0, 129390738.7313327]","[249632000.0, 553840000.0, 386588000.0, 394162000.0, 109090190.89038207]","[158833000.0, 304479000.0, 207960000.0, 217295909.0909091, 40052083.82379248]","[317284000.0, 372408000.0, 344846000.0, 344846000.0, 27562000.0]","[150916000.0, 409602000.0, 173061000.0, 207656500.0, 80224954.34713565]","[200096000.0, 909933000.0, 302131000.0, 352304428.5714286, 173805323.88718885]","[192921000.0, 237983000.0, 209547000.0, 215509800.0, 16655924.53633241]","[258266000.0, 258266000.0, 258266000.0, 258266000.0, 258266000.0]","[324342000.0, 525398000.0, 334943000.0, 379906500.0, 84212421.24680895]",[240],[3]
0,"[263925000.0, 768088000.0, 311871000.0, 360080076.9230769, 129497036.5633376]","[208054000.0, 751930000.0, 295954000.0, 318552565.2173913, 121229112.16364194]","[199965000.0, 1032132000.0, 511915500.0, 551259400.0, 252441534.13976866]","[271934000.0, 615949000.0, 356222500.0, 397579400.0, 116184626.7517351]","[303783000.0, 2040046000.0, 415841000.0, 698607000.0, 614653359.0452969]","[175951000.0, 447849000.0, 279971000.0, 293580428.5714286, 95748429.30283079]","[239960000.0, 943944000.0, 351994000.0, 397504153.84615386, 185082591.07920364]","[247951000.0, 703498000.0, 335985000.0, 412337111.1111111, 155383331.8155418]","[232323000.0, 280014000.0, 264052000.0, 259425285.7142857, 16374563.1890641]","[247967000.0, 584097000.0, 312029500.0, 324017666.6666667, 87795543.8821103]","[192200000.0, 704119000.0, 268062500.0, 336772100.0, 166029753.0272511]","[247996000.0, 1079843000.0, 303973000.0, 423045000.0, 239812754.45021686]","[192055000.0, 240051000.0, 215865000.0, 215990333.33333334, 19594485.369330037]","[239900000.0, 528391000.0, 435952500.0, 403993625.0, 119342162.94958113]","[24793227744.322937, 24793227744.322937, 24793227744.322937, 24793227744.322937, 24793227744.322937]",[241],[1]
0,"[272188000.0, 1127978000.0, 312010000.0, 493830454.54545456, 310180134.81886286]","[247460000.0, 479906000.0, 303868000.0, 315481454.54545456, 60059726.97901139]","[288026000.0, 496016000.0, 392021000.0, 392021000.0, 103995000.0]","[279728000.0, 392155000.0, 311957000.0, 315358428.5714286, 35622828.073570795]","[320221000.0, 871979000.0, 407935000.0, 525311333.3333333, 217783080.80263922]","[208303000.0, 791944000.0, 335523000.0, 366317333.3333333, 168491317.39779484]","[199750000.0, 568048000.0, 316172000.0, 339356250.0, 115143249.50659287]","[207758000.0, 616028000.0, 271972000.0, 356504857.14285713, 154989094.757782]","[183796000.0, 352051000.0, 279976000.0, 270205555.5555556, 46803412.423338704]","[270932000.0, 336093000.0, 292123000.0, 298036333.3333333, 20533896.558833856]","[192237000.0, 263752000.0, 215878000.0, 219173200.0, 23910276.664229546]","[207890000.0, 416189000.0, 263937500.0, 274231214.28571427, 60835212.53961225]","[247915000.0, 256354000.0, 252134500.0, 252134500.0, 4219500.0]","[215968000.0, 600198000.0, 316563000.0, 350852000.0, 124818282.00494777]","[303980000.0, 303980000.0, 303980000.0, 303980000.0, 303980000.0]",[241],[2]
0,"[288050000.0, 1567983000.0, 344125000.0, 543931571.4285715, 432837636.2401486]","[248078000.0, 775882000.0, 295402000.0, 324965210.5263158, 112608379.92449246]","[271897000.0, 584745000.0, 447695000.0, 434779000.0, 128045786.2589264]","[300587000.0, 928129000.0, 324316000.0, 395661300.0, 183336169.65348107]","[311263000.0, 735797000.0, 411882000.0, 501775500.0, 172350880.51559237]","[239007000.0, 576437000.0, 387938000.0, 394586500.0, 111923009.44213095]","[279906000.0, 503965000.0, 387834500.0, 385231333.3333333, 77206611.8016384]","[240195000.0, 367432000.0, 271991500.0, 278968250.0, 35669869.43398447]","[264000000.0, 319991000.0, 295964000.0, 294545000.0, 23250857.661600355]","[263763000.0, 391980000.0, 288172000.0, 309620142.85714287, 43009628.42178007]","[184163000.0, 216173000.0, 215838000.0, 208003000.0, 13764740.389851164]","[229471000.0, 576344000.0, 287618000.0, 329355888.8888889, 105910871.65415649]","[215801000.0, 215801000.0, 215801000.0, 215801000.0, 215801000.0]","[207656000.0, 616027000.0, 527254000.0, 450312333.3333333, 175369578.24802136]","[447732000.0, 456121000.0, 451926500.0, 451926500.0, 4194500.0]",[241],[3]
0,"[188966000.0, 274120000.0, 211169500.0, 215137000.0, 22667484.45933703]","[199033000.0, 268367000.0, 236333000.0, 234470458.33333334, 17922175.711901274]","[133295000.0, 431474000.0, 175500000.0, 193384444.44444445, 65509031.78122525]","[211806000.0, 298371000.0, 241944000.0, 249387473.68421054, 24893540.572793327]","[192226000.0, 739507000.0, 220708000.0, 294193700.0, 165886472.92956108]","[146630000.0, 666815000.0, 211090000.0, 286158500.0, 185174278.72858045]","[161169000.0, 808615000.0, 301645500.0, 327773000.0, 175328085.48318776]","[168896000.0, 249070000.0, 194428000.0, 199405142.85714287, 25842131.371787716]","[122856000.0, 222623000.0, 173089000.0, 176550000.0, 24689344.409777578]","[181992000.0, 225413000.0, 195372000.0, 198525454.54545453, 11722972.322159415]","[142639000.0, 233431000.0, 192984000.0, 192712750.0, 24860452.919328857]","[107122000.0, 229462000.0, 177231000.0, 178573347.82608697, 25391912.631710287]","[184420000.0, 752104000.0, 340870000.0, 425798000.0, 239410184.76246995]","[168983000.0, 235183000.0, 180086000.0, 195727400.0, 25437515.339356553]","[177620000.0, 437979000.0, 279350000.0, 289362200.0, 85436730.94026949]",[244],[1]
0,"[185730000.0, 253554000.0, 208345000.0, 210684352.94117647, 14668099.355368504]","[205158000.0, 290053000.0, 222493000.0, 227510291.66666666, 19669120.88672489]","[119368000.0, 211323000.0, 161753500.0, 168679071.42857143, 27302152.381044157]","[218733000.0, 295600000.0, 248484000.0, 247772642.85714287, 20069952.379497718]","[203664000.0, 754107000.0, 303415000.0, 408614857.14285713, 222464568.7663727]","[156302000.0, 453309000.0, 204792000.0, 242492166.66666666, 87599538.40901344]","[121814000.0, 345729000.0, 186016000.0, 211456833.33333334, 77394316.21770139]","[167032000.0, 220242000.0, 190436500.0, 190866833.33333334, 17986086.71924558]","[123460000.0, 196246000.0, 177339000.0, 171574090.9090909, 18577099.766083192]","[182144000.0, 212007000.0, 207996500.0, 202355333.33333334, 10989050.499878908]","[146309000.0, 520427000.0, 190828500.0, 235605785.7142857, 112963105.85646889]","[135198000.0, 317486000.0, 174339000.0, 188534538.46153846, 45374136.607365936]","[304611000.0, 304611000.0, 304611000.0, 304611000.0, 304611000.0]","[158138000.0, 200033000.0, 188774000.0, 186058833.33333334, 13758228.997181611]","[166955000.0, 605036000.0, 211336500.0, 278223833.3333333, 152179571.20171842]",[244],[2]
0,"[193980000.0, 740953000.0, 212866000.0, 241367100.0, 115346039.97706205]","[197458000.0, 266249000.0, 228913000.0, 226668631.57894737, 16066808.51684296]","[120081000.0, 279924000.0, 171587000.0, 176687941.17647058, 46675289.520473994]","[203387000.0, 293727000.0, 240001500.0, 246934928.57142857, 23226953.325406503]","[190869000.0, 752615000.0, 221009000.0, 289442333.3333333, 167034431.2655993]","[155478000.0, 727123000.0, 213142000.0, 268782615.38461536, 146421625.1123596]","[131648000.0, 349608000.0, 167357000.0, 214374750.0, 77757378.55998512]","[112733000.0, 499086000.0, 187224000.0, 228917833.33333334, 127339426.71513362]","[138377000.0, 230413000.0, 166486000.0, 173889250.0, 30849075.14314651]","[181385000.0, 220109000.0, 195439500.0, 196533300.0, 11794530.444659507]","[153986000.0, 715221000.0, 175955500.0, 225369750.0, 149437818.0198066]","[145941000.0, 209856000.0, 168708000.0, 174635764.70588234, 17149128.887255337]","[133310000.0, 163762000.0, 148536000.0, 148536000.0, 15226000.0]","[156089000.0, 226441000.0, 183173500.0, 185742666.66666666, 23956156.05411037]","[149417000.0, 402290000.0, 216976500.0, 246415000.0, 96864702.26300187]",[244],[3]
0,"[254623000.0, 346018000.0, 292342000.0, 291910814.8148148, 22387219.695764974]","[232461000.0, 321663000.0, 271073000.0, 271403195.65217394, 16912789.464240372]","[175444000.0, 800575000.0, 308171000.0, 345890909.09090906, 162349762.68311715]","[217360000.0, 318415000.0, 262126000.0, 267028352.94117647, 24926658.587665148]","[229968000.0, 808613000.0, 313320500.0, 348456958.3333333, 111183779.88585654]","[152093000.0, 738928000.0, 224028000.0, 266876642.85714287, 140641285.93573853]","[161278000.0, 417251000.0, 199288000.0, 231469454.54545453, 75466667.69371355]","[204206000.0, 558920000.0, 230557000.0, 266496272.72727272, 97435649.03434369]","[176006000.0, 571948000.0, 234306000.0, 261563161.29032257, 73589569.04173431]","[228449000.0, 333229000.0, 285427500.0, 283022538.46153843, 24259439.47800489]","[171979000.0, 523769000.0, 243882000.0, 260206904.76190478, 76726928.46893223]","[169000000.0, 825952000.0, 228516000.0, 267341933.33333334, 155425807.51319546]","[174084000.0, 620263000.0, 397173500.0, 397173500.0, 223089500.0]","[197544000.0, 303263000.0, 247114000.0, 241785222.2222222, 37892662.95963956]","[151468000.0, 508421000.0, 210422500.0, 269804250.0, 116528355.47276679]",[245],[1]
0,"[264021000.0, 520162000.0, 295812000.0, 308443157.8947368, 54262052.69873535]","[216067000.0, 427887000.0, 270357000.0, 275267804.8780488, 34048198.005552985]","[156159000.0, 788405000.0, 313591500.0, 379246214.28571427, 159277349.56411213]","[241104000.0, 356557000.0, 271909000.0, 277867000.0, 33477590.585345294]","[275819000.0, 400521000.0, 332464000.0, 330839214.28571427, 33806241.30494793]","[182885000.0, 375397000.0, 240625000.0, 266099500.0, 70162490.41867028]","[163678000.0, 493197000.0, 246935000.0, 292847526.31578946, 94003390.15295835]","[204553000.0, 316306000.0, 234011000.0, 246324222.2222222, 40220310.62032044]","[174503000.0, 935628000.0, 233028000.0, 269929956.5217391, 149222942.7128003]","[237298000.0, 495832000.0, 291708500.0, 298991900.0, 49996459.1145213]","[171899000.0, 709584000.0, 229108000.0, 273747266.6666667, 131636075.39397736]","[147835000.0, 378395000.0, 246903500.0, 255520750.0, 70356317.17150564]","[175057000.0, 178516000.0, 176786500.0, 176786500.0, 1729500.0]","[163274000.0, 433552000.0, 248816000.0, 263434000.0, 90698166.57022345]","[182018000.0, 351702000.0, 266860000.0, 266860000.0, 84842000.0]",[245],[2]
0,"[257306000.0, 635629000.0, 299064000.0, 323062400.0, 83718731.7811253]","[238071000.0, 342046000.0, 285422000.0, 286387828.5714286, 21911711.555350896]","[191351000.0, 451950000.0, 275942000.0, 273306900.0, 71211273.57581803]","[260194000.0, 323582000.0, 284823500.0, 287560000.0, 19208210.058895823]","[267232000.0, 438393000.0, 294084500.0, 311383642.85714287, 45651038.90479092]","[186752000.0, 889357000.0, 265189000.0, 329963307.6923077, 183351296.82467464]","[197057000.0, 617220000.0, 265352000.0, 306419909.09090906, 116130168.22863005]","[197829000.0, 406187000.0, 234332500.0, 260122700.0, 62380923.05032044]","[179210000.0, 594604000.0, 244177000.0, 289659291.6666667, 111553636.7678045]","[260098000.0, 331016000.0, 290379000.0, 292996066.6666667, 22560208.129851602]","[184540000.0, 472626000.0, 237274500.0, 263907357.14285713, 82636023.03786954]","[193157000.0, 406845000.0, 241777000.0, 254474000.0, 53460513.08356378]","[2067133422.4505134, 2067133422.4505134, 2067133422.4505134, 2067133422.4505134, 2067133422.4505134]","[148812000.0, 912694000.0, 256687000.0, 327284857.14285713, 242310663.67987108]","[175417000.0, 347599000.0, 346447000.0, 289821000.0, 80897211.27455507]",[245],[3]
