,er,in,ti,on,es,te,at,al,an,en,is,ic,ri,ra,st,li,ne,ar,ro,ed,ng,nt,or,un,la,it,co,ca,ni,de,io,to,ta,ss,se,ia,ly,us,ch,ma,el,ou,di,me,he,user_id,platform_id,re,tr,le,lo,no
0,"[830557500.0, 830557500.0, 74088741.41359131, 790423250.0, 870691750.0]","[185898000.0, 202561071.42857143, 107865052.39862993, 129522000.0, 260564000.0]","[147810000.0, 141166285.7142857, 73523083.44898857, 82026250.0, 197157500.0]","[175984500.0, 176559375.0, 80729220.05399309, 127408750.0, 239377500.0]","[203724500.0, 222194933.33333334, 74255350.64017648, 180565000.0, 267716750.0]","[189808500.0, 195117050.0, 74657100.46939607, 127174000.0, 248777500.0]","[234072000.0, 239932333.33333334, 64506516.83185024, 192055000.0, 275609750.0]","[139505500.0, 156009800.0, 77502435.61308251, 115027500.0, 212648000.0]","[125485500.0, 133298750.0, 76456726.2740009, 88090250.0, 190531000.0]","[128480000.0, 147327583.33333334, 83016043.04084677, 106105500.0, 202971250.0]","[115760000.0, 125771437.5, 69925187.92115323, 82569500.0, 176020250.0]","[127129500.0, 138039600.0, 80298418.07868944, 80444250.0, 188664000.0]","[126151000.0, 138554000.0, 80565423.98469292, 91202750.0, 190494000.0]","[265195000.0, 267860500.0, 65712160.52794186, 227338000.0, 312866500.0]","[215961500.0, 273141090.90909094, 191605788.15972632, 196389250.0, 272228000.0]","[206774500.0, 222890000.0, 104772424.44579585, 153505750.0, 280745250.0]","[138524500.0, 138524500.0, 91170680.45292851, 73475000.0, 203574000.0]","[198318500.0, 201889818.1818182, 57891810.97580081, 161635750.0, 244706000.0]","[117783000.0, 117783000.0, 67290008.38906175, 78367000.0, 157199000.0]","[213031000.0, 219424388.8888889, 76966231.63089041, 162379000.0, 274010750.0]","[125179000.0, 127877500.0, 58846259.03077158, 92449250.0, 171397250.0]","[143271500.0, 144613000.0, 66058041.67390725, 98888250.0, 197109500.0]","[130814000.0, 129111928.57142857, 61930861.543295994, 86576750.0, 181938500.0]","[202606500.0, 205576750.0, 62325400.635996714, 158706000.0, 242017250.0]","[123764000.0, 124135928.57142857, 67095784.8665029, 75887250.0, 186371250.0]","[122263500.0, 137034550.0, 81373155.5861483, 80628000.0, 180788250.0]","[132290000.0, 156435187.5, 104100675.80155204, 89868750.0, 213991250.0]","[187797500.0, 188428500.0, 56524533.80391562, 163103750.0, 216297500.0]","[209683000.0, 273949000.0, 173607062.8326365, 165610000.0, 356073250.0]","[179934500.0, 176349500.0, 69696057.81355213, 143325250.0, 231700000.0]","[299326000.0, 299326000.0, 69675212.29964069, 264447000.0, 334205000.0]","[134924000.0, 188826423.07692307, 201478072.7735695, 91940250.0, 212334000.0]","[245194500.0, 283677933.3333333, 137479716.87390432, 208412000.0, 309080000.0]","[189521000.0, 192842125.0, 77971404.30862698, 131952250.0, 254566500.0]","[177366500.0, 428011857.14285713, 625681745.2309928, 157534250.0, 239651750.0]","[200772500.0, 201548333.33333334, 80938998.81529437, 144490250.0, 254940500.0]","[139506000.0, 139400928.57142857, 71214899.24212718, 93146500.0, 197718000.0]","[139329000.0, 138902500.0, 57231781.76284572, 107476750.0, 169195500.0]","[106479000.0, 104731583.33333333, 52511029.18349366, 76200500.0, 138250000.0]","[169595000.0, 196371428.57142857, 103369994.60309988, 139852000.0, 260330000.0]","[175878000.0, 200659666.66666666, 93080067.16740641, 153368500.0, 270791500.0]","[176910500.0, 183370000.0, 76649017.18547994, 141225000.0, 232993250.0]","[162980500.0, 195686333.33333334, 119082979.93229575, 117606000.0, 281295500.0]","[183099500.0, 175065375.0, 96554870.34445427, 106992750.0, 236167750.0]","[124800500.0, 166242111.1111111, 200166536.7274804, 80707250.0, 180411750.0]",[1029],[1],"[671773786650383.2, 671773786650383.2, 671773786650383.2, 671773786650383.2, 671773786650383.2]","[299411203168522.4, 299411203168522.4, 299411203168522.4, 299411203168522.4, 299411203168522.4]","[376942537678620.2, 376942537678620.2, 376942537678620.2, 376942537678620.2, 376942537678620.2]","[1359005537888146.8, 1359005537888146.8, 1359005537888146.8, 1359005537888146.8, 1359005537888146.8]","[1864369258744477.0, 1864369258744477.0, 1864369258744477.0, 1864369258744477.0, 1864369258744477.0]"
0,"[171019500.0, 152702625.0, 72649219.37629044, 93210250.0, 181847750.0]","[185147500.0, 185986666.66666666, 49025967.730264015, 155478750.0, 217597250.0]","[108457500.0, 107057500.0, 56937842.24705043, 62078750.0, 150365250.0]","[187268000.0, 188453250.0, 49107383.749162406, 159190750.0, 216497750.0]","[270512500.0, 291098500.0, 87098969.0481466, 231203000.0, 346875000.0]","[188397500.0, 185673833.33333334, 67527193.44682966, 138094750.0, 230405250.0]","[162558000.0, 172448500.0, 92576075.81065424, 111607000.0, 231634000.0]","[103693500.0, 103286000.0, 60370442.8569975, 62778500.0, 145061750.0]","[105460000.0, 109864833.33333333, 73371227.18844827, 53958750.0, 161010500.0]","[155877500.0, 172117200.0, 105187046.06823029, 96001500.0, 253601250.0]","[165555000.0, 160061125.0, 66643803.181423955, 117231000.0, 208811000.0]","[166018000.0, 166018000.0, 70477506.2129755, 135284500.0, 196751500.0]","[111620500.0, 111620500.0, 68188116.8771363, 83934500.0, 139306500.0]","[132627000.0, 132627000.0, 53360048.65533764, 97545750.0, 167708250.0]","[174130000.0, 244751875.0, 176655572.6158515, 114234250.0, 312734750.0]","[191458000.0, 191458000.0, 46299363.46214708, 162862500.0, 220053500.0]","[45478070469.26876, 45478070469.26876, 45478070469.26876, 45478070469.26876, 45478070469.26876]","[198438500.0, 186053500.0, 90631015.8904408, 98764250.0, 223341750.0]","[13540008719.703478, 13540008719.703478, 13540008719.703478, 13540008719.703478, 13540008719.703478]","[217362000.0, 233243500.0, 72167518.66952796, 196573500.0, 283734750.0]","[527797500.0, 527797500.0, 61599966.390007064, 499365250.0, 556229750.0]","[271162000.0, 444512142.85714287, 358926637.8971091, 202333250.0, 746624250.0]","[163517500.0, 163517500.0, 62115262.45819139, 125972000.0, 201063000.0]","[167552000.0, 171153750.0, 41102602.9186413, 152258250.0, 193651000.0]","[175271500.0, 171763750.0, 69384537.58538353, 121497250.0, 214563250.0]","[228165000.0, 226572000.0, 97104368.69935359, 155319750.0, 275043000.0]","[84355500.0, 89407000.0, 56452920.40497108, 53967500.0, 129432250.0]","[169602500.0, 167922500.0, 72532948.05465996, 136741000.0, 200336250.0]","[164097500.0, 164097500.0, 37244687.28892753, 147462500.0, 180732500.0]","[191095500.0, 190171000.0, 63888489.36819527, 152405500.0, 226238750.0]","[157437000.0, 158380166.66666666, 42792193.98604013, 139279250.0, 180906000.0]","[106526000.0, 105695000.0, 56665003.62657714, 82147750.0, 127993750.0]","[117943000.0, 119727333.33333333, 63206452.78547296, 76384250.0, 170155250.0]","[137569000.0, 137569000.0, 46602169.90656122, 118541000.0, 156597000.0]","[206309500.0, 215164750.0, 72421499.45932837, 170424250.0, 265969750.0]","[806949869991989.8, 806949869991989.8, 806949869991989.8, 806949869991989.8, 806949869991989.8]","[256305000.0, 248270833.33333334, 55051471.767842464, 206432000.0, 274039000.0]","[1285707944852262.0, 1285707944852262.0, 1285707944852262.0, 1285707944852262.0, 1285707944852262.0]","[520537500.0, 518364750.0, 204725982.4153678, 324794250.0, 707237500.0]","[141440500.0, 143897000.0, 61023425.36682122, 105713250.0, 184537250.0]","[560453730156139.6, 560453730156139.6, 560453730156139.6, 560453730156139.6, 560453730156139.6]","[1742114457804861.8, 1742114457804861.8, 1742114457804861.8, 1742114457804861.8, 1742114457804861.8]","[107543500.0, 107543500.0, 53167856.76750568, 77398750.0, 137688250.0]","[176835000.0, 173270333.33333334, 60991848.648451015, 130875500.0, 204600750.0]","[169096000.0, 161612818.1818182, 64021511.86915533, 109282000.0, 206705000.0]",[1029],[2],"[183947000.0, 186520500.0, 61388423.817117184, 155932750.0, 218025250.0]","[164300000.0, 164300000.0, 38251361.315644704, 147268750.0, 181331250.0]","[376942537678620.2, 376942537678620.2, 376942537678620.2, 376942537678620.2, 376942537678620.2]","[1359005537888146.8, 1359005537888146.8, 1359005537888146.8, 1359005537888146.8, 1359005537888146.8]","[1864369258744477.0, 1864369258744477.0, 1864369258744477.0, 1864369258744477.0, 1864369258744477.0]"
0,"[197688000.0, 203131625.0, 66665856.82142227, 169924000.0, 248224250.0]","[176403500.0, 178938875.0, 43241391.229750864, 148494000.0, 209464000.0]","[121800000.0, 193868200.0, 183034472.56831157, 72638000.0, 186778250.0]","[189275500.0, 187741833.33333334, 52776193.97801963, 160471250.0, 212122000.0]","[302004000.0, 302004000.0, 74922853.17578343, 269883000.0, 334125000.0]","[230148000.0, 223970600.0, 80146034.85600519, 152744750.0, 273587500.0]","[240552500.0, 290077666.6666667, 176603375.59549144, 169189750.0, 315541500.0]","[108902000.0, 111276375.0, 62372949.94313941, 75206750.0, 147185000.0]","[103912500.0, 102219250.0, 57653358.312309094, 70259000.0, 130971250.0]","[138028000.0, 139362125.0, 63396970.11675222, 100941000.0, 182903000.0]","[221880000.0, 430284500.0, 430589889.86824805, 159559500.0, 495752500.0]","[154688500.0, 154688500.0, 56197692.89970897, 120350500.0, 189026500.0]","[692116500.0, 692116500.0, 59337034.331435874, 654174500.0, 730058500.0]","[304557000.0, 304557000.0, 67869271.99403277, 276541500.0, 332572500.0]","[237197000.0, 245769600.0, 102408287.35283098, 175395000.0, 308681000.0]","[44803575672.94845, 44803575672.94845, 44803575672.94845, 44803575672.94845, 44803575672.94845]","[114372500.0, 114372500.0, 53846117.698957644, 85732750.0, 143012250.0]","[191343500.0, 200762800.0, 103405727.97848289, 133496250.0, 271277500.0]","[13540008719.703478, 13540008719.703478, 13540008719.703478, 13540008719.703478, 13540008719.703478]","[211864500.0, 207780250.0, 64823405.00496329, 173462250.0, 235256250.0]","[126917500.0, 126917500.0, 59864609.1714462, 93541250.0, 160293750.0]","[259386500.0, 264589750.0, 93597967.72243953, 205922500.0, 308133750.0]","[134755500.0, 134755500.0, 72399781.89366318, 96370750.0, 173140250.0]","[334126500.0, 333904750.0, 156174684.59288624, 188167500.0, 481339750.0]","[162396500.0, 167961250.0, 63234503.108963385, 134269750.0, 209566250.0]","[184585500.0, 184745333.33333334, 54488002.560706474, 156034750.0, 226052250.0]","[89795500.0, 89220333.33333333, 57735578.62117797, 50276250.0, 126290250.0]","[200241000.0, 48665085333.333336, 108408955360.31941, 151779500.0, 282114250.0]","[159073500.0, 159073500.0, 40008746.3094009, 138523500.0, 179623500.0]","[185387500.0, 195656833.33333334, 71948080.04136656, 165366000.0, 240782250.0]","[171070000.0, 171083666.66666666, 44583123.81633012, 149898000.0, 188807750.0]","[128923500.0, 137235333.33333334, 79575671.87257813, 98284000.0, 195315000.0]","[127280000.0, 128643500.0, 62862773.726453826, 79121000.0, 181578000.0]","[188892500.0, 188892500.0, 65524488.4470684, 148721250.0, 229063750.0]","[200176500.0, 214379500.0, 81500617.82536784, 154663000.0, 254034750.0]","[806949869991989.8, 806949869991989.8, 806949869991989.8, 806949869991989.8, 806949869991989.8]","[277180000.0, 259911333.33333334, 63560912.21200512, 211228250.0, 285598000.0]","[1285707944852262.0, 1285707944852262.0, 1285707944852262.0, 1285707944852262.0, 1285707944852262.0]","[117989000.0, 120239500.0, 64182314.80127528, 84049500.0, 164182250.0]","[163983000.0, 163983000.0, 55067660.5867727, 139463250.0, 188502750.0]","[134062000.0, 134062000.0, 75067212.56647272, 84358750.0, 183765250.0]","[1742114457804861.8, 1742114457804861.8, 1742114457804861.8, 1742114457804861.8, 1742114457804861.8]","[80623500.0, 80623500.0, 52168597.56836482, 49273250.0, 111973750.0]","[132789500.0, 132173125.0, 62595374.29282913, 80833750.0, 174813750.0]","[148503000.0, 150188954.54545453, 65906201.02117394, 101968750.0, 194349500.0]",[1029],[3],"[204082500.0, 202936750.0, 68500559.64506787, 173011000.0, 232342000.0]","[299411203168522.4, 299411203168522.4, 299411203168522.4, 299411203168522.4, 299411203168522.4]","[376942537678620.2, 376942537678620.2, 376942537678620.2, 376942537678620.2, 376942537678620.2]","[1359005537888146.8, 1359005537888146.8, 1359005537888146.8, 1359005537888146.8, 1359005537888146.8]","[1864369258744477.0, 1864369258744477.0, 1864369258744477.0, 1864369258744477.0, 1864369258744477.0]"
0,"[160101000.0, 540784555.5555556, 1082509985.041797, 146445500.0, 215654250.0]","[127015000.0, 129750250.0, 51403455.86084169, 96994750.0, 164467250.0]","[87157000.0, 94385312.5, 64389263.17690585, 61294000.0, 125204000.0]","[150548000.0, 188522500.0, 126798666.56403239, 127572000.0, 200889250.0]","[170374000.0, 167896900.0, 46444384.758439854, 138454250.0, 188035750.0]","[172281500.0, 192472055.55555555, 115713686.48640786, 108798750.0, 238974000.0]","[214373000.0, 273889214.28571427, 178235301.5535437, 161025250.0, 385790000.0]","[73985500.0, 73985500.0, 47390636.45120204, 47157500.0, 100813500.0]","[92684000.0, 102120055.55555555, 62379516.698612444, 62149250.0, 146979250.0]","[89433500.0, 94368214.28571428, 47942342.95585625, 71178250.0, 133385750.0]","[151347500.0, 224252200.0, 203672924.42948815, 90381250.0, 227567250.0]","[162234000.0, 217282166.66666666, 138948510.01650056, 116686000.0, 337182000.0]","[116137000.0, 115561857.14285715, 49340705.34827513, 80814000.0, 149317500.0]","[227443000.0, 227443000.0, 56945200.71963923, 202179000.0, 252707000.0]","[221877500.0, 320841375.0, 223939528.39100194, 178352000.0, 385680250.0]","[191550000.0, 191318750.0, 50482066.89694371, 165967500.0, 213893000.0]","[114441000.0, 126913500.0, 56645896.27016241, 96312250.0, 173799750.0]","[175041500.0, 180811625.0, 73708145.88113293, 133733250.0, 237032000.0]","[191665000.0, 212792000.0, 95970885.53306153, 148429000.0, 278282000.0]","[163738500.0, 185279750.0, 76448588.83794062, 142729000.0, 215986750.0]","[101658000.0, 100108166.66666667, 47373271.672666036, 66346750.0, 129795250.0]","[90022500.0, 114176357.14285715, 65473980.72092362, 75037000.0, 141134500.0]","[107737000.0, 212054800.0, 237805206.68450466, 79436750.0, 166317500.0]","[19407523068.728104, 19407523068.728104, 19407523068.728104, 19407523068.728104, 19407523068.728104]","[109601000.0, 161454250.0, 121167602.4219655, 87734750.0, 216192750.0]","[128526500.0, 134065178.57142857, 69967583.70210429, 78884000.0, 182985500.0]","[98113500.0, 137377576.92307693, 128685003.07030971, 57133000.0, 151560000.0]","[421972000.0, 421972000.0, 46793590.46386588, 404811250.0, 439132750.0]","[164524000.0, 155541250.0, 73598107.28162444, 116548000.0, 202710250.0]","[250516316874702.84, 250516316874702.84, 250516316874702.84, 250516316874702.84, 250516316874702.84]","[152548500.0, 159958277.7777778, 48469512.30734356, 136768250.0, 201622500.0]","[125973500.0, 134595600.0, 66594516.810620375, 95071750.0, 187492000.0]","[140160000.0, 148129100.0, 71400030.56014752, 98920000.0, 202814500.0]","[147167000.0, 145853750.0, 45774241.53044483, 113867750.0, 175213250.0]","[151375000.0, 170882875.0, 54603367.9946519, 139162000.0, 216246000.0]","[452913500.0, 452913500.0, 49000225.0224425, 425347750.0, 480479250.0]","[700628100163110.8, 700628100163110.8, 700628100163110.8, 700628100163110.8, 700628100163110.8]","[1285707944852262.0, 1285707944852262.0, 1285707944852262.0, 1285707944852262.0, 1285707944852262.0]","[91431000.0, 91002750.0, 53061906.12329621, 52613750.0, 123607250.0]","[153875000.0, 161889333.33333334, 56871592.52845151, 134634500.0, 209097000.0]","[256078500.0, 256078500.0, 40588392.92519476, 239078250.0, 273078750.0]","[223424000.0, 311557000.0, 192343791.08686265, 169950250.0, 522859500.0]","[100175003027391.8, 100175003027391.8, 100175003027391.8, 100175003027391.8, 100175003027391.8]","[1724948786585614.2, 1724948786585614.2, 1724948786585614.2, 1724948786585614.2, 1724948786585614.2]","[103086500.0, 100780392.85714285, 48782821.128694825, 61332250.0, 133364750.0]",[1036],[1],"[159054500.0, 162478750.0, 41685397.69436655, 141914250.0, 189050000.0]","[185049500.0, 247058200.0, 155922955.9544072, 152985750.0, 238660500.0]","[86838000.0, 89589166.66666667, 56736715.05711467, 52066000.0, 120787250.0]","[167968000.0, 167968000.0, 42323188.47275096, 152961750.0, 182974250.0]","[1864369258744477.0, 1864369258744477.0, 1864369258744477.0, 1864369258744477.0, 1864369258744477.0]"
0,"[154338000.0, 168964500.0, 80930028.6435758, 127753000.0, 201628250.0]","[133022500.0, 134606357.14285713, 59836824.963642515, 95023750.0, 186916500.0]","[92153500.0, 105060833.33333333, 66521158.95942851, 66535000.0, 132889750.0]","[143709000.0, 147618550.0, 50158327.31060217, 112313250.0, 188131000.0]","[184057000.0, 211719750.0, 90640599.480517, 157732000.0, 245806250.0]","[128688000.0, 150450200.0, 85372090.26965429, 101389000.0, 189922500.0]","[153976500.0, 136931625.0, 62584372.24846451, 89557500.0, 173162000.0]","[263210500.0, 264218750.0, 51807053.74451919, 237873000.0, 289811500.0]","[76324000.0, 68205000.0, 41947260.92368845, 32571500.0, 87365000.0]","[157226000.0, 187000000.0, 113931138.41337085, 111288250.0, 256046500.0]","[143225000.0, 165092666.66666666, 101157873.48729818, 112173500.0, 199788000.0]","[26425520640.63461, 26425520640.63461, 26425520640.63461, 26425520640.63461, 26425520640.63461]","[92163000.0, 95463875.0, 58873297.53735453, 65008500.0, 134490500.0]","[22582952051.56981, 22582952051.56981, 22582952051.56981, 22582952051.56981, 22582952051.56981]","[186175500.0, 188466357.14285713, 52557454.2295071, 146538750.0, 215848500.0]","[187158500.0, 188810750.0, 49249653.31540416, 159695750.0, 223195000.0]","[230759500.0, 233682500.0, 144561900.40169644, 100680250.0, 369834250.0]","[174046000.0, 180911000.0, 68837443.90954679, 136178500.0, 229680000.0]","[102401500.0, 102401500.0, 50442505.98701456, 82266250.0, 122536750.0]","[155536500.0, 158525400.0, 45608008.4605763, 132731250.0, 196932000.0]","[81735500.0, 113175687.5, 101907837.46523054, 60836500.0, 127636000.0]","[181946000.0, 201378150.0, 118743722.8453677, 118371500.0, 256007250.0]","[91619000.0, 89205214.28571428, 46447521.868661575, 55041000.0, 113169000.0]","[85902000.0, 85902000.0, 55113667.75129378, 59908500.0, 111895500.0]","[101881500.0, 104593000.0, 55038199.0416656, 72944750.0, 137784000.0]","[127732500.0, 120909055.55555555, 53943181.129646055, 80992000.0, 151569250.0]","[91435000.0, 93443000.0, 49677265.464823045, 64252000.0, 135447000.0]","[203635500.0, 203635500.0, 65484766.85649877, 161684000.0, 245587000.0]","[142571000.0, 142571000.0, 57434218.8072581, 122113500.0, 163028500.0]","[105931500.0, 106663833.33333333, 64680463.772344396, 74792500.0, 140366000.0]","[140310000.0, 144442142.85714287, 44500628.13177416, 119557750.0, 171708000.0]","[136285500.0, 135320750.0, 62092230.984942876, 92216750.0, 174836000.0]","[182462000.0, 196361000.0, 66670176.05721467, 160917000.0, 248227250.0]","[161541000.0, 162064333.33333334, 41502605.77026727, 132788750.0, 193433250.0]","[332797000.0, 319059833.3333333, 62829154.812652245, 290892250.0, 362715000.0]","[806949869991989.8, 806949869991989.8, 806949869991989.8, 806949869991989.8, 806949869991989.8]","[700628100163110.8, 700628100163110.8, 700628100163110.8, 700628100163110.8, 700628100163110.8]","[1285707944852262.0, 1285707944852262.0, 1285707944852262.0, 1285707944852262.0, 1285707944852262.0]","[518454000.0, 518454000.0, 54956895.845744416, 489867000.0, 547041000.0]","[88665000.0, 87023833.33333333, 53717249.645455815, 50066000.0, 117125250.0]","[560453730156139.6, 560453730156139.6, 560453730156139.6, 560453730156139.6, 560453730156139.6]","[175011500.0, 176036857.14285713, 47956636.68484738, 139762500.0, 209535500.0]","[196987000.0, 196987000.0, 60182457.930031404, 168946250.0, 225027750.0]","[123389000.0, 123389000.0, 34894649.16717175, 107867250.0, 138910750.0]","[93625000.0, 97766208.33333333, 46969443.740034476, 71518750.0, 135963250.0]",[1036],[2],"[158701000.0, 160631000.0, 46981426.467009276, 138727500.0, 187726250.0]","[233234000.0, 330679300.0, 191661532.97469473, 171772000.0, 556437000.0]","[98428500.0, 98428500.0, 45159753.56719742, 76051250.0, 120805750.0]","[173711500.0, 173711500.0, 49013889.74821321, 153249250.0, 194173750.0]","[1864369258744477.0, 1864369258744477.0, 1864369258744477.0, 1864369258744477.0, 1864369258744477.0]"
0,"[147018000.0, 150460750.0, 57611801.11639455, 127531750.0, 198256750.0]","[109997000.0, 110989333.33333333, 50365103.097835064, 87784000.0, 134154500.0]","[106795500.0, 147340083.33333334, 113021765.75919521, 84614250.0, 165025500.0]","[129434500.0, 132587750.0, 45117348.9074602, 108804000.0, 161498000.0]","[176568000.0, 183036357.14285713, 48211000.70613278, 162509500.0, 226558500.0]","[137526500.0, 139723000.0, 65664737.76122159, 99686000.0, 182185250.0]","[168339000.0, 180437312.5, 79558380.40373147, 120415750.0, 230743750.0]","[100560500.0, 116943250.0, 70962958.96584006, 76787250.0, 155047250.0]","[120926500.0, 115831250.0, 47429136.18164999, 83870250.0, 135611250.0]","[92097500.0, 95269000.0, 46322067.64059653, 70011250.0, 126264250.0]","[131730000.0, 133421000.0, 62464449.12108006, 88898500.0, 177461000.0]","[26425520640.63461, 26425520640.63461, 26425520640.63461, 26425520640.63461, 26425520640.63461]","[115916000.0, 111758750.0, 57670713.50726901, 75420750.0, 138790000.0]","[227266000.0, 227266000.0, 72400454.15948714, 195327250.0, 259204750.0]","[189288000.0, 197792500.0, 63178228.62083636, 158916000.0, 232697750.0]","[44803575672.94845, 44803575672.94845, 44803575672.94845, 44803575672.94845, 44803575672.94845]","[107009500.0, 111132375.0, 51087859.072478026, 73257000.0, 157701000.0]","[182231000.0, 185622250.0, 55588724.4743707, 155726250.0, 221466500.0]","[156854500.0, 156854500.0, 47871215.87394663, 136359250.0, 177349750.0]","[160002500.0, 161834916.66666666, 40560982.85597941, 144284750.0, 186569750.0]","[105436500.0, 104552000.0, 54229723.477996826, 65522500.0, 136621250.0]","[149110500.0, 152323583.33333334, 82931696.19276892, 87196000.0, 207728750.0]","[105385000.0, 119519333.33333333, 57980631.814042486, 85970500.0, 161789500.0]","[117521500.0, 124512500.0, 72391985.31432882, 84988000.0, 169477000.0]","[97107500.0, 98379500.0, 54848093.82056955, 66258250.0, 128721750.0]","[109087500.0, 112514125.0, 49322566.780930765, 80285500.0, 141926750.0]","[103972000.0, 103921916.66666667, 55513823.47511643, 68532250.0, 145151500.0]","[919892338824077.5, 919892338824077.5, 919892338824077.5, 919892338824077.5, 919892338824077.5]","[838384250488847.5, 838384250488847.5, 838384250488847.5, 838384250488847.5, 838384250488847.5]","[100271000.0, 100271000.0, 59982021.51478391, 73842000.0, 126700000.0]","[139965000.0, 141140083.33333334, 42417370.67416747, 123259750.0, 164368750.0]","[179419000.0, 169641428.57142857, 62824261.964528926, 126944250.0, 212979250.0]","[111286000.0, 111286000.0, 55891675.38193859, 81075000.0, 141497000.0]","[143094500.0, 143127500.0, 42564645.263606586, 114281500.0, 167530250.0]","[171124000.0, 171124000.0, 40649198.39308027, 154886500.0, 187361500.0]","[806949869991989.8, 806949869991989.8, 806949869991989.8, 806949869991989.8, 806949869991989.8]","[210964000.0, 213602000.0, 59482607.03138355, 172685000.0, 241834750.0]","[1285707944852262.0, 1285707944852262.0, 1285707944852262.0, 1285707944852262.0, 1285707944852262.0]","[1509436539016177.8, 1509436539016177.8, 1509436539016177.8, 1509436539016177.8, 1509436539016177.8]","[125721000.0, 138640750.0, 64438475.14829552, 98134000.0, 192011750.0]","[300989000.0, 300678000.0, 170182339.01392353, 145965000.0, 451048500.0]","[188238500.0, 190893875.0, 60067374.193353705, 146971750.0, 221942750.0]","[100175003027391.8, 100175003027391.8, 100175003027391.8, 100175003027391.8, 100175003027391.8]","[662035500.0, 662035500.0, 41123639.85896677, 644321500.0, 679749500.0]","[95048000.0, 93698676.47058824, 45933286.12315691, 55585000.0, 122263750.0]",[1036],[3],"[157932500.0, 201128416.66666666, 89996683.65691625, 152372500.0, 226088500.0]","[197426500.0, 208102500.0, 58326569.29950535, 173856750.0, 248841750.0]","[103520500.0, 103520500.0, 47443745.069819264, 86665250.0, 120375750.0]","[157310500.0, 157310500.0, 43733067.53761963, 140122000.0, 174499000.0]","[1864369258744477.0, 1864369258744477.0, 1864369258744477.0, 1864369258744477.0, 1864369258744477.0]"
0,"[540889500.0, 765447428.5714285, 670250451.6122221, 447960250.0, 642369000.0]","[359798500.0, 389154166.6666667, 207442302.36675984, 254484250.0, 490931000.0]","[273562500.0, 314512600.0, 234920751.98125854, 136889000.0, 466527750.0]","[331105000.0, 331105000.0, 148871150.63201466, 257229250.0, 404980750.0]","[477404500.0, 720864142.8571428, 478548520.82564014, 322609250.0, 1206219250.0]","[214441000.0, 281310750.0, 334363494.0884348, 136517250.0, 338712000.0]","[319423000.0, 315376200.0, 173963265.85851392, 196453000.0, 419593250.0]","[23766842781.717846, 23766842781.717846, 23766842781.717846, 23766842781.717846, 23766842781.717846]","[312354000.0, 384243800.0, 234179628.30989376, 239655750.0, 481720250.0]","[247098500.0, 329198833.3333333, 260494431.6313051, 157661250.0, 414758500.0]","[179405500.0, 182012166.66666666, 110894017.47038577, 116928750.0, 257821750.0]","[26425520640.63461, 26425520640.63461, 26425520640.63461, 26425520640.63461, 26425520640.63461]","[297165000.0, 335579555.5555556, 223554148.31565037, 171878500.0, 442065250.0]","[460358500.0, 524063681.8181818, 294580650.0288143, 298609000.0, 726554250.0]","[290491500.0, 277083136.3636364, 150309947.2988445, 173859000.0, 375306250.0]","[44803575672.94845, 44803575672.94845, 44803575672.94845, 44803575672.94845, 44803575672.94845]","[338176500.0, 405318500.0, 273947147.6313451, 219360000.0, 519541750.0]","[454213500.0, 448511833.3333333, 133908192.32396585, 349047250.0, 557243250.0]","[323300500.0, 398056625.0, 300556535.17940164, 195005750.0, 566527250.0]","[2541038356.8796105, 2541038356.8796105, 2541038356.8796105, 2541038356.8796105, 2541038356.8796105]","[146360000.0, 145634500.0, 95015807.43706106, 79073750.0, 207670000.0]","[239170000.0, 379370666.6666667, 441761961.77255785, 135835000.0, 402961500.0]","[18536915774.26163, 18536915774.26163, 18536915774.26163, 18536915774.26163, 18536915774.26163]","[19407523068.728104, 19407523068.728104, 19407523068.728104, 19407523068.728104, 19407523068.728104]","[184456000.0, 190392700.0, 115010805.07547975, 134252750.0, 269256500.0]","[328759500.0, 528321750.0, 484953595.76073956, 201617250.0, 678100500.0]","[747885500.0, 747885500.0, 80846677.9543229, 717251000.0, 778520000.0]","[331449000.0, 1168842583.3333333, 1944723444.478094, 207445750.0, 604497500.0]","[221509500.0, 213579500.0, 100587460.04721463, 157784000.0, 277165000.0]","[284039500.0, 280699000.0, 131078088.65043005, 222927750.0, 335490500.0]","[198979000.0, 198979000.0, 124229850.86121613, 152379000.0, 245579000.0]","[228109000.0, 293701125.0, 208433210.82149884, 139331500.0, 422447250.0]","[245138000.0, 266819888.8888889, 147642078.8274388, 141562000.0, 380832000.0]","[264254500.0, 2353269111.111111, 5862533833.665605, 207649500.0, 382070750.0]","[294508000.0, 273849250.0, 149536954.47676972, 184919000.0, 370055250.0]","[209974500.0, 403229100.0, 449750674.9909221, 155152750.0, 326831750.0]","[862712000.0, 862712000.0, 128632767.33787546, 793720500.0, 931703500.0]","[215110000.0, 221930333.33333334, 125913147.965616, 126807750.0, 305966000.0]","[106916000.0, 106916000.0, 74733185.00171125, 79748750.0, 134083250.0]","[1832939372533300.0, 1832939372533300.0, 1832939372533300.0, 1832939372533300.0, 1832939372533300.0]","[418168500.0, 541893642.8571428, 398031198.87608004, 257549250.0, 687552000.0]","[295883000.0, 333920500.0, 196139420.53949323, 206431500.0, 429430000.0]","[100175003027391.8, 100175003027391.8, 100175003027391.8, 100175003027391.8, 100175003027391.8]","[328437000.0, 349842642.85714287, 197032973.17476264, 219707000.0, 465286500.0]","[179894500.0, 270470214.28571427, 248378470.8122375, 130346000.0, 292652250.0]",[1037],[1],"[287260000.0, 339536666.6666667, 221648777.66500065, 187966500.0, 552263250.0]","[236014500.0, 237049000.0, 81745262.94736187, 200159250.0, 284516000.0]","[160314500.0, 162220250.0, 96205270.15417346, 116702750.0, 211549250.0]","[278621000.0, 278621000.0, 134240252.62938088, 211152500.0, 346089500.0]","[603734500.0, 591693666.6666666, 155294232.83846986, 472965000.0, 708264000.0]"
0,"[645629500.0, 692610000.0, 395455743.1387595, 393094250.0, 841282000.0]","[273398000.0, 277174000.0, 121124111.95546491, 220831750.0, 333040750.0]","[216108500.0, 246252312.5, 175514091.20645368, 132843500.0, 348789750.0]","[863349489.7999082, 863349489.7999082, 863349489.7999082, 863349489.7999082, 863349489.7999082]","[419151000.0, 448998666.6666667, 128659841.09810212, 381051500.0, 544692500.0]","[214752000.0, 211446750.0, 117674373.56285234, 114328500.0, 301262250.0]","[294073000.0, 298728500.0, 158300387.67271966, 207185250.0, 410679750.0]","[354722000.0, 354722000.0, 104349695.85964303, 284690500.0, 424753500.0]","[246052000.0, 246657750.0, 140643381.33156142, 132168500.0, 331799500.0]","[192233500.0, 198825000.0, 107133321.25674066, 137223750.0, 262719750.0]","[219889000.0, 247637222.2222222, 156529802.80216274, 155371750.0, 333121250.0]","[26425520640.63461, 26425520640.63461, 26425520640.63461, 26425520640.63461, 26425520640.63461]","[250266000.0, 275446500.0, 186825893.4680897, 143569000.0, 410928500.0]","[378933500.0, 452612333.3333333, 327366522.4672323, 239234250.0, 535482250.0]","[216283000.0, 267785458.33333334, 183430753.83710405, 147248250.0, 352639250.0]","[44803575672.94845, 44803575672.94845, 44803575672.94845, 44803575672.94845, 44803575672.94845]","[204979500.0, 240263250.0, 149841812.3007143, 124402000.0, 361429000.0]","[734710500.0, 743208500.0, 175423291.1609801, 646134250.0, 840474250.0]","[260652500.0, 271365000.0, 153564795.6072615, 158884500.0, 393665250.0]","[2541038356.8796105, 2541038356.8796105, 2541038356.8796105, 2541038356.8796105, 2541038356.8796105]","[166696500.0, 189697333.33333334, 116313811.73814034, 128658000.0, 275571500.0]","[218911500.0, 219848666.66666666, 141102962.14649034, 124918250.0, 312298250.0]","[18536915774.26163, 18536915774.26163, 18536915774.26163, 18536915774.26163, 18536915774.26163]","[300859000.0, 304111500.0, 131968385.74920131, 222441250.0, 389764500.0]","[217172000.0, 212595250.0, 135109499.0856953, 133229750.0, 287384000.0]","[324842000.0, 314157875.0, 174735864.20826542, 211015500.0, 431843750.0]","[166597500.0, 166597500.0, 106765930.58766453, 126908250.0, 206286750.0]","[354960000.0, 374911000.0, 213858950.35864177, 227167000.0, 490274250.0]","[838384250488847.5, 838384250488847.5, 838384250488847.5, 838384250488847.5, 838384250488847.5]","[164971000.0, 164971000.0, 117236430.36616221, 105186500.0, 224755500.0]","[550266500.0, 472468750.0, 228022216.92235935, 282075750.0, 664893500.0]","[335826500.0, 421170500.0, 297602091.78322315, 181829250.0, 687690750.0]","[319739000.0, 337446111.1111111, 191272851.74845818, 168167000.0, 478330000.0]","[249338500.0, 253587333.33333334, 111476671.94081458, 161980250.0, 315977250.0]","[428857000.0, 480108833.3333333, 233543119.9731766, 317390500.0, 615693750.0]","[223673000.0, 227349750.0, 125412600.69740799, 146810000.0, 340657500.0]","[229298500.0, 213180166.66666666, 111216321.33357146, 103045750.0, 257840250.0]","[217960500.0, 285776812.5, 215333157.94099116, 136238500.0, 382606500.0]","[167962500.0, 176438250.0, 103464119.02774556, 123197000.0, 238821750.0]","[1832939372533300.0, 1832939372533300.0, 1832939372533300.0, 1832939372533300.0, 1832939372533300.0]","[401488500.0, 439728071.4285714, 214902870.31170425, 271775000.0, 573301750.0]","[276150500.0, 301728625.0, 163727672.17771825, 204205500.0, 442593250.0]","[100175003027391.8, 100175003027391.8, 100175003027391.8, 100175003027391.8, 100175003027391.8]","[273107500.0, 324910500.0, 197701723.30672792, 185402500.0, 431180500.0]","[167199500.0, 176709250.0, 109440735.56315385, 96605750.0, 253801750.0]",[1037],[2],"[186175500.0, 186175500.0, 111917876.24526298, 141733500.0, 230617500.0]","[412073500.0, 405423250.0, 118765695.0446445, 334918750.0, 486717500.0]","[380109000.0, 380109000.0, 166231952.23692706, 269957250.0, 490260750.0]","[1359005537888146.8, 1359005537888146.8, 1359005537888146.8, 1359005537888146.8, 1359005537888146.8]","[362823500.0, 331399500.0, 138502440.89455608, 218729000.0, 405917000.0]"
0,"[435567000.0, 511132090.90909094, 341632312.9840843, 251564500.0, 709879250.0]","[287870500.0, 363906625.0, 306699529.00760114, 158845750.0, 415061750.0]","[208335500.0, 230000833.33333334, 140067256.9386063, 132495500.0, 343794500.0]","[863349489.7999082, 863349489.7999082, 863349489.7999082, 863349489.7999082, 863349489.7999082]","[447783500.0, 468909416.6666667, 195191124.62851137, 328045500.0, 594494500.0]","[216321500.0, 209703043.47826087, 126498726.68476816, 105890250.0, 284463000.0]","[231491500.0, 232717857.14285713, 124070743.54741396, 169313250.0, 317059000.0]","[406192000.0, 406192000.0, 174155781.78458503, 308361000.0, 504023000.0]","[413564000.0, 420035625.0, 160403063.1303822, 325239000.0, 560402500.0]","[313722000.0, 465504700.0, 437486668.90056205, 164994000.0, 509824000.0]","[254084000.0, 266118928.57142857, 167103037.2892145, 159308500.0, 346651250.0]","[217915500.0, 217915500.0, 110188858.63030799, 155198250.0, 280632750.0]","[535008500.0, 553787500.0, 179616701.42625934, 447196000.0, 690899250.0]","[316797000.0, 340684233.3333333, 210509338.3415066, 157799500.0, 470219750.0]","[242338500.0, 257615750.0, 133733080.23984754, 183900000.0, 358626750.0]","[134808000.0, 134808000.0, 93553396.49900478, 92499750.0, 177116250.0]","[166353500.0, 185668333.33333334, 125603966.92271397, 103110500.0, 268882750.0]","[297287500.0, 285097166.6666667, 145723755.77317134, 175595000.0, 376822250.0]","[404745000.0, 394549250.0, 146710299.6075514, 274259000.0, 471534500.0]","[2541038356.8796105, 2541038356.8796105, 2541038356.8796105, 2541038356.8796105, 2541038356.8796105]","[153745500.0, 155680250.0, 97547115.48176348, 79050500.0, 224630000.0]","[238342000.0, 241340000.0, 138090976.2065091, 149442500.0, 348225500.0]","[264372500.0, 273688500.0, 152466845.97888815, 177292500.0, 370564500.0]","[247649500.0, 247649500.0, 156391780.27073544, 148721750.0, 346577250.0]","[210894000.0, 210894000.0, 115342582.1910538, 153619750.0, 268168250.0]","[348173500.0, 335539000.0, 202595139.06804377, 179564250.0, 503874250.0]","[198156000.0, 198156000.0, 129095733.3241498, 148482250.0, 247829750.0]","[238589500.0, 245011750.0, 140478250.9071689, 184172250.0, 319564750.0]","[838384250488847.5, 838384250488847.5, 838384250488847.5, 838384250488847.5, 838384250488847.5]","[250516316874702.84, 250516316874702.84, 250516316874702.84, 250516316874702.84, 250516316874702.84]","[1267038167644415.8, 1267038167644415.8, 1267038167644415.8, 1267038167644415.8, 1267038167644415.8]","[284039000.0, 390969277.7777778, 406607011.25018954, 166854000.0, 383469000.0]","[291754500.0, 315718150.0, 154886038.3663663, 195821750.0, 438536750.0]","[259916000.0, 284314125.0, 132115362.40790422, 196696750.0, 361272250.0]","[355099000.0, 355099000.0, 115591216.43100742, 286488000.0, 423710000.0]","[196676000.0, 222620200.0, 133715613.88618758, 149457750.0, 332304250.0]","[301581000.0, 299043900.0, 156945857.19537166, 191636750.0, 402597250.0]","[236603500.0, 267471312.5, 152283056.111891, 136386250.0, 375980500.0]","[174064000.0, 174064000.0, 118077325.09885207, 131297250.0, 216830750.0]","[255847500.0, 255847500.0, 133589176.16801894, 186544500.0, 325150500.0]","[359309500.0, 381320928.5714286, 171976782.86117756, 228678750.0, 476579000.0]","[253308000.0, 275988222.2222222, 163577236.15570566, 176745250.0, 371734750.0]","[100175003027391.8, 100175003027391.8, 100175003027391.8, 100175003027391.8, 100175003027391.8]","[266776000.0, 293427125.0, 180229859.98991504, 181843500.0, 427021250.0]","[182572000.0, 223403300.0, 169535496.57788482, 130747500.0, 285060500.0]",[1037],[3],"[180230000.0, 180230000.0, 112070878.92267108, 139560750.0, 220899250.0]","[271209500.0, 269656125.0, 91170253.1297044, 208180000.0, 323388250.0]","[378736500.0, 378736500.0, 137844337.73010048, 288223000.0, 469250000.0]","[271842000.0, 271842000.0, 124112751.27479851, 223351500.0, 320332500.0]","[445228500.0, 458727500.0, 141073149.3478354, 371915250.0, 561308750.0]"
0,"[237372500.0, 261506300.0, 104751709.38896415, 199652500.0, 311465250.0]","[248041000.0, 247087450.0, 48488477.68617303, 219296500.0, 282157750.0]","[434977000.0, 419669406.25, 215023934.75492725, 238787250.0, 513485250.0]","[272294500.0, 347932441.1764706, 212147021.84045845, 221441500.0, 362766500.0]","[309654500.0, 343432769.2307692, 141709775.00370464, 248977250.0, 416991500.0]","[253994500.0, 270306125.0, 103757153.52559733, 202791750.0, 313649000.0]","[204219500.0, 252379615.3846154, 222759597.23580882, 120606000.0, 283846250.0]","[322906500.0, 330163000.0, 105847752.10178061, 253281000.0, 403401500.0]","[168170500.0, 187354441.17647058, 128837079.57605883, 112953750.0, 238947750.0]","[249559500.0, 310360250.0, 216470287.25794563, 161539250.0, 355026500.0]","[233075000.0, 239669821.42857143, 97302374.5990352, 164722000.0, 298711000.0]","[372136500.0, 368912000.0, 63903401.30032203, 323826750.0, 412602000.0]","[210351500.0, 210351500.0, 63015553.4154069, 171861750.0, 248841250.0]","[199031000.0, 194430666.66666666, 95690770.75257689, 110758250.0, 239295250.0]","[190454500.0, 245883812.5, 208421420.6998104, 113338750.0, 277442750.0]","[225686000.0, 369450444.4444444, 374021546.1527171, 192869500.0, 291057000.0]","[275165000.0, 267682375.0, 85117499.6647098, 220139000.0, 325895750.0]","[250152500.0, 246288150.0, 103610609.55050644, 170464750.0, 318216500.0]","[590730000.0, 596518000.0, 321552499.92108595, 301448750.0, 899749750.0]","[271568000.0, 488099750.0, 415870852.54942733, 239644500.0, 540009250.0]","[268171000.0, 270648545.45454544, 94569434.49475113, 212048750.0, 303062000.0]","[425272500.0, 1123455375.0, 1320767218.2506688, 286857250.0, 1271174500.0]","[191266500.0, 185443125.0, 65134929.87817193, 131414000.0, 222095750.0]","[259835500.0, 259190000.0, 45389400.93237627, 230892250.0, 288513750.0]","[243821000.0, 240792200.0, 75213771.91286181, 192050000.0, 299608500.0]","[284053000.0, 283799666.6666667, 86621247.624356, 233181750.0, 351379750.0]","[276017500.0, 299518500.0, 139942182.746721, 190826000.0, 413708000.0]","[351147000.0, 346591750.0, 91986771.93726009, 275211750.0, 405066250.0]","[268151500.0, 353808666.6666667, 167742314.7848774, 231332250.0, 544830250.0]","[220049500.0, 221865142.85714287, 74211059.29264678, 178626000.0, 283744250.0]","[196364000.0, 213086000.0, 67750087.40010762, 176783500.0, 252253500.0]","[183305000.0, 213171500.0, 151068441.10551348, 122208250.0, 245257500.0]","[328138500.0, 327640750.0, 98807385.65986603, 277036250.0, 383048000.0]","[192949000.0, 491907400.0, 627929819.3500926, 166639000.0, 281125000.0]","[336669000.0, 497079666.6666667, 351721730.1284576, 231274750.0, 895593250.0]","[264393500.0, 264622250.0, 66255107.040419914, 220710250.0, 309214250.0]","[700628100163110.8, 700628100163110.8, 700628100163110.8, 700628100163110.8, 700628100163110.8]","[221091000.0, 228917000.0, 80874994.81174636, 155969500.0, 277113250.0]","[193450000.0, 191586125.0, 76808787.91915268, 122242500.0, 258264500.0]","[239937000.0, 235014583.33333334, 74067525.49527393, 175830500.0, 282620750.0]","[234851500.0, 234717250.0, 93858892.92942624, 171281250.0, 293276000.0]","[222196000.0, 263157888.8888889, 129787114.5452724, 196619750.0, 281639000.0]","[175332500.0, 178595500.0, 65021016.139014624, 142336250.0, 218117750.0]","[286178500.0, 373776666.6666667, 193008649.06239018, 232571000.0, 555082750.0]","[201530000.0, 219899633.33333334, 113000171.86726852, 145474250.0, 267069750.0]",[1039],[1],"[242644500.0, 270364375.0, 123459832.6185189, 180039500.0, 332617500.0]","[219504000.0, 224809000.0, 69576675.03074096, 178675750.0, 264828750.0]","[254157500.0, 257736000.0, 122917336.59110093, 183465250.0, 295905750.0]","[181821000.0, 183581250.0, 43385432.08483119, 164055000.0, 206428750.0]","[269954500.0, 323625250.0, 123261973.74925691, 251432250.0, 359116750.0]"
0,"[243432500.0, 243732750.0, 87032326.8321174, 192836250.0, 297491500.0]","[248083500.0, 268012958.33333334, 76074825.14876345, 223993250.0, 303262250.0]","[454654000.0, 447583000.0, 265621350.68614748, 203051250.0, 683300250.0]","[250937500.0, 261141954.54545453, 65683402.18701807, 222686250.0, 301188250.0]","[302923000.0, 445077642.85714287, 385770003.80414623, 247880000.0, 394022750.0]","[191188000.0, 203602250.0, 69746707.02396996, 162333500.0, 257230750.0]","[200319500.0, 354629150.0, 539806147.7063572, 114700000.0, 269997250.0]","[238419500.0, 364551333.3333333, 288425276.4008191, 155150750.0, 680250750.0]","[172505000.0, 161293277.7777778, 84396271.14808223, 93067000.0, 216418750.0]","[239971000.0, 247584285.7142857, 87879989.45674929, 186996000.0, 293651750.0]","[252621500.0, 271280541.6666667, 108625683.01568125, 193015750.0, 351374750.0]","[443933000.0, 443933000.0, 84393347.19040358, 403405500.0, 484460500.0]","[619836500.0, 755693000.0, 327521607.73629373, 513932750.0, 1124458250.0]","[184038000.0, 184038000.0, 67693384.00833571, 140222750.0, 227853250.0]","[292971500.0, 446015333.3333333, 336347968.68083245, 199680750.0, 759658750.0]","[226501000.0, 235963333.33333334, 62327222.157648645, 199911250.0, 274765000.0]","[336070000.0, 336070000.0, 69864315.22959343, 292003750.0, 380136250.0]","[230347000.0, 241790142.85714287, 121908557.2156777, 147886250.0, 310979250.0]","[189321500.0, 181507500.0, 74120758.7505012, 121759500.0, 230870000.0]","[348902500.0, 354427750.0, 165080982.1665188, 215416000.0, 476291750.0]","[248027500.0, 285222277.7777778, 134183796.85665213, 216353000.0, 307162750.0]","[378682500.0, 399488428.5714286, 138814289.37675497, 305669500.0, 445008000.0]","[249023500.0, 241041300.0, 82985164.39105245, 181468000.0, 276917000.0]","[237977500.0, 237835600.0, 51760565.596214265, 216586250.0, 269478250.0]","[285868000.0, 294956200.0, 122326570.0314531, 205664250.0, 371496000.0]","[297879500.0, 385679875.0, 267702062.49529415, 243857000.0, 381482000.0]","[207346000.0, 225361416.66666666, 95537874.7242495, 167941000.0, 276380750.0]","[919892338824077.5, 919892338824077.5, 919892338824077.5, 919892338824077.5, 919892338824077.5]","[838384250488847.5, 838384250488847.5, 838384250488847.5, 838384250488847.5, 838384250488847.5]","[225042000.0, 244520583.33333334, 98286848.47167018, 196935000.0, 303408250.0]","[196476500.0, 196698285.7142857, 51808094.12482704, 167945500.0, 230978250.0]","[242796000.0, 361236750.0, 292710678.62940615, 161362750.0, 456681750.0]","[1436010500.0, 1432108500.0, 1176164806.023586, 263686000.0, 2568684500.0]","[187834500.0, 187834500.0, 68462038.68750915, 154063250.0, 221605750.0]","[233113500.0, 237365250.0, 73711296.87207043, 187237750.0, 286536250.0]","[806949869991989.8, 806949869991989.8, 806949869991989.8, 806949869991989.8, 806949869991989.8]","[355813500.0, 347953166.6666667, 63351473.82636195, 298246000.0, 378361500.0]","[245475000.0, 259115333.33333334, 131154188.91221975, 165601250.0, 331306500.0]","[245163000.0, 245963000.0, 86157676.46201546, 183416250.0, 304448500.0]","[850926000.0, 850926000.0, 65857070.90738245, 813443250.0, 888408750.0]","[567046500.0, 567046500.0, 43534844.25434413, 542678750.0, 591414250.0]","[253647500.0, 286078968.75, 121987066.32594918, 210815000.0, 309884250.0]","[430803500.0, 430803500.0, 96559399.23824091, 380863500.0, 480743500.0]","[383126500.0, 334489666.6666667, 138709969.45926017, 214861750.0, 450075250.0]","[224273500.0, 295538045.45454544, 285818341.29183537, 157464500.0, 301507000.0]",[1039],[2],"[243389000.0, 328248125.0, 251185816.6682938, 176423750.0, 352646250.0]","[245212000.0, 281766250.0, 117774150.4652549, 209237250.0, 347520750.0]","[227122500.0, 272671416.6666667, 134615267.06844854, 193788250.0, 307096500.0]","[1359005537888146.8, 1359005537888146.8, 1359005537888146.8, 1359005537888146.8, 1359005537888146.8]","[376793000.0, 369727250.0, 69403313.8991756, 325848500.0, 417001750.0]"
0,"[210871500.0, 211488071.42857143, 82244708.14280331, 138034500.0, 269285250.0]","[269705500.0, 292525428.5714286, 95114976.38100524, 227978500.0, 325137500.0]","[447388000.0, 479802714.28571427, 331467790.3762571, 259597500.0, 503900250.0]","[234864500.0, 246749388.8888889, 64263678.986689836, 208743250.0, 286622250.0]","[311061500.0, 335456900.0, 121542084.68286476, 243184250.0, 420675000.0]","[246219000.0, 246266500.0, 70257147.86233498, 202454250.0, 289643250.0]","[173212000.0, 195359562.5, 142964341.81803814, 118504500.0, 244730000.0]","[255600000.0, 264437055.55555555, 132937003.48305008, 173720500.0, 329832500.0]","[169235000.0, 165580611.1111111, 88109677.07171613, 104278750.0, 233728250.0]","[300041500.0, 399527687.5, 286077634.1462486, 193018500.0, 559066000.0]","[230522500.0, 220131656.25, 66213999.91840348, 173783500.0, 266027000.0]","[453894000.0, 452606900.0, 129174022.61403024, 346222250.0, 553487750.0]","[200818000.0, 199672857.14285713, 72338423.13475218, 144983250.0, 254935000.0]","[166765500.0, 170187375.0, 67621870.79717164, 130016750.0, 212085000.0]","[233875000.0, 233147000.0, 119815729.84448522, 139232250.0, 310450000.0]","[222794000.0, 223369388.8888889, 51649160.78014443, 187476000.0, 261320000.0]","[279001500.0, 273917375.0, 67052079.81475574, 217847000.0, 322968750.0]","[174007000.0, 170020375.0, 92793448.38462128, 96755750.0, 241852500.0]","[13540008719.703478, 13540008719.703478, 13540008719.703478, 13540008719.703478, 13540008719.703478]","[325384000.0, 387266000.0, 205102248.33750603, 196808250.0, 557825500.0]","[247815000.0, 249835923.07692307, 65889541.81397546, 213949750.0, 298932500.0]","[325183500.0, 507234875.0, 354959317.83478284, 265061750.0, 577197000.0]","[257379000.0, 270498250.0, 95891715.14145961, 202461000.0, 327339500.0]","[19407523068.728104, 19407523068.728104, 19407523068.728104, 19407523068.728104, 19407523068.728104]","[249441000.0, 238773666.66666666, 95100539.0348668, 174626000.0, 304190000.0]","[315188500.0, 325223500.0, 79455183.38294026, 258330250.0, 381991000.0]","[253970000.0, 421763000.0, 361779811.3037818, 176355250.0, 510905500.0]","[298382000.0, 305256400.0, 112173882.24466513, 204668500.0, 374191750.0]","[838384250488847.5, 838384250488847.5, 838384250488847.5, 838384250488847.5, 838384250488847.5]","[208694000.0, 261545458.33333334, 163998063.79445946, 185749500.0, 290822750.0]","[191235500.0, 314377500.0, 286958444.9046296, 166275750.0, 250515500.0]","[185186500.0, 190118100.0, 76431628.27972461, 149309000.0, 247746250.0]","[204965000.0, 215821750.0, 75586574.31176187, 160864750.0, 284444500.0]","[203951500.0, 242772875.0, 115277693.13047679, 185292750.0, 295882750.0]","[262159000.0, 280386300.0, 81584849.9208646, 238678500.0, 330828000.0]","[329491500.0, 351285833.3333333, 161380624.49317002, 212593000.0, 469069750.0]","[305659000.0, 400155300.0, 236977101.16277057, 253579500.0, 377016000.0]","[234580000.0, 244998666.66666666, 76481260.53521578, 178760000.0, 303967750.0]","[165102500.0, 191269625.0, 106955277.41851673, 126168750.0, 230240500.0]","[226010000.0, 236756333.33333334, 88004370.65503559, 182341500.0, 307427250.0]","[252803500.0, 257677125.0, 98800749.2348078, 185571250.0, 317082250.0]","[276749500.0, 361865250.0, 208838826.35794166, 214023750.0, 447881750.0]","[213292500.0, 217417750.0, 56553266.432519175, 180253500.0, 258112500.0]","[216682000.0, 216682000.0, 55213990.05686874, 189520500.0, 243843500.0]","[245699000.0, 261303521.73913044, 109443783.69922023, 194437250.0, 308717000.0]",[1039],[3],"[217765500.0, 270292656.25, 172582513.27917564, 166900500.0, 288418000.0]","[220566500.0, 227713250.0, 68700306.3234619, 183238250.0, 262043750.0]","[212801500.0, 212508625.0, 71792638.84086148, 160413250.0, 252304000.0]","[240302500.0, 240302500.0, 35576114.43440669, 223413250.0, 257191750.0]","[440928000.0, 440928000.0, 43420763.16694584, 422566500.0, 459289500.0]"
0,"[173727000.0, 176141863.63636363, 69394992.8612193, 126917000.0, 224226000.0]","[225081500.0, 258408794.11764705, 127908575.3999315, 181531750.0, 286015750.0]","[222170500.0, 295477470.5882353, 222092493.0842918, 149961750.0, 389821500.0]","[252943500.0, 296329708.3333333, 179155284.8566896, 212655750.0, 301033750.0]","[230717500.0, 250783058.82352942, 116010444.98105513, 178747000.0, 301854500.0]","[159171500.0, 180869833.33333334, 116578795.6321341, 113440500.0, 212029750.0]","[246535500.0, 327748666.6666667, 236453479.83573967, 160265500.0, 441260000.0]","[342363500.0, 344396875.0, 141153366.48595282, 237703250.0, 447886000.0]","[239120500.0, 299907181.8181818, 188235705.186316, 161131250.0, 408239000.0]","[300158500.0, 450967590.90909094, 335881566.48730963, 211765750.0, 561679250.0]","[227282500.0, 261655137.93103448, 163243558.05750522, 175753250.0, 294510500.0]","[416408500.0, 456153375.0, 152707529.4676375, 360083750.0, 549929000.0]","[308668000.0, 301216875.0, 127713466.80796577, 202629000.0, 407190750.0]","[150438000.0, 171416500.0, 104912794.68444256, 104371500.0, 235028750.0]","[381663000.0, 390246250.0, 132301465.11337593, 288914500.0, 496526750.0]","[183067000.0, 195866833.33333334, 56593777.966064624, 162111750.0, 234460500.0]","[255940000.0, 275905250.0, 167482949.02507985, 162137250.0, 346933750.0]","[265188000.0, 400337038.46153843, 365471223.6009077, 162922000.0, 524131250.0]","[260019500.0, 385509657.8947368, 334398615.2965127, 201159750.0, 412381750.0]","[274280500.0, 324847433.3333333, 199874091.638742, 198300250.0, 393981500.0]","[313875500.0, 319719000.0, 102674857.0529806, 246653500.0, 384465750.0]","[326244500.0, 323391500.0, 70767339.17917219, 280643500.0, 366096000.0]","[321103000.0, 345457000.0, 159143311.7680413, 242849500.0, 479601250.0]","[205571500.0, 203754000.0, 46434431.506516084, 169207250.0, 226400500.0]","[495361500.0, 491412750.0, 318133597.49747825, 187086500.0, 796264750.0]","[406154500.0, 659517666.6666666, 476610483.34897006, 278109750.0, 1173195500.0]","[198703500.0, 199378100.0, 69364470.34029742, 155295250.0, 238289250.0]","[143183500.0, 135230545.45454547, 64439634.78447892, 83229750.0, 174549250.0]","[187942500.0, 192986500.0, 63612063.06196962, 165987250.0, 227149500.0]","[158842000.0, 195589800.0, 128487550.13642372, 126723500.0, 217274000.0]","[160922500.0, 165055916.66666666, 55446023.65132288, 135366000.0, 215131000.0]","[364158000.0, 381412500.0, 211465005.08230275, 219872250.0, 487856500.0]","[114338000.0, 124174312.5, 64888824.733364865, 86797250.0, 182600250.0]","[162510500.0, 161894916.66666666, 62600470.09069811, 122696000.0, 199494000.0]","[228127500.0, 224427400.0, 55081714.227500215, 184352750.0, 260393750.0]","[158224500.0, 162403250.0, 57707440.10686577, 114692750.0, 202808750.0]","[700628100163110.8, 700628100163110.8, 700628100163110.8, 700628100163110.8, 700628100163110.8]","[250650000.0, 250884500.0, 56693259.738261655, 224649000.0, 278990500.0]","[287944500.0, 318901357.14285713, 141775080.56959552, 224499500.0, 386718750.0]","[116009000.0, 118078375.0, 56060472.954296194, 75048500.0, 154600250.0]","[560453730156139.6, 560453730156139.6, 560453730156139.6, 560453730156139.6, 560453730156139.6]","[520664000.0, 587911100.0, 405496098.9136517, 243366500.0, 683700250.0]","[269257000.0, 269790166.6666667, 47185294.054103576, 245737500.0, 294192750.0]","[435654500.0, 428017375.0, 191055786.52937832, 249695000.0, 609028500.0]","[204589500.0, 226911396.55172414, 126343058.13543996, 139232750.0, 291599000.0]",[1041],[1],"[171156000.0, 169176714.2857143, 63725754.61575122, 124820500.0, 202260250.0]","[262279500.0, 295633700.0, 134470588.24891782, 175343000.0, 420260750.0]","[294207500.0, 342117111.1111111, 176479924.66154107, 211603500.0, 400771250.0]","[1359005537888146.8, 1359005537888146.8, 1359005537888146.8, 1359005537888146.8, 1359005537888146.8]","[294681000.0, 303390750.0, 83807657.94228373, 256698500.0, 365309000.0]"
0,"[201881000.0, 238884181.8181818, 138757429.52119926, 139704500.0, 274295250.0]","[225265000.0, 249808911.7647059, 136338392.39820716, 177907000.0, 269276000.0]","[302183000.0, 357978714.28571427, 271943438.9984638, 213469750.0, 384998250.0]","[259884500.0, 369764045.45454544, 300382406.93451184, 216894500.0, 310539500.0]","[232108000.0, 246333633.33333334, 95092788.64876604, 173724500.0, 309403250.0]","[195932000.0, 275458294.11764705, 254342332.76537183, 138615750.0, 274762500.0]","[303760000.0, 486794291.6666667, 478332681.0155232, 203144250.0, 575262750.0]","[385435000.0, 504463208.3333333, 515479551.4896767, 261061750.0, 486242750.0]","[255290500.0, 367597444.4444444, 348650355.6590235, 163947500.0, 487840000.0]","[353321000.0, 421676045.45454544, 218718295.47387645, 259858250.0, 486322750.0]","[216750500.0, 227537500.0, 83143624.58006024, 168723500.0, 285074750.0]","[472922000.0, 445402333.3333333, 108827298.04935077, 345314750.0, 540475250.0]","[252404500.0, 251346250.0, 72786357.72545223, 205434750.0, 301303500.0]","[132815500.0, 132815500.0, 60963800.28549729, 109176250.0, 156454750.0]","[288149000.0, 295571250.0, 96431470.90907356, 221657250.0, 344501000.0]","[182680500.0, 184899100.0, 53307193.00985562, 150592000.0, 223206000.0]","[145003000.0, 190279812.5, 145496546.52676415, 112932500.0, 206491500.0]","[250894500.0, 419414071.4285714, 329370198.0933708, 168539750.0, 736306750.0]","[254308500.0, 300821388.8888889, 165613953.19827336, 164086750.0, 421742000.0]","[245240000.0, 266746250.0, 115096950.81321658, 197177750.0, 309965500.0]","[323960000.0, 457589111.1111111, 408430725.3302149, 243207000.0, 430354750.0]","[365163500.0, 404510000.0, 144166158.00526837, 312426000.0, 455580000.0]","[378393000.0, 423467500.0, 173181967.00382087, 309248250.0, 481676750.0]","[192823500.0, 193164000.0, 50261570.10579753, 169872500.0, 216411250.0]","[153950500.0, 160634750.0, 66819747.800986946, 116446000.0, 207227000.0]","[340800000.0, 522712000.0, 516033148.0813245, 277814500.0, 429345000.0]","[202209000.0, 206937166.66666666, 63619946.12519113, 163082500.0, 254396500.0]","[123526000.0, 122797200.0, 61742140.63959882, 78476500.0, 164616000.0]","[186965500.0, 188305500.0, 63021971.4048204, 163294750.0, 222615250.0]","[144614000.0, 152746062.5, 60644011.33043636, 114871500.0, 200474250.0]","[152944500.0, 169531200.0, 62265777.65723319, 135448500.0, 203936500.0]","[353164500.0, 330209153.84615386, 102001630.40898766, 276124500.0, 401603000.0]","[128288500.0, 133160388.8888889, 59325994.59449915, 95466000.0, 180613250.0]","[166038500.0, 164644333.33333334, 64374867.6663149, 128573250.0, 199753500.0]","[246463500.0, 336873750.0, 210730954.85461432, 215995500.0, 323245250.0]","[157168500.0, 148970625.0, 64323835.313858375, 107768500.0, 184601000.0]","[700628100163110.8, 700628100163110.8, 700628100163110.8, 700628100163110.8, 700628100163110.8]","[298128000.0, 302301000.0, 59433202.690078884, 255576750.0, 353448500.0]","[305320500.0, 305481285.71428573, 123962530.77928057, 208510500.0, 375464250.0]","[135481000.0, 144226625.0, 61623193.48150804, 97866250.0, 189468750.0]","[312543000.0, 312543000.0, 44508541.74762413, 296603750.0, 328482250.0]","[850162000.0, 991263875.0, 555398358.689382, 506095500.0, 1378217250.0]","[227651000.0, 239665166.66666666, 68502833.6188041, 196536250.0, 284558000.0]","[259376500.0, 385825300.0, 304486213.04027873, 207574250.0, 356321250.0]","[203206000.0, 239875661.29032257, 168026005.8528713, 141965500.0, 296224000.0]",[1041],[2],"[150267500.0, 145078928.57142857, 58736283.56410941, 94415750.0, 182971000.0]","[401562000.0, 797023625.0, 818643454.6834075, 302236500.0, 900167250.0]","[213499000.0, 215239772.72727272, 81366378.35457134, 159383500.0, 276971250.0]","[1359005537888146.8, 1359005537888146.8, 1359005537888146.8, 1359005537888146.8, 1359005537888146.8]","[214893000.0, 224792416.66666666, 68442832.4893098, 186181000.0, 277949000.0]"
0,"[201473500.0, 215424800.0, 102955716.82820727, 151903000.0, 260382750.0]","[217838000.0, 224711411.7647059, 69286062.77265531, 178813750.0, 258257000.0]","[295712500.0, 295854031.25, 141758708.58510873, 179460000.0, 378745500.0]","[275463000.0, 307176535.71428573, 114413755.99238248, 224159750.0, 368687000.0]","[206810500.0, 351397323.5294118, 600907763.1458299, 150727250.0, 262007000.0]","[189800500.0, 201506617.6470588, 104985260.28728557, 130169750.0, 251282000.0]","[194243500.0, 202536041.66666666, 90839518.49483387, 135939500.0, 267767750.0]","[418476000.0, 416292900.0, 215671360.98817107, 245511500.0, 579016500.0]","[230661500.0, 296135833.3333333, 212102262.46900862, 156625500.0, 339777000.0]","[307909000.0, 339873444.4444444, 143035599.27387238, 243767750.0, 457999250.0]","[219996000.0, 242616580.6451613, 142310834.56328383, 162727000.0, 273946000.0]","[376282500.0, 406877333.3333333, 103003092.44090144, 338539250.0, 481875000.0]","[186148500.0, 194618800.0, 57956808.54705511, 161173500.0, 239349500.0]","[196900000.0, 195849500.0, 72309011.393809, 155156250.0, 236095500.0]","[305634000.0, 313006863.6363636, 89947331.24460591, 244945250.0, 372714250.0]","[177330000.0, 196348785.7142857, 65811408.67409212, 162036750.0, 230320000.0]","[148280000.0, 173222375.0, 84463064.63839312, 116131000.0, 208302750.0]","[221662500.0, 249547125.0, 128119110.75369555, 140862000.0, 304610500.0]","[260527500.0, 646179966.6666666, 935404227.1053189, 164993750.0, 476389500.0]","[231969500.0, 234974000.0, 63310515.7166461, 196953250.0, 283430500.0]","[374440000.0, 392180000.0, 116395343.91184701, 322152750.0, 441777750.0]","[318887500.0, 313075500.0, 85852838.57421373, 248971250.0, 375059250.0]","[357416500.0, 357813375.0, 121790942.21881558, 297787250.0, 442573750.0]","[208877500.0, 208877500.0, 36648655.32662829, 194972750.0, 222782250.0]","[112606500.0, 122986500.0, 56884231.54750357, 89370000.0, 163529500.0]","[295042000.0, 322029625.0, 106708568.72012141, 245305000.0, 384997250.0]","[227192500.0, 252518214.2857143, 147177046.2318276, 167989250.0, 287821750.0]","[181329500.0, 240882500.0, 217744678.2368056, 126559750.0, 239600250.0]","[225267500.0, 225267500.0, 42960226.50370922, 207842500.0, 242692500.0]","[157918000.0, 336887400.0, 413685315.31852806, 106765750.0, 296161750.0]","[144228500.0, 143354000.0, 41221436.2842118, 122364000.0, 168602250.0]","[376478000.0, 368772653.84615386, 90697198.06266695, 329284250.0, 426090750.0]","[131069500.0, 138545722.2222222, 59749409.11870133, 96356500.0, 183508250.0]","[157486000.0, 166803375.0, 55642105.37654354, 143177250.0, 204406500.0]","[242990000.0, 241813800.0, 81250674.49849263, 179969500.0, 297584750.0]","[146957500.0, 152313750.0, 67495568.15404624, 110907500.0, 191734750.0]","[700628100163110.8, 700628100163110.8, 700628100163110.8, 700628100163110.8, 700628100163110.8]","[318270500.0, 311157000.0, 46957309.14884285, 271658000.0, 338221750.0]","[335427500.0, 321245666.6666667, 69532676.92763038, 283633750.0, 369059750.0]","[135395000.0, 141105000.0, 56393184.58156092, 95744000.0, 185056250.0]","[402715500.0, 497779333.3333333, 201342321.3966425, 348165500.0, 724519750.0]","[740009500.0, 784765700.0, 185268611.3609372, 629418500.0, 851310500.0]","[200402500.0, 200402500.0, 50737165.78850261, 176434250.0, 224370750.0]","[465111000.0, 424952200.0, 146406163.48009396, 306326500.0, 550129750.0]","[163250000.0, 186059421.875, 111369828.17913543, 107961750.0, 230208750.0]",[1041],[3],"[117298000.0, 119782700.0, 63747069.45193638, 76926000.0, 158453750.0]","[242595000.0, 317257700.0, 171632044.96162713, 166608000.0, 449018000.0]","[199715000.0, 241174750.0, 166308211.17700663, 133199250.0, 279411000.0]","[1359005537888146.8, 1359005537888146.8, 1359005537888146.8, 1359005537888146.8, 1359005537888146.8]","[234597500.0, 240342500.0, 87964600.91896816, 183559000.0, 272533000.0]"
0,"[197520000.0, 204034000.0, 105977487.68488523, 145245500.0, 285127000.0]","[230142000.0, 213490750.0, 126854667.87504314, 108242500.0, 302087750.0]","[212099000.0, 214317071.42857143, 113129876.25036752, 124847500.0, 308655250.0]","[219246500.0, 248831250.0, 147146352.36878112, 155144750.0, 344616500.0]","[260352000.0, 292315500.0, 158118701.78365996, 183604750.0, 387383500.0]","[146589500.0, 144497350.0, 81473581.06160854, 73653000.0, 212402000.0]","[267581500.0, 552900900.0, 849865402.0812885, 204197750.0, 373048250.0]","[215586500.0, 225678166.66666666, 125708540.35039854, 129916500.0, 318654250.0]","[183710500.0, 186113833.33333334, 112274617.94363359, 105546000.0, 252369000.0]","[155990500.0, 164810833.33333334, 94117135.97412652, 115883250.0, 248785500.0]","[213150500.0, 225490500.0, 134584497.37525493, 147708500.0, 317489500.0]","[26425520640.63461, 26425520640.63461, 26425520640.63461, 26425520640.63461, 26425520640.63461]","[211060500.0, 236063222.2222222, 175350448.39107376, 114450250.0, 348420250.0]","[243789000.0, 305302714.28571427, 235407714.96003285, 155028750.0, 354230500.0]","[315681000.0, 407428700.0, 315463374.06592864, 206140250.0, 456551000.0]","[1393712000.0, 1393712000.0, 81459889.72801277, 1360239250.0, 1427184750.0]","[386586500.0, 423612250.0, 158511218.64536119, 303349500.0, 518351750.0]","[616978000.0, 616978000.0, 100874035.3906792, 545261000.0, 688695000.0]","[266415500.0, 852643400.0, 1217329907.602594, 117305500.0, 575643000.0]","[217785000.0, 218941272.72727272, 90382937.85669637, 154006750.0, 253094500.0]","[223634500.0, 209844333.33333334, 104792450.26585752, 138829250.0, 276634750.0]","[203485500.0, 198500681.8181818, 96765703.9713998, 124081750.0, 262832750.0]","[18536915774.26163, 18536915774.26163, 18536915774.26163, 18536915774.26163, 18536915774.26163]","[19407523068.728104, 19407523068.728104, 19407523068.728104, 19407523068.728104, 19407523068.728104]","[145605000.0, 145682250.0, 98927020.21155545, 67646000.0, 216379500.0]","[225492500.0, 380014000.0, 351572489.8489108, 124570000.0, 561944250.0]","[136046000.0, 150113500.0, 102527620.18231966, 81270000.0, 211515750.0]","[199430500.0, 199430500.0, 88953760.38285284, 162843000.0, 236018000.0]","[373426500.0, 356177250.0, 136488156.58487552, 242766000.0, 427183500.0]","[169190000.0, 176216416.66666666, 60810904.17085072, 135708750.0, 213276500.0]","[279794000.0, 279794000.0, 197104372.60116783, 198988250.0, 360599750.0]","[215474000.0, 234039545.45454547, 142269025.0087128, 130281500.0, 323150000.0]","[173554500.0, 190038173.91304347, 133136132.43729539, 110412250.0, 268976250.0]","[184299000.0, 185180666.66666666, 87973265.0424106, 138812750.0, 233783000.0]","[327183500.0, 475815250.0, 389803670.0296221, 204062000.0, 647248500.0]","[230524500.0, 219853833.33333334, 134079073.44911143, 107147000.0, 282718000.0]","[201178500.0, 205783888.8888889, 71832401.79665819, 144248500.0, 250798000.0]","[277686500.0, 295004500.0, 109792261.36322176, 236568000.0, 372256250.0]","[123708000.0, 114059666.66666667, 72654559.78387654, 67124500.0, 147807750.0]","[195258000.0, 298991500.0, 251937059.70225313, 129668250.0, 535572500.0]","[170966000.0, 192545000.0, 120006404.49784337, 109667500.0, 248905250.0]","[1742114457804861.8, 1742114457804861.8, 1742114457804861.8, 1742114457804861.8, 1742114457804861.8]","[152158000.0, 153708833.33333334, 111326451.39733066, 70831500.0, 206350000.0]","[360526500.0, 360526500.0, 103051202.70647015, 307137500.0, 413915500.0]","[107466000.0, 107667937.5, 71254549.85733257, 41949000.0, 150814000.0]",[1042],[1],"[671773786650383.2, 671773786650383.2, 671773786650383.2, 671773786650383.2, 671773786650383.2]","[174709000.0, 187613000.0, 66530755.10932268, 151393000.0, 235886500.0]","[252731000.0, 264394200.0, 140690125.55652228, 169327750.0, 368106250.0]","[195118500.0, 195118500.0, 74183361.49872153, 153416250.0, 236820750.0]","[610108000.0, 670422250.0, 350279581.57118934, 333560000.0, 993264750.0]"
0,"[312943500.0, 347481500.0, 195074801.39615676, 196279000.0, 455495250.0]","[217925000.0, 217925000.0, 51200666.758353844, 197597250.0, 238252750.0]","[273207000.0, 297281500.0, 173300560.05120844, 179546750.0, 371651750.0]","[147786500.0, 147786500.0, 101324281.72086886, 94178000.0, 201395000.0]","[301739000.0, 310392285.71428573, 149267506.99256524, 222068250.0, 415139500.0]","[165694000.0, 184436615.3846154, 138807082.13590127, 110919750.0, 237962750.0]","[278035000.0, 297657894.7368421, 169086705.0950783, 174917250.0, 364532500.0]","[226659000.0, 250865250.0, 149791268.42167738, 135838500.0, 331431750.0]","[174169000.0, 169172500.0, 108322038.9102724, 58711000.0, 217438500.0]","[173185000.0, 184769923.07692307, 130104554.39640224, 83483750.0, 250318750.0]","[180418500.0, 185142178.57142857, 117864665.88484728, 82955250.0, 239063000.0]","[26425520640.63461, 26425520640.63461, 26425520640.63461, 26425520640.63461, 26425520640.63461]","[252760000.0, 265829785.7142857, 146310222.13638026, 146836500.0, 354919750.0]","[169175000.0, 203362928.57142857, 166816350.43427005, 112293000.0, 277758750.0]","[310361500.0, 664487363.6363636, 836608573.1568011, 208080500.0, 471026750.0]","[211805000.0, 227593750.0, 137107121.2936713, 127229500.0, 339812000.0]","[148487000.0, 184448333.33333334, 125564199.18202092, 98808500.0, 277924750.0]","[366924500.0, 357886000.0, 207912647.48627007, 187800500.0, 517861500.0]","[216073500.0, 250845357.14285713, 184840567.24767935, 101215000.0, 351692750.0]","[199822000.0, 198897937.5, 72764112.1166272, 149465500.0, 234884750.0]","[1019541784.8728576, 1019541784.8728576, 1019541784.8728576, 1019541784.8728576, 1019541784.8728576]","[209567000.0, 361626777.7777778, 442112306.12767833, 167761000.0, 357513500.0]","[162134000.0, 160501600.0, 89453401.24187565, 83912250.0, 196345250.0]","[356777500.0, 356777500.0, 70976960.9327562, 318440500.0, 395114500.0]","[351351000.0, 351351000.0, 105744311.41673769, 296884500.0, 405817500.0]","[176822500.0, 174475312.5, 95575760.86685026, 108672250.0, 246073250.0]","[124366500.0, 134289250.0, 91913238.45446585, 74750250.0, 211685250.0]","[162777000.0, 171014250.0, 91639475.02952808, 113021500.0, 239607750.0]","[279753000.0, 294132333.3333333, 147042737.07572985, 193152000.0, 400762750.0]","[183325500.0, 184339400.0, 65150937.15339021, 141242500.0, 225686500.0]","[167390000.0, 162576000.0, 80959602.19146337, 110990500.0, 198800750.0]","[209462000.0, 232980916.66666666, 141426690.51989347, 141517750.0, 315387500.0]","[191715500.0, 185519462.96296296, 110508066.3683464, 106195250.0, 273228750.0]","[188530000.0, 185244000.0, 89871275.60850574, 122566500.0, 241349500.0]","[257801000.0, 261597750.0, 86976914.86933473, 217791250.0, 303951250.0]","[221717500.0, 218155500.0, 123299337.40515395, 115493500.0, 283715500.0]","[205289000.0, 201346750.0, 64449009.01892001, 159031250.0, 231408250.0]","[1285707944852262.0, 1285707944852262.0, 1285707944852262.0, 1285707944852262.0, 1285707944852262.0]","[150917500.0, 145893250.0, 91958475.25072119, 90898500.0, 191063750.0]","[126183500.0, 126183500.0, 87377214.66864231, 84055500.0, 168311500.0]","[227611000.0, 224377400.0, 125534710.08585633, 134318000.0, 309206000.0]","[619205000.0, 619205000.0, 85269384.54392643, 565396750.0, 673013250.0]","[143222500.0, 170155888.8888889, 131652577.90673016, 87558000.0, 215193000.0]","[1724948786585614.2, 1724948786585614.2, 1724948786585614.2, 1724948786585614.2, 1724948786585614.2]","[161008000.0, 214682500.0, 201806485.30670106, 100732000.0, 236806000.0]",[1042],[2],"[202541500.0, 202541500.0, 107744911.27774899, 138309000.0, 266774000.0]","[207817000.0, 239108650.0, 121918157.6057377, 154356500.0, 298941750.0]","[219435000.0, 277494142.85714287, 222213810.27654976, 139131750.0, 347437000.0]","[1359005537888146.8, 1359005537888146.8, 1359005537888146.8, 1359005537888146.8, 1359005537888146.8]","[243471500.0, 442794750.0, 465228144.20196486, 162892250.0, 395087250.0]"
0,"[247440500.0, 248535000.0, 122450185.74642235, 182624000.0, 336331250.0]","[172247500.0, 164065000.0, 91875314.33143508, 108678750.0, 211439500.0]","[239808000.0, 247179142.85714287, 136987330.68757915, 121082250.0, 341781500.0]","[235427500.0, 235427500.0, 74120305.45842347, 200588750.0, 270266250.0]","[302920000.0, 323045450.0, 153118199.1901926, 225040750.0, 421081250.0]","[137998500.0, 143969125.0, 78354474.46151766, 92549500.0, 211065250.0]","[285583000.0, 296605400.0, 154172851.80225474, 183371750.0, 386131500.0]","[185847500.0, 239854250.0, 208506413.8349954, 136483500.0, 289193250.0]","[241550500.0, 342353500.0, 280098551.08626497, 158071000.0, 469536500.0]","[157218500.0, 174595294.11764705, 108185231.29664055, 87848500.0, 248602250.0]","[186293500.0, 192423181.8181818, 117109474.6578976, 126190000.0, 263053250.0]","[183893000.0, 183893000.0, 82595783.2004758, 147279250.0, 220506750.0]","[175652000.0, 181462714.2857143, 111458695.32216124, 110507250.0, 261614250.0]","[232358500.0, 234784666.66666666, 114273977.3529195, 159430500.0, 311924000.0]","[202050500.0, 225961450.0, 151915241.05367932, 131631750.0, 281178250.0]","[530471500.0, 530471500.0, 124768529.67896192, 474841000.0, 586102000.0]","[217707000.0, 295203700.0, 218940053.62817922, 162757000.0, 329550500.0]","[314030500.0, 314030500.0, 110339977.76531406, 244227250.0, 383833750.0]","[215820000.0, 326750500.0, 280068972.6286187, 113013500.0, 466223500.0]","[191765500.0, 191370400.0, 63693720.11148352, 153056250.0, 223371250.0]","[1323426500.0, 1317896750.0, 783666175.7458897, 574280750.0, 2085801000.0]","[232190000.0, 266790500.0, 140282184.94085857, 160444000.0, 357128250.0]","[193746500.0, 268677625.0, 218833285.32608876, 115978750.0, 440294250.0]","[128730000.0, 128730000.0, 46695436.0350131, 97914250.0, 159545750.0]","[229846000.0, 228854500.0, 105912794.27316608, 182797000.0, 266924250.0]","[198940500.0, 207177500.0, 114734138.92930907, 113421500.0, 285229750.0]","[116376500.0, 114692250.0, 72901374.92659175, 68153750.0, 159546500.0]","[127469000.0, 127469000.0, 79422724.59756087, 83961250.0, 170976750.0]","[224245000.0, 217513666.66666666, 109876472.67904484, 126987500.0, 267002750.0]","[171188000.0, 181581583.33333334, 74444088.76013185, 140768250.0, 223647500.0]","[1267038167644415.8, 1267038167644415.8, 1267038167644415.8, 1267038167644415.8, 1267038167644415.8]","[164989500.0, 168563785.7142857, 103092388.35189018, 92432750.0, 221781000.0]","[266827500.0, 384669944.4444444, 423710862.8426769, 132623750.0, 386294250.0]","[233191000.0, 268699428.5714286, 176178466.74596527, 146172250.0, 305681250.0]","[256608000.0, 256608000.0, 71810893.04555403, 212423000.0, 300793000.0]","[332764500.0, 382398000.0, 220369565.7022539, 242648750.0, 457869250.0]","[222191000.0, 231533666.66666666, 74154902.31977624, 188909250.0, 283071500.0]","[1285707944852262.0, 1285707944852262.0, 1285707944852262.0, 1285707944852262.0, 1285707944852262.0]","[114683000.0, 120480250.0, 60878177.51204039, 89502750.0, 164817500.0]","[118893500.0, 118893500.0, 80920276.38515578, 86498000.0, 151289000.0]","[213618500.0, 348364100.0, 280593516.6111113, 127224750.0, 581164250.0]","[72113000.0, 72113000.0, 50068478.71665365, 53692000.0, 90534000.0]","[131999000.0, 165685318.1818182, 131601260.78056823, 91090500.0, 223034750.0]","[194227500.0, 194227500.0, 68524704.70749947, 161003250.0, 227451750.0]","[117238500.0, 116509722.22222222, 77876986.0876081, 51643500.0, 155545500.0]",[1042],[3],"[671773786650383.2, 671773786650383.2, 671773786650383.2, 671773786650383.2, 671773786650383.2]","[187390500.0, 187495666.66666666, 69980098.78331284, 140880500.0, 247056500.0]","[222791500.0, 216991875.0, 125283961.09133193, 126422750.0, 271245750.0]","[180979000.0, 189550000.0, 71185346.55039617, 148013500.0, 232467250.0]","[156980000.0, 156307750.0, 113245532.0330012, 70335250.0, 225832500.0]"
0,"[177365500.0, 178781781.25, 53914748.30851851, 144639750.0, 216519000.0]","[167274500.0, 174330365.3846154, 55842872.35525878, 145835250.0, 210821500.0]","[153432000.0, 158868000.0, 57598400.1318613, 121795000.0, 192526500.0]","[214792000.0, 235122866.66666666, 131269135.59470949, 167585250.0, 263779250.0]","[222297500.0, 252267666.66666666, 106133111.77243415, 175173250.0, 324408000.0]","[279811000.0, 276562900.0, 139543671.4485469, 169920500.0, 357971750.0]","[161286500.0, 290068913.04347825, 582895042.3968999, 114120500.0, 212760000.0]","[269730500.0, 267135500.0, 54136038.061535314, 234647500.0, 297364250.0]","[133449000.0, 141884810.3448276, 69491664.45497367, 96578500.0, 194513000.0]","[180370000.0, 287059545.45454544, 241584996.28236005, 142408750.0, 380702000.0]","[175085500.0, 198276050.0, 107347239.42164278, 117192750.0, 237979000.0]","[223048500.0, 226600700.0, 52790742.8088486, 188130000.0, 255920500.0]","[227699000.0, 1660858071.4285715, 3523201094.814699, 158773500.0, 339468000.0]","[300648000.0, 349759416.6666667, 142169828.5545954, 235353000.0, 476456250.0]","[277194000.0, 260372500.0, 113751621.69349499, 172496750.0, 344308500.0]","[216301500.0, 210113750.0, 55876883.51952144, 168148250.0, 261988000.0]","[178705000.0, 179514500.0, 62039749.13848916, 135036750.0, 218796500.0]","[329148500.0, 415291645.8333333, 307156346.0096157, 265698250.0, 411005250.0]","[175323000.0, 174861375.0, 75408841.35404399, 129085500.0, 220390000.0]","[161584500.0, 168966882.3529412, 48539141.455339454, 136797500.0, 209923500.0]","[232000000.0, 235015066.66666666, 75945300.4301707, 197376250.0, 285111500.0]","[267149000.0, 268085964.2857143, 101819318.1689584, 193941000.0, 329343500.0]","[233837000.0, 347616600.0, 207269233.63451698, 165816000.0, 591572000.0]","[138598500.0, 138598500.0, 49871598.242386416, 118536750.0, 158660250.0]","[117880500.0, 156131000.0, 127439396.12812044, 74228000.0, 197948000.0]","[374211000.0, 411148681.8181818, 144514850.6341402, 298891500.0, 518125250.0]","[165174000.0, 170662900.0, 52341124.75854909, 137991000.0, 200822500.0]","[260350000.0, 264846850.0, 80480692.5350888, 214094750.0, 312149000.0]","[838384250488847.5, 838384250488847.5, 838384250488847.5, 838384250488847.5, 838384250488847.5]","[236391500.0, 302991875.0, 164275762.1234319, 190974750.0, 362618500.0]","[168181000.0, 168181000.0, 52901306.392186575, 143291500.0, 193070500.0]","[165611000.0, 191701978.26086956, 105838340.59319556, 124083000.0, 232513750.0]","[110170000.0, 116089333.33333333, 60082028.29511963, 75966000.0, 152303750.0]","[134770000.0, 134770000.0, 40793760.435880385, 109071750.0, 160468250.0]","[252153000.0, 353300800.0, 225229030.3128351, 182357000.0, 446352250.0]","[806949869991989.8, 806949869991989.8, 806949869991989.8, 806949869991989.8, 806949869991989.8]","[428017500.0, 434452250.0, 114159772.23254915, 340215500.0, 532723000.0]","[128254000.0, 169707333.33333334, 120176372.3656702, 97131250.0, 198119250.0]","[207562000.0, 206151400.0, 66111652.210030265, 150997000.0, 249764000.0]","[103681500.0, 122016650.0, 69809191.10208555, 89604000.0, 164093000.0]","[359430000.0, 345773142.85714287, 78421603.82314225, 287603750.0, 399475000.0]","[231455000.0, 239516765.625, 70817717.79568174, 191820250.0, 283915500.0]","[160139500.0, 361146833.3333333, 333161096.6103919, 126119250.0, 781086500.0]","[154287500.0, 170693000.0, 104343222.05047628, 97962000.0, 216671250.0]","[132329000.0, 155462583.33333334, 102305207.69292761, 93295000.0, 185238750.0]",[1043],[1],"[161688000.0, 179806120.68965518, 64475851.72561936, 142335250.0, 207152500.0]","[193316500.0, 185909800.0, 49350754.9593722, 140664750.0, 211405250.0]","[190596000.0, 269234192.3076923, 251602212.7120078, 126462250.0, 259505250.0]","[1359005537888146.8, 1359005537888146.8, 1359005537888146.8, 1359005537888146.8, 1359005537888146.8]","[178869000.0, 187058200.0, 62632972.38843132, 147325250.0, 232410750.0]"
0,"[188310500.0, 193063472.2222222, 61826383.491276115, 146537500.0, 229127750.0]","[178480000.0, 182157391.3043478, 53655673.52815473, 152964500.0, 223006250.0]","[173330000.0, 171291187.5, 57171482.179403424, 119661750.0, 225047250.0]","[213964000.0, 220138000.0, 59320018.755967475, 180698500.0, 260327250.0]","[193911500.0, 204342363.63636363, 70714912.59599122, 151825250.0, 255313750.0]","[250630000.0, 341041916.6666667, 261658977.15138635, 199548750.0, 316837750.0]","[157934000.0, 200525312.5, 149118546.76637256, 98642000.0, 226179500.0]","[140884000.0, 152624857.14285713, 81765468.03105046, 101902250.0, 192427000.0]","[153006500.0, 196121055.55555555, 161677113.86393535, 105449000.0, 215499000.0]","[179839500.0, 188441850.0, 80192642.70385095, 128084750.0, 233963500.0]","[120949500.0, 124072333.33333333, 53131396.26465454, 84513000.0, 166618500.0]","[241353000.0, 241505750.0, 62795085.329685636, 196382000.0, 280871000.0]","[203587000.0, 205618875.0, 74781404.9612895, 145048000.0, 248844500.0]","[274437000.0, 277251600.0, 61859303.30952653, 236943500.0, 326367500.0]","[316392500.0, 299811318.1818182, 92386679.3678939, 241265250.0, 364939750.0]","[204030000.0, 208413437.5, 60589681.46832919, 172329250.0, 250270500.0]","[187781000.0, 302477375.0, 346648436.38293594, 123190750.0, 281387250.0]","[325161000.0, 348377666.6666667, 128472888.14203392, 248904250.0, 451567000.0]","[164236500.0, 159473000.0, 52392047.1509433, 120634750.0, 190928000.0]","[169100000.0, 168167642.85714287, 44501747.70100471, 144395500.0, 193735750.0]","[294825000.0, 402887214.28571427, 313844801.4220287, 224115000.0, 424805750.0]","[272436500.0, 273613450.0, 75695075.15121111, 221299000.0, 321479250.0]","[167372000.0, 199357250.0, 107379795.57048397, 139596500.0, 234191250.0]","[185982500.0, 209062125.0, 80524167.5996056, 158135500.0, 248371000.0]","[126128000.0, 133185000.0, 56308376.34624177, 102500500.0, 178348750.0]","[267492000.0, 286239906.25, 96024994.4680288, 210535750.0, 360221750.0]","[185404000.0, 270478700.0, 206722338.9965632, 143184000.0, 261622250.0]","[296349500.0, 503164928.5714286, 553127366.1138692, 239731000.0, 348886750.0]","[151581500.0, 151581500.0, 42382579.89138934, 136410000.0, 166753000.0]","[222378500.0, 245068000.0, 82111563.81716281, 181739250.0, 306237250.0]","[170290000.0, 170517500.0, 50755409.00977944, 138673000.0, 199134000.0]","[169690000.0, 198104710.52631578, 130392899.87277679, 116139750.0, 247579500.0]","[184259500.0, 214959666.66666666, 118795005.61845557, 125178500.0, 315487500.0]","[156295500.0, 155026500.0, 36842424.91679938, 136944500.0, 172473000.0]","[253017500.0, 275696500.0, 109516693.6846029, 207239500.0, 315611500.0]","[806949869991989.8, 806949869991989.8, 806949869991989.8, 806949869991989.8, 806949869991989.8]","[314606500.0, 355114333.3333333, 115695398.32921427, 260929000.0, 464373500.0]","[109765500.0, 111648166.66666667, 53101966.65038771, 73813500.0, 141069000.0]","[216866000.0, 212719200.0, 57082818.27888318, 172633750.0, 255739750.0]","[144028500.0, 176895071.42857143, 127423006.19713978, 101053750.0, 205762500.0]","[217777000.0, 218846000.0, 58115017.90092643, 179735750.0, 260128000.0]","[224199000.0, 233064029.4117647, 69122830.79352942, 185603500.0, 273252750.0]","[127249500.0, 127249500.0, 43771252.53234136, 103411750.0, 151087250.0]","[141185000.0, 149179090.9090909, 83628235.89847949, 87241750.0, 185768000.0]","[144948000.0, 162486448.27586207, 102558144.61094949, 102485750.0, 196849500.0]",[1043],[2],"[173118000.0, 251073411.7647059, 201546171.4742274, 140698250.0, 226288250.0]","[299411203168522.4, 299411203168522.4, 299411203168522.4, 299411203168522.4, 299411203168522.4]","[150574500.0, 204319700.0, 138897383.27560386, 120783500.0, 203508500.0]","[187157500.0, 184188500.0, 51681437.85973839, 152702750.0, 209677750.0]","[170031000.0, 173731875.0, 48200613.1501133, 144247750.0, 213573500.0]"
0,"[170578000.0, 175550500.0, 42877904.88021385, 149801000.0, 213169000.0]","[174306000.0, 181380500.0, 63063301.26709625, 140737000.0, 228080250.0]","[182873000.0, 186067500.0, 46906686.28511292, 166044000.0, 219064250.0]","[202526000.0, 214449700.0, 67669735.07048775, 175336250.0, 260440500.0]","[414589500.0, 472862250.0, 280537135.2360281, 261150500.0, 605627500.0]","[221533500.0, 208330600.0, 83522667.70308524, 156482250.0, 271092000.0]","[162222500.0, 186181571.42857143, 109738482.16146441, 111278000.0, 242666250.0]","[160222000.0, 196901400.0, 110419739.33785571, 132056750.0, 230976250.0]","[152698500.0, 153637052.63157895, 66615388.817547396, 107007250.0, 189390750.0]","[146400500.0, 155744500.0, 63615432.31107528, 110522250.0, 183384250.0]","[133951500.0, 133827428.57142857, 49372924.08686926, 102957250.0, 166011250.0]","[191088500.0, 320033500.0, 248669538.20599604, 139114750.0, 613432250.0]","[248318000.0, 281126700.0, 130859571.34046404, 195050500.0, 303866250.0]","[317446000.0, 317446000.0, 48007937.0156644, 297661750.0, 337230250.0]","[426376500.0, 993714000.0, 992081571.7267575, 214323750.0, 2342391000.0]","[185672500.0, 185672500.0, 47288513.52337056, 158906500.0, 212438500.0]","[200370500.0, 266481300.0, 182494061.5360127, 149427750.0, 265339000.0]","[284797500.0, 289574375.0, 63508996.97766746, 244929250.0, 337026000.0]","[132915000.0, 136882250.0, 50912900.73927727, 109654500.0, 171059250.0]","[179296500.0, 179296500.0, 34309272.380072415, 164668500.0, 193924500.0]","[233484000.0, 235945500.0, 63805247.237688065, 189504250.0, 274668500.0]","[240441500.0, 238814416.66666666, 59484734.50454652, 194719000.0, 285817500.0]","[183801500.0, 182958041.66666666, 62692876.8195792, 135099500.0, 234512750.0]","[180367500.0, 174303166.66666666, 49035594.79574223, 139610500.0, 196069250.0]","[122565500.0, 149838555.55555555, 84578540.58225816, 101179500.0, 190265750.0]","[275898000.0, 307736583.3333333, 192179700.21070483, 179218250.0, 349653000.0]","[168296000.0, 168827750.0, 65569412.596023, 124415000.0, 212867750.0]","[292417500.0, 303917875.0, 99928083.16789317, 226424500.0, 382847750.0]","[140664000.0, 140664000.0, 46453354.86808246, 111476750.0, 169851250.0]","[183505500.0, 181677625.0, 33181504.328230433, 158181750.0, 201595250.0]","[180367500.0, 180367500.0, 47030409.35660671, 159709250.0, 201025750.0]","[145293500.0, 154665083.33333334, 49420538.476693965, 123941250.0, 198462750.0]","[158874000.0, 158874000.0, 42603228.85063995, 141665750.0, 176082250.0]","[239749000.0, 239749000.0, 24440717.880209655, 220033750.0, 259464250.0]","[189480000.0, 185055000.0, 43469558.5448407, 147863250.0, 211862500.0]","[164660500.0, 170338500.0, 84140464.03187945, 102029000.0, 234268500.0]","[295775500.0, 303105000.0, 56853914.05831264, 266961000.0, 337236500.0]","[151195000.0, 339198666.6666667, 310369413.6614553, 110469250.0, 727336500.0]","[235522000.0, 309884000.0, 208664667.932387, 158044250.0, 535754000.0]","[130840000.0, 203603142.85714287, 169631759.48395526, 81902750.0, 305035500.0]","[296951000.0, 296951000.0, 47440167.042286016, 266064000.0, 327838000.0]","[219255500.0, 272981250.0, 170891073.7799264, 178254500.0, 275856750.0]","[225669000.0, 214534500.0, 74200920.65635034, 157140250.0, 268699250.0]","[144977500.0, 169437916.66666666, 89411095.53066139, 105377000.0, 192834250.0]","[199373000.0, 206894000.0, 59783528.15087669, 173274250.0, 255264500.0]",[1043],[3],"[159119000.0, 167685464.2857143, 56395269.48308832, 137178500.0, 194005500.0]","[299411203168522.4, 299411203168522.4, 299411203168522.4, 299411203168522.4, 299411203168522.4]","[183766500.0, 173536000.0, 57731751.74784669, 132627250.0, 203814250.0]","[189343500.0, 189686500.0, 41434069.51712564, 166724250.0, 212991750.0]","[160717000.0, 186406500.0, 77306680.32502107, 142235500.0, 225126750.0]"
0,"[272945500.0, 408721080.6451613, 438162089.18519956, 147335250.0, 454536500.0]","[173818500.0, 190168964.2857143, 123166326.17515406, 117169000.0, 253485000.0]","[170257000.0, 188188681.8181818, 109498368.1675362, 106107000.0, 264334250.0]","[160299500.0, 182755041.66666666, 102953907.01859789, 128922000.0, 256519000.0]","[300055000.0, 689986041.6666666, 1360064897.5074828, 192441750.0, 568212250.0]","[228096000.0, 259968467.39130434, 150844935.7706126, 166850250.0, 325973750.0]","[235249500.0, 331045344.82758623, 448567463.8876771, 159105500.0, 328877750.0]","[209301500.0, 223374821.42857143, 137205550.5581611, 133744250.0, 300447000.0]","[192972500.0, 231626866.66666666, 153013999.33878237, 133604000.0, 308683750.0]","[183249500.0, 211366642.85714287, 158958880.92811948, 104525500.0, 277330500.0]","[175890500.0, 217477527.7777778, 182447773.92006764, 118026750.0, 269808500.0]","[321531500.0, 411761300.0, 245644021.5049208, 264135250.0, 437156250.0]","[257304500.0, 268473875.0, 157752626.6941081, 158648250.0, 336758750.0]","[224450500.0, 304078038.46153843, 230970500.79234743, 147356000.0, 395932750.0]","[282650500.0, 339063886.3636364, 225231029.0077639, 189002250.0, 419590750.0]","[196405000.0, 196349321.42857143, 92248404.90299375, 142213250.0, 250827250.0]","[260740000.0, 344246531.25, 264694958.50205624, 160465000.0, 461657750.0]","[209761000.0, 206821818.1818182, 96147831.45956041, 136474500.0, 270078500.0]","[140889500.0, 167202653.84615386, 108785132.0274344, 108651000.0, 228950500.0]","[243197500.0, 279274089.28571427, 158568956.6696319, 190153250.0, 343085750.0]","[126987500.0, 142824027.7777778, 98693473.35521176, 84005250.0, 211771500.0]","[208456000.0, 380958285.71428573, 760848057.6808381, 144783750.0, 306073250.0]","[177055500.0, 235879450.0, 221253524.66502652, 118664250.0, 271289250.0]","[197721500.0, 215890214.2857143, 87659283.21117473, 166279750.0, 277000750.0]","[156181500.0, 170482000.0, 95677734.97109973, 124418500.0, 246843750.0]","[204984000.0, 234912972.2222222, 168248140.67504683, 129515000.0, 308849750.0]","[154459500.0, 179733928.57142857, 111434495.39733729, 112169750.0, 254921500.0]","[156911500.0, 172305590.9090909, 100937290.86425127, 130048250.0, 259306750.0]","[288884500.0, 539339583.3333334, 489760670.2146227, 174701500.0, 1056749000.0]","[194306000.0, 219823000.0, 118708777.98852709, 162833250.0, 274127000.0]","[158293500.0, 188542133.33333334, 160530225.27076393, 107457000.0, 283492500.0]","[209218000.0, 230298604.16666666, 143535721.52607164, 129276750.0, 296518500.0]","[191078000.0, 212803900.0, 99490616.83993119, 172521500.0, 295419500.0]","[195650500.0, 494507769.2307692, 940437360.1999398, 167201750.0, 286407500.0]","[207074500.0, 256145100.0, 169534772.3266233, 168653750.0, 291974000.0]","[184282500.0, 333692909.09090906, 499812061.0382566, 122746000.0, 295733750.0]","[238079000.0, 247171125.0, 87492719.84395449, 208459750.0, 322593500.0]","[179932000.0, 215459735.29411766, 161413182.53108165, 123033750.0, 271172750.0]","[129689000.0, 137741250.0, 79039816.59361176, 96225000.0, 196817750.0]","[179423500.0, 196264333.33333334, 106302618.72989456, 135347500.0, 268815250.0]","[313086000.0, 364529235.2941176, 245834960.98519364, 185092000.0, 498567000.0]","[176882000.0, 190379194.44444445, 100618059.05497268, 149773000.0, 276970750.0]","[196850500.0, 187580000.0, 92671408.88159627, 134393250.0, 243413750.0]","[185633000.0, 270196636.3636364, 307041889.6213209, 125819500.0, 259100250.0]","[150079000.0, 162216056.6037736, 106531277.47873633, 104286750.0, 223702000.0]",[1044],[1],"[180509000.0, 285336423.0769231, 265643648.42711213, 129476250.0, 314183000.0]","[226857500.0, 226857500.0, 79996259.03909507, 192759250.0, 260955750.0]","[189023500.0, 250126769.23076922, 247795591.06298575, 124257500.0, 293823500.0]","[226005500.0, 447809277.7777778, 596277934.9578896, 180222000.0, 332892500.0]","[163905000.0, 162121750.0, 89241283.96153973, 109017500.0, 222202500.0]"
0,"[281843500.0, 368083380.95238096, 270926048.71172017, 156602500.0, 591704750.0]","[167885000.0, 187143451.61290324, 145192374.49642095, 117169000.0, 253563250.0]","[172190000.0, 179929340.0, 100910926.01202507, 107701750.0, 263648000.0]","[157545500.0, 161817698.11320755, 85606290.50458871, 114823250.0, 233271000.0]","[340872000.0, 415073562.5, 339461631.05084383, 230667750.0, 491265250.0]","[225372000.0, 244307098.9010989, 131132513.30366687, 164584000.0, 321916000.0]","[257504500.0, 406574687.5, 582652255.1503941, 149354750.0, 397120250.0]","[272518500.0, 314940796.2962963, 213393459.68754867, 160204750.0, 419188000.0]","[161519500.0, 164469147.05882353, 97404150.26326029, 86393750.0, 220436750.0]","[207425000.0, 240059366.66666666, 174822491.2487394, 132434500.0, 302256250.0]","[169734000.0, 205220171.1409396, 161351759.77233228, 122777000.0, 269176500.0]","[384006500.0, 493310250.0, 290066518.2445586, 274292500.0, 823971500.0]","[184590500.0, 223046625.0, 149038538.20315865, 131530750.0, 292280250.0]","[289630500.0, 292946613.6363636, 163180244.2062591, 169598250.0, 376264000.0]","[199993500.0, 231465983.05084747, 137781253.34667042, 148656000.0, 296769500.0]","[224682000.0, 239579791.66666666, 129148430.2336299, 165534750.0, 320932000.0]","[265258000.0, 311893000.0, 205881036.73617563, 157428750.0, 451473250.0]","[210601000.0, 329718206.8965517, 762821223.7635393, 149463000.0, 296849750.0]","[161036500.0, 186928500.0, 118719236.16878605, 125214500.0, 245667250.0]","[216362000.0, 271995093.75, 171544682.73189047, 188526500.0, 303802250.0]","[142071000.0, 214090500.0, 270735403.2639618, 93118000.0, 229769500.0]","[292526500.0, 314803469.6969697, 166996027.9981705, 200136750.0, 390833250.0]","[151522500.0, 161504884.6153846, 93540659.81487446, 96093750.0, 245660250.0]","[308531500.0, 308531500.0, 95385459.27577221, 270572750.0, 346490250.0]","[156181500.0, 164867750.0, 90904459.72890532, 124418500.0, 244646250.0]","[199165500.0, 224673083.33333334, 139205621.24762598, 132027000.0, 303531000.0]","[153378500.0, 183909481.4814815, 132121607.93714935, 109883750.0, 252235750.0]","[174785500.0, 223814465.5172414, 235246593.30419976, 139774750.0, 283661000.0]","[209138500.0, 374525863.6363636, 409077357.1880213, 144521250.0, 314527250.0]","[197173500.0, 255949125.0, 158836765.2108637, 168138250.0, 287592750.0]","[149692500.0, 156132125.0, 104588815.56115058, 110637750.0, 216637750.0]","[182156000.0, 196124000.0, 105651118.92628019, 124607250.0, 261173500.0]","[188383500.0, 199265562.5, 97159849.79691249, 161800250.0, 290442000.0]","[185646000.0, 193627500.0, 76466287.714587, 146835250.0, 238642750.0]","[194160000.0, 221479743.58974358, 144541003.50498858, 142314500.0, 291974000.0]","[279966500.0, 561209100.0, 667154470.352324, 177521250.0, 384128000.0]","[268769500.0, 291343113.6363636, 129902774.21939911, 208004500.0, 360802250.0]","[183943000.0, 230916909.0909091, 180704668.47755387, 129535500.0, 284362000.0]","[126777500.0, 139774735.29411766, 83055762.30843838, 82612500.0, 202032500.0]","[167100000.0, 178959333.33333334, 92271306.94437043, 117613500.0, 236023000.0]","[296431000.0, 317361694.4444444, 198255418.67434537, 188586250.0, 387846500.0]","[175600000.0, 179831733.33333334, 87400772.02288064, 133884500.0, 250204500.0]","[100175003027391.8, 100175003027391.8, 100175003027391.8, 100175003027391.8, 100175003027391.8]","[184851000.0, 177446333.33333334, 91685068.87831967, 115054250.0, 220793000.0]","[156267000.0, 237502600.0, 528187072.94474757, 109829250.0, 225488250.0]",[1044],[2],"[294999500.0, 354413515.1515151, 276510577.6959532, 150900750.0, 483735750.0]","[270565500.0, 279868750.0, 128161368.7005078, 196882000.0, 344620500.0]","[212788000.0, 337964636.3636364, 320395784.8635376, 149992750.0, 346948250.0]","[220864500.0, 482408071.4285714, 667015215.5045924, 180081500.0, 299594000.0]","[1864369258744477.0, 1864369258744477.0, 1864369258744477.0, 1864369258744477.0, 1864369258744477.0]"
0,"[6104266734.986269, 6104266734.986269, 6104266734.986269, 6104266734.986269, 6104266734.986269]","[183275500.0, 234081250.0, 202159153.9590466, 126171500.0, 281462250.0]","[155806000.0, 178537833.33333334, 108016145.5954875, 111434250.0, 251261250.0]","[180325000.0, 175073666.66666666, 89987817.86195038, 131056250.0, 226554500.0]","[765489000.0, 746066250.0, 295066432.4591794, 477052750.0, 1011183500.0]","[247736000.0, 254044000.0, 111750626.75402167, 183614750.0, 329697500.0]","[196704500.0, 194060333.33333334, 85613448.47368056, 135703000.0, 243324000.0]","[178453000.0, 192955884.6153846, 123216945.99592869, 115430000.0, 269082000.0]","[148028500.0, 164024785.7142857, 95006468.48743553, 105440250.0, 226978750.0]","[234597500.0, 262105750.0, 164522746.50987256, 150511750.0, 340661250.0]","[178271000.0, 199834409.0909091, 127406867.91701439, 117356000.0, 295580750.0]","[26425520640.63461, 26425520640.63461, 26425520640.63461, 26425520640.63461, 26425520640.63461]","[214897000.0, 217626500.0, 87822512.41424376, 177641250.0, 258728750.0]","[337798000.0, 338479250.0, 128714545.38637361, 265838750.0, 423687750.0]","[285555500.0, 396252807.6923077, 357527136.47837216, 189960000.0, 416254750.0]","[215142000.0, 212334500.0, 89466041.87707199, 154008250.0, 255443500.0]","[177974000.0, 181134000.0, 86818196.95130163, 136294750.0, 233985000.0]","[234606500.0, 243787500.0, 124836695.57445838, 154735250.0, 334848000.0]","[167683000.0, 167883100.0, 80965658.13843545, 119480750.0, 228477250.0]","[229883000.0, 282910363.6363636, 177800412.8901652, 195445250.0, 331798000.0]","[616625500.0, 616625500.0, 83702988.94454128, 578648250.0, 654602750.0]","[276062000.0, 276093000.0, 81018024.50843886, 246310000.0, 308654000.0]","[142528500.0, 142798000.0, 79040362.69105382, 89392750.0, 193900000.0]","[335370500.0, 341768250.0, 100802987.9675573, 295951500.0, 394707000.0]","[202112000.0, 210064250.0, 113683816.54441482, 136188750.0, 290976500.0]","[256644000.0, 303658250.0, 183493664.53691936, 166234250.0, 372197750.0]","[159114500.0, 159114500.0, 73294784.03167582, 131467000.0, 186762000.0]","[144339500.0, 144339500.0, 96330176.5504974, 106042750.0, 182636250.0]","[838384250488847.5, 838384250488847.5, 838384250488847.5, 838384250488847.5, 838384250488847.5]","[222295000.0, 221346500.0, 86281542.64238673, 162423500.0, 271802500.0]","[1267038167644415.8, 1267038167644415.8, 1267038167644415.8, 1267038167644415.8, 1267038167644415.8]","[192893500.0, 192399166.66666666, 76284656.62223448, 156167500.0, 258305250.0]","[168430000.0, 170075000.0, 93502926.71622637, 130899750.0, 212793250.0]","[1799406500.0, 1799035000.0, 812849311.2876151, 991418500.0, 2603006500.0]","[173033500.0, 204485375.0, 121506582.77788647, 135729500.0, 288490250.0]","[806949869991989.8, 806949869991989.8, 806949869991989.8, 806949869991989.8, 806949869991989.8]","[274372500.0, 303981562.5, 125170857.2000032, 217596000.0, 354708250.0]","[138663000.0, 138663000.0, 75973674.7334233, 111790250.0, 165535750.0]","[156304500.0, 192849214.2857143, 140344284.22590873, 99064250.0, 249136000.0]","[182764000.0, 244259050.0, 182375033.5234993, 156070000.0, 312970000.0]","[183461500.0, 186110750.0, 99863020.62794566, 134010250.0, 248320250.0]","[185567500.0, 186229533.33333334, 85450112.53151684, 124295000.0, 253373250.0]","[100175003027391.8, 100175003027391.8, 100175003027391.8, 100175003027391.8, 100175003027391.8]","[160000000.0, 158889000.0, 88210123.52143413, 112896000.0, 216674000.0]","[160019500.0, 207896600.0, 185741885.74571255, 111439500.0, 257400750.0]",[1044],[3],"[178232500.0, 178232500.0, 124710178.23437668, 101980500.0, 254484500.0]","[299411203168522.4, 299411203168522.4, 299411203168522.4, 299411203168522.4, 299411203168522.4]","[175173000.0, 176457000.0, 115040337.03952134, 66135750.0, 242576500.0]","[227562500.0, 263466090.9090909, 131575964.26603603, 202408000.0, 324683000.0]","[137315500.0, 149143500.0, 84915101.15354434, 108647250.0, 198697250.0]"
0,"[212998000.0, 217197920.0, 63986121.34872374, 173133750.0, 262786000.0]","[230849000.0, 273437058.3333333, 145598126.7981778, 196432500.0, 290262750.0]","[207843000.0, 209799681.8181818, 91990807.10204212, 136011250.0, 260027500.0]","[244582000.0, 258340419.3548387, 77339486.39227517, 212978500.0, 302475500.0]","[212644000.0, 220883239.13043478, 61992994.31674405, 181410500.0, 262909000.0]","[156400000.0, 176115148.14814815, 97362951.7453669, 110140250.0, 232506250.0]","[141086000.0, 151372555.55555555, 83490686.03890444, 95728500.0, 201376500.0]","[147822000.0, 166488264.70588234, 99368518.69099034, 102871750.0, 202662750.0]","[147434500.0, 165848241.37931034, 112834027.90890978, 106536000.0, 198738000.0]","[151063500.0, 210458706.89655173, 231128552.47119802, 102431000.0, 207587250.0]","[117599000.0, 123486775.0, 65048398.26620925, 84335000.0, 180136000.0]","[174042000.0, 175323333.33333334, 74792014.65100105, 133724250.0, 222793250.0]","[160965000.0, 172322772.72727272, 79445900.30639593, 120886250.0, 210149250.0]","[288492000.0, 265892727.27272728, 97510549.9484225, 204760000.0, 320106500.0]","[166836500.0, 178461740.0, 92072594.79873693, 114460750.0, 232326250.0]","[224773000.0, 241804550.0, 99611713.70161493, 188607000.0, 276264000.0]","[141074000.0, 414542815.7894737, 1148518759.001037, 100578000.0, 209326750.0]","[195430500.0, 209027590.9090909, 88886395.74717581, 156218500.0, 260747000.0]","[153891500.0, 170637071.42857143, 86993347.19757459, 118904250.0, 214055250.0]","[204349000.0, 216567805.55555555, 77056602.4430957, 172333000.0, 266449750.0]","[203979000.0, 202835080.6451613, 73789027.48033407, 151520250.0, 257877000.0]","[229142000.0, 235460937.5, 109422251.95727943, 168367500.0, 301484000.0]","[148428000.0, 157273476.19047618, 79144882.74639055, 104731250.0, 197305500.0]","[202970000.0, 210866500.0, 47273025.11210807, 187449750.0, 242951500.0]","[150052000.0, 149190375.0, 71104523.81108421, 105037500.0, 191584250.0]","[190342500.0, 212418105.2631579, 151437295.22657737, 127345000.0, 255727500.0]","[132970500.0, 176745708.33333334, 168451364.30064395, 95332750.0, 194333500.0]","[239181500.0, 234179642.85714287, 83348396.80745184, 173144000.0, 295790250.0]","[211119500.0, 272774125.0, 129157185.07107677, 197341500.0, 318277750.0]","[200946000.0, 222501700.0, 94912438.37761728, 181888000.0, 254339750.0]","[195073500.0, 206313777.7777778, 66550484.405996926, 160966000.0, 242655000.0]","[174294000.0, 212788184.21052632, 145866920.64125025, 117465250.0, 257249500.0]","[136759500.0, 139210125.0, 55924577.34515635, 106289750.0, 183646750.0]","[162680000.0, 163536000.0, 52746631.95219198, 133678250.0, 197501750.0]","[212860500.0, 220404050.0, 55736370.125327505, 187347000.0, 264033000.0]","[270908500.0, 259136000.0, 127075570.59875828, 151382750.0, 371846250.0]","[262289000.0, 266440950.0, 103906161.28506288, 193153750.0, 329717500.0]","[144368000.0, 157182000.0, 93007224.03394265, 98733000.0, 183528250.0]","[169094500.0, 172744375.0, 77661637.84599108, 120602250.0, 225454000.0]","[134092000.0, 137819625.0, 68245667.83858426, 89900750.0, 194887250.0]","[190745000.0, 236104388.8888889, 187888891.84336188, 132912250.0, 237388500.0]","[229259500.0, 230192705.88235295, 50830013.55529174, 192153500.0, 273325500.0]","[150308500.0, 170791300.0, 85820032.7925246, 117184500.0, 201439500.0]","[123871000.0, 131720450.0, 75657289.44092233, 82156500.0, 179858500.0]","[131731500.0, 142815677.08333334, 78196792.50188734, 91681250.0, 185296500.0]",[1045],[1],"[192177000.0, 217369555.55555555, 115879445.15288877, 150559250.0, 258465500.0]","[250761500.0, 309538500.0, 196130166.07918835, 168205000.0, 352735000.0]","[133353000.0, 143767727.27272728, 73705372.01044674, 96633250.0, 199832250.0]","[226767000.0, 249759875.0, 97458859.09697679, 183250250.0, 316573250.0]","[224234000.0, 228525250.0, 49515217.95809345, 215792250.0, 266603750.0]"
0,"[213124000.0, 258892000.0, 174670462.73231664, 174921750.0, 272725750.0]","[211950500.0, 226948726.41509435, 74249433.09414901, 184636250.0, 260725250.0]","[200505500.0, 201431018.5185185, 105186076.10263835, 127585250.0, 255837000.0]","[231118500.0, 247103320.0, 87807403.89419106, 194160000.0, 275843750.0]","[223517000.0, 236353774.19354838, 86727256.07382129, 190285000.0, 270988250.0]","[141640000.0, 185553270.27027026, 147525594.91700464, 97731000.0, 207151250.0]","[132127500.0, 152009744.89795917, 111848190.38899139, 83685250.0, 182213250.0]","[133210000.0, 170997295.45454547, 156135963.9608405, 84252500.0, 197350500.0]","[141216000.0, 198067942.85714287, 275694662.3568952, 89748750.0, 199692000.0]","[147964000.0, 162264420.0, 94033870.96319921, 94714250.0, 215313250.0]","[133181500.0, 145156094.5945946, 84563817.0746466, 90105250.0, 183953750.0]","[168404500.0, 181414937.5, 104561460.2628932, 109488000.0, 238365250.0]","[146876000.0, 167155029.4117647, 92069803.24971001, 116000250.0, 199135250.0]","[287173000.0, 318321750.0, 81876344.07153773, 269075000.0, 362473000.0]","[135984000.0, 135881725.0, 67089135.45537291, 85478000.0, 189093250.0]","[219716500.0, 234406044.11764705, 80370216.20571849, 189245250.0, 272058000.0]","[148169500.0, 162347222.2222222, 83794909.7806368, 109177000.0, 205821250.0]","[231207000.0, 220231728.57142857, 87275294.01070441, 176523250.0, 279834500.0]","[115587000.0, 119609818.18181819, 57567369.39260925, 83286750.0, 159845000.0]","[205977000.0, 302563500.0, 465092329.8666496, 171348250.0, 260402000.0]","[189339000.0, 187210368.42105263, 66603732.32584407, 149266000.0, 230137500.0]","[219587500.0, 268111615.3846154, 223085115.64622712, 162652750.0, 274394000.0]","[157065000.0, 172335928.57142857, 99804659.6758824, 108935000.0, 208084250.0]","[210465500.0, 215287687.5, 54161868.88995194, 184688500.0, 249576000.0]","[158270500.0, 191137357.14285713, 143143268.90946266, 98722750.0, 224037000.0]","[237131500.0, 258814865.3846154, 139931247.09622565, 166428250.0, 301856250.0]","[139917500.0, 158404409.0909091, 105334134.20705952, 95113000.0, 191097000.0]","[252822500.0, 267063100.0, 91437447.48254585, 210116500.0, 310260500.0]","[224657000.0, 217118625.0, 40922448.157879986, 184398750.0, 234671000.0]","[212497500.0, 226921428.57142857, 90234351.82442145, 173272000.0, 260886500.0]","[195052000.0, 205887076.92307693, 59966658.99732763, 168547500.0, 249510000.0]","[161373000.0, 168995842.10526314, 73304969.45907639, 118574250.0, 222801000.0]","[164791000.0, 239695863.63636363, 223959977.95837933, 111114500.0, 237359500.0]","[174558000.0, 173551900.0, 53075298.32784739, 143594000.0, 201647000.0]","[224587000.0, 259682366.66666666, 123413329.41366406, 190247750.0, 277568000.0]","[329382000.0, 329382000.0, 46299803.30951742, 311207250.0, 347556750.0]","[306766500.0, 344978906.25, 187937544.92007434, 254399000.0, 367047750.0]","[123260000.0, 123687333.33333333, 53147300.8288181, 88892500.0, 157488500.0]","[187215000.0, 238460812.5, 162326955.2112413, 123376000.0, 290151000.0]","[113670500.0, 123324227.27272727, 64851067.879994236, 77685500.0, 167031750.0]","[147337000.0, 205958227.27272728, 213799212.34280282, 107668500.0, 200287250.0]","[228395500.0, 229608027.7777778, 52358096.02232077, 193801000.0, 267278000.0]","[155215000.0, 140498750.0, 56643605.774946034, 108840250.0, 178109750.0]","[157394000.0, 158256576.92307693, 56828416.168709844, 125177000.0, 205942000.0]","[125610500.0, 133523428.57142857, 69016740.03404854, 90777750.0, 173907750.0]",[1045],[2],"[198869000.0, 215919342.10526314, 87350211.79259907, 164562750.0, 255079750.0]","[224222000.0, 262617642.85714287, 148795259.4941918, 165091750.0, 299638250.0]","[133343000.0, 141085633.33333334, 69842224.46222788, 96869250.0, 183956750.0]","[206255500.0, 206856125.0, 48278884.69206155, 178627000.0, 235009750.0]","[231641500.0, 230659666.66666666, 44694712.94484642, 204265500.0, 261402250.0]"
0,"[233405500.0, 256223464.2857143, 114509682.96486114, 189185000.0, 301412750.0]","[212439500.0, 214176910.7142857, 48670474.2305981, 188715750.0, 252566750.0]","[214598000.0, 216566562.5, 68568293.15905489, 178827500.0, 262376500.0]","[227039000.0, 260508576.92307693, 126228335.89469555, 195991000.0, 277269250.0]","[217227000.0, 256988428.57142857, 132534334.86363034, 181004750.0, 273553750.0]","[142963000.0, 147145846.15384614, 75778014.50476268, 95049250.0, 181605000.0]","[141857500.0, 171358875.0, 109520428.79876623, 94069250.0, 217607000.0]","[176204500.0, 449449166.6666667, 445915099.3333509, 128347000.0, 1046275750.0]","[128057500.0, 130854468.75, 65025412.43236388, 86680250.0, 182435000.0]","[151961000.0, 201903843.75, 162983638.88518637, 99313750.0, 225801500.0]","[111859000.0, 121395454.54545455, 57473252.648694426, 84545000.0, 167826750.0]","[138497000.0, 146966700.0, 69369335.4243069, 92395500.0, 184805000.0]","[138394500.0, 178155350.0, 128709734.0608996, 74673500.0, 271183500.0]","[288265000.0, 289258000.0, 62500544.14723123, 249748500.0, 328375500.0]","[154265000.0, 187259550.0, 135815524.75250205, 101924750.0, 230466000.0]","[225730000.0, 229152454.54545453, 63076116.783416584, 189601250.0, 267332000.0]","[155256500.0, 184683076.92307693, 128503082.10219441, 109069750.0, 217424000.0]","[224537500.0, 241130562.5, 153780294.16182068, 155899500.0, 274620750.0]","[139893000.0, 168195125.0, 106966093.05223489, 76852750.0, 229071750.0]","[200465000.0, 207021880.95238096, 60701649.18552848, 168180500.0, 252042750.0]","[206458500.0, 208870791.66666666, 47469598.048364215, 173143000.0, 246478750.0]","[267376000.0, 343179888.8888889, 191140743.14679715, 223821000.0, 345871750.0]","[180723000.0, 194064307.69230768, 121475329.05800863, 117512750.0, 238341000.0]","[19407523068.728104, 19407523068.728104, 19407523068.728104, 19407523068.728104, 19407523068.728104]","[144938500.0, 167426000.0, 98016785.11070183, 92900750.0, 231334750.0]","[226333000.0, 218146038.46153846, 69340645.98553166, 177307750.0, 267760000.0]","[108107500.0, 179983083.33333334, 178630995.21544328, 86169750.0, 178025250.0]","[244847500.0, 234001863.63636363, 88016156.3533007, 186797750.0, 298272750.0]","[838384250488847.5, 838384250488847.5, 838384250488847.5, 838384250488847.5, 838384250488847.5]","[212899000.0, 485785750.0, 740849183.1871889, 183071750.0, 266895000.0]","[186501000.0, 195381583.33333334, 54277501.3556236, 172585750.0, 234604250.0]","[156782500.0, 157593650.0, 75946523.84953177, 96167250.0, 217682500.0]","[108589500.0, 112703000.0, 53204595.78363508, 82106500.0, 158026000.0]","[216468500.0, 217514750.0, 63967328.96907217, 174390000.0, 250234250.0]","[212366000.0, 226547312.5, 70289796.41919832, 192869500.0, 285247250.0]","[806949869991989.8, 806949869991989.8, 806949869991989.8, 806949869991989.8, 806949869991989.8]","[306508500.0, 313387750.0, 52770826.24246564, 287851000.0, 349459000.0]","[118145500.0, 113694500.0, 54550055.213079296, 72070250.0, 151119000.0]","[313090000.0, 317429750.0, 201368469.71767327, 131678250.0, 506502000.0]","[144333000.0, 154179900.0, 96598829.80186662, 78252750.0, 225860500.0]","[118880000.0, 125494400.0, 54427717.43183798, 102392500.0, 164303250.0]","[217491000.0, 227345388.8888889, 54771302.5823833, 193990250.0, 267201750.0]","[100175003027391.8, 100175003027391.8, 100175003027391.8, 100175003027391.8, 100175003027391.8]","[140733000.0, 186829111.1111111, 169645316.23094922, 101620250.0, 205968750.0]","[122644500.0, 127093842.10526316, 63475393.03915392, 86824000.0, 161689750.0]",[1045],[3],"[201508500.0, 207313892.85714287, 72382133.11621043, 161038500.0, 258240750.0]","[216606000.0, 229756333.33333334, 73634435.78509235, 189015250.0, 278513500.0]","[112767500.0, 121866650.0, 62466618.563657664, 87187250.0, 166941750.0]","[179288000.0, 187451833.33333334, 53298901.909941405, 162940500.0, 218296750.0]","[216615500.0, 227124625.0, 50523024.55548732, 203170500.0, 261135250.0]"
0,"[243720500.0, 261640714.2857143, 101088811.96868324, 198088000.0, 340755750.0]","[279249000.0, 287022369.5652174, 79944979.17721932, 241431500.0, 350949500.0]","[473831500.0, 471431611.1111111, 172695433.36500403, 373666250.0, 564481750.0]","[305582000.0, 316642000.0, 86325441.41411676, 255389500.0, 372591000.0]","[308276500.0, 427224108.6956522, 531928217.6407104, 232443250.0, 389789750.0]","[206331500.0, 208457464.2857143, 92212919.19364125, 139090000.0, 284673000.0]","[246339000.0, 263861650.0, 160184388.73694122, 146268000.0, 397801500.0]","[247735500.0, 506099916.6666667, 631418122.5236119, 169388000.0, 371933250.0]","[171749000.0, 171881875.0, 104410848.8457627, 105923000.0, 251184250.0]","[236793500.0, 303126468.75, 212533282.8488994, 162344000.0, 398704750.0]","[276478000.0, 270246136.3636364, 99371467.85846047, 190994500.0, 336549500.0]","[424655000.0, 531215125.0, 299138353.1952387, 355619500.0, 635961250.0]","[286934500.0, 316751545.45454544, 176507502.7371943, 178647250.0, 495877250.0]","[254057000.0, 243131666.66666666, 89250279.744504, 179542500.0, 312136500.0]","[251543500.0, 1142440000.0, 2244610775.394987, 155997500.0, 348982750.0]","[268680000.0, 281731050.0, 88864380.77935107, 218463750.0, 344564000.0]","[234625500.0, 265259600.0, 225526448.39214167, 137191750.0, 306845750.0]","[204325500.0, 213284900.0, 128720815.77580991, 116133250.0, 287012750.0]","[243747000.0, 346913500.0, 295835843.34843296, 175590500.0, 387717750.0]","[297355500.0, 288036000.0, 103337504.96391262, 210318250.0, 351678000.0]","[348260000.0, 359372083.3333333, 122958016.58100508, 278613250.0, 423471750.0]","[353362000.0, 370840821.4285714, 98948824.81365721, 306414750.0, 432606250.0]","[361666500.0, 341409222.2222222, 130272640.23281479, 247917750.0, 431378000.0]","[271969000.0, 296532272.72727275, 104988832.66206841, 233286000.0, 359284000.0]","[168598000.0, 177090750.0, 99880320.67022763, 127533750.0, 232934500.0]","[359332500.0, 380187904.7619048, 133112068.48577765, 307914000.0, 421819500.0]","[314864500.0, 545919428.5714285, 626078538.991625, 226461000.0, 488645500.0]","[241145500.0, 237322350.0, 104371329.38181585, 154508250.0, 308279500.0]","[302021000.0, 294008333.3333333, 76669041.30235504, 248223000.0, 334255500.0]","[258384000.0, 833416100.0, 1759068128.27353, 207729250.0, 367012750.0]","[211791500.0, 213978166.66666666, 53818791.679166816, 189499250.0, 238440250.0]","[244143000.0, 273705045.45454544, 137963953.79771462, 174227250.0, 355165500.0]","[265775500.0, 273013625.0, 86657376.45021556, 214967250.0, 336268500.0]","[199802500.0, 193942500.0, 69590590.06395908, 141661750.0, 239359000.0]","[286202000.0, 302479571.4285714, 128148914.25726685, 207558500.0, 370194750.0]","[216799000.0, 224750400.0, 115094760.28056186, 149647750.0, 303184000.0]","[361993500.0, 368212000.0, 62294191.75974595, 339015500.0, 410506500.0]","[254095500.0, 259760388.8888889, 130444338.58382276, 152677500.0, 349627750.0]","[288581500.0, 299792571.4285714, 134425263.84958526, 203995500.0, 386948250.0]","[195530000.0, 205389166.66666666, 101463727.17941564, 141568750.0, 255727500.0]","[258023000.0, 310309583.3333333, 221073328.24350327, 173030000.0, 366784250.0]","[274913000.0, 278702704.54545456, 64569398.577344514, 244138250.0, 324023000.0]","[100175003027391.8, 100175003027391.8, 100175003027391.8, 100175003027391.8, 100175003027391.8]","[187187000.0, 210459500.0, 107632999.61559187, 138856750.0, 276498750.0]","[224021500.0, 273064038.46153843, 205406436.10150483, 164787750.0, 325933250.0]",[1046],[1],"[236500500.0, 244820617.6470588, 79122715.25426024, 200017500.0, 302120250.0]","[229992000.0, 251240125.0, 91381221.77578047, 200319750.0, 310438500.0]","[252331500.0, 252331500.0, 58205711.03637511, 230960500.0, 273702500.0]","[1359005537888146.8, 1359005537888146.8, 1359005537888146.8, 1359005537888146.8, 1359005537888146.8]","[353769000.0, 351204500.0, 80573893.48138763, 295285000.0, 403953500.0]"
0,"[274911500.0, 277956555.5555556, 94767694.72488575, 187900250.0, 337718000.0]","[319330500.0, 445366000.0, 501710524.3845797, 265209000.0, 388579500.0]","[486831500.0, 486430222.2222222, 93784733.85723734, 419638500.0, 538937000.0]","[325821500.0, 319565166.6666667, 62794365.47816656, 275583750.0, 359041750.0]","[331214500.0, 334775944.4444444, 104694267.52903597, 257560500.0, 399217750.0]","[217525500.0, 218393250.0, 102406461.61955553, 148003000.0, 291828250.0]","[353875500.0, 748178571.4285715, 1025323370.5193564, 230358000.0, 551190500.0]","[206464000.0, 207112500.0, 105844733.78846017, 142068000.0, 276736750.0]","[147991500.0, 154265500.0, 95859837.79847533, 94315250.0, 232839250.0]","[165087500.0, 165559041.66666666, 108556713.91891551, 78484750.0, 241327000.0]","[220800000.0, 229242571.42857143, 117062613.96712583, 139291250.0, 304669500.0]","[381219500.0, 376486000.0, 68609854.4161114, 341834750.0, 409241750.0]","[248387500.0, 270046277.7777778, 135840577.27158844, 171602000.0, 331250000.0]","[281854500.0, 267361875.0, 101121764.67499158, 194752250.0, 320301750.0]","[321662500.0, 407397722.2222222, 304854641.75831324, 188919000.0, 501227500.0]","[262935000.0, 261768750.0, 64193347.02385443, 217108750.0, 300657000.0]","[268164000.0, 266268083.33333334, 139661502.68891707, 155712000.0, 368616500.0]","[187994000.0, 195633700.0, 101179883.4986975, 142954000.0, 268087000.0]","[253570500.0, 244509875.0, 89364823.43382867, 163068000.0, 303686250.0]","[297534500.0, 317085050.0, 125058971.4360689, 226520750.0, 395636250.0]","[339005000.0, 373070000.0, 118496282.21172173, 293586000.0, 423846000.0]","[351848500.0, 423954875.0, 222523184.3876634, 298301000.0, 433614000.0]","[500032000.0, 456788428.5714286, 146150496.92047593, 428646500.0, 562193250.0]","[270713500.0, 265615125.0, 67377010.48658492, 220116250.0, 313980000.0]","[297653500.0, 318597750.0, 151592907.4575638, 206033250.0, 418482000.0]","[411823500.0, 494521500.0, 243887533.90687802, 363974750.0, 495569000.0]","[292033500.0, 286614916.6666667, 92363762.62497677, 220356750.0, 349759000.0]","[194075000.0, 196150666.66666666, 98493192.22356889, 136111500.0, 258625500.0]","[372414000.0, 374510333.3333333, 102454969.82116365, 307498250.0, 436001750.0]","[272477000.0, 271826437.5, 93852030.7202172, 188241000.0, 332923000.0]","[230247000.0, 234648666.66666666, 49940930.08801053, 208131000.0, 271244500.0]","[247364000.0, 355145727.27272725, 289870141.02002823, 136530250.0, 556340000.0]","[356785500.0, 350256000.0, 183788181.47258544, 198840250.0, 509493250.0]","[197453500.0, 187563000.0, 84289061.37512743, 134647750.0, 230587750.0]","[239101500.0, 244910000.0, 82414422.72139022, 199162000.0, 297851500.0]","[220203000.0, 234417500.0, 123089259.18464616, 160844500.0, 327206750.0]","[700628100163110.8, 700628100163110.8, 700628100163110.8, 700628100163110.8, 700628100163110.8]","[235956000.0, 233405000.0, 85730989.95841585, 187082750.0, 277176250.0]","[275417000.0, 276939550.0, 133176884.15636364, 180326500.0, 367360000.0]","[234478000.0, 244724500.0, 97997182.95228355, 190515500.0, 316684500.0]","[314521500.0, 318306500.0, 145023522.09986487, 216124250.0, 404177250.0]","[275240000.0, 272011590.90909094, 61617058.38421333, 230353250.0, 324991750.0]","[510946000.0, 510946000.0, 76816233.33970496, 472311750.0, 549580250.0]","[207135000.0, 207135000.0, 70978173.3527991, 167188750.0, 247081250.0]","[202698000.0, 225261714.2857143, 108664025.1019027, 171149750.0, 310202250.0]",[1046],[2],"[291816500.0, 298165312.5, 112027986.30572115, 201922500.0, 380257250.0]","[307706000.0, 310568333.3333333, 94099260.00978376, 229974250.0, 376026750.0]","[240483000.0, 231613200.0, 101182997.76375476, 157373750.0, 303904000.0]","[264068500.0, 257948250.0, 59872157.91114848, 213393500.0, 286351250.0]","[394843500.0, 392075250.0, 80691086.4900052, 340253250.0, 447092500.0]"
0,"[279176000.0, 272825090.90909094, 97192275.60492894, 182125500.0, 328903000.0]","[274541000.0, 287668875.0, 80903737.47518173, 234848000.0, 335291500.0]","[445407500.0, 423105700.0, 108670484.63501944, 392183750.0, 491164250.0]","[321615500.0, 326121333.3333333, 73801735.30329607, 268844250.0, 375194750.0]","[285884000.0, 299077187.5, 89622800.87066206, 246481250.0, 361689250.0]","[314280000.0, 314280000.0, 69877604.39869128, 274463250.0, 354096750.0]","[249941000.0, 286418600.0, 177985752.6863878, 155926500.0, 410678250.0]","[392203500.0, 480015000.0, 323172567.6550378, 247755500.0, 664985250.0]","[203778000.0, 199939642.85714287, 93605069.61134037, 110854500.0, 250538250.0]","[210617500.0, 280288222.2222222, 273774227.2071917, 131291000.0, 287595000.0]","[232562500.0, 222180785.7142857, 84823560.69275174, 158938500.0, 271581000.0]","[26425520640.63461, 26425520640.63461, 26425520640.63461, 26425520640.63461, 26425520640.63461]","[280863500.0, 438628125.0, 357024698.08104223, 203003750.0, 515947000.0]","[283593500.0, 1379921375.0, 2002135370.9231887, 188669000.0, 1462160750.0]","[332672500.0, 435653000.0, 301332812.6063439, 223478250.0, 493481000.0]","[44803575672.94845, 44803575672.94845, 44803575672.94845, 44803575672.94845, 44803575672.94845]","[216297000.0, 217006500.0, 114343578.66535401, 134893250.0, 280976000.0]","[239190500.0, 242600500.0, 109500135.65402555, 179967500.0, 305916750.0]","[13540008719.703478, 13540008719.703478, 13540008719.703478, 13540008719.703478, 13540008719.703478]","[255270500.0, 247032666.66666666, 79257484.06757699, 194306500.0, 284142750.0]","[377779000.0, 407877250.0, 116595078.45933078, 312309500.0, 483639500.0]","[395195500.0, 680326400.0, 543700688.0998864, 308809000.0, 1104849750.0]","[436889500.0, 378941875.0, 171326733.06867313, 272112500.0, 507077000.0]","[265831000.0, 265831000.0, 57109289.27066069, 230264500.0, 301397500.0]","[173995500.0, 178128100.0, 84208211.92550047, 137703500.0, 260719500.0]","[340135000.0, 336488000.0, 78764407.5994989, 283905500.0, 392303250.0]","[223461500.0, 223461500.0, 75261861.61828579, 174966750.0, 271956250.0]","[138422000.0, 138422000.0, 73870429.26638506, 96346000.0, 180498000.0]","[324768000.0, 324768000.0, 79269750.98358768, 264779500.0, 384756500.0]","[270013500.0, 270567800.0, 87270057.58941609, 225795750.0, 321451750.0]","[217692500.0, 217326600.0, 62736282.1351409, 179660000.0, 266921250.0]","[262330500.0, 277846181.8181818, 129276618.05711475, 188004250.0, 335833500.0]","[217355000.0, 226041166.66666666, 98711698.67669632, 157395250.0, 281148250.0]","[181890500.0, 183446500.0, 61531552.24232524, 143927250.0, 213175750.0]","[271845500.0, 278308500.0, 95749596.56877586, 231485000.0, 340976750.0]","[174833000.0, 166391833.33333334, 95149475.89348853, 108569750.0, 216453250.0]","[700628100163110.8, 700628100163110.8, 700628100163110.8, 700628100163110.8, 700628100163110.8]","[267877000.0, 321943500.0, 190571839.48710784, 175553250.0, 410997000.0]","[241631000.0, 248201166.66666666, 103317763.81212908, 183656500.0, 307472000.0]","[297721000.0, 326691000.0, 174595600.7578656, 211782500.0, 415451500.0]","[235467000.0, 235467000.0, 119019490.65804306, 175009250.0, 295924750.0]","[273680000.0, 272572700.0, 52716675.065959916, 238047500.0, 304609750.0]","[152252500.0, 152252500.0, 62688798.84197814, 115812000.0, 188693000.0]","[218929500.0, 212306750.0, 98213410.94959572, 142713000.0, 267261500.0]","[225475500.0, 220326615.3846154, 109436639.39347138, 136194250.0, 277665000.0]",[1046],[3],"[252679000.0, 271840500.0, 100532745.78478286, 192636000.0, 332217250.0]","[241338500.0, 241338500.0, 52439196.46838613, 218509250.0, 264167750.0]","[252258000.0, 264461000.0, 114116871.22036338, 194309250.0, 333339750.0]","[1359005537888146.8, 1359005537888146.8, 1359005537888146.8, 1359005537888146.8, 1359005537888146.8]","[1864369258744477.0, 1864369258744477.0, 1864369258744477.0, 1864369258744477.0, 1864369258744477.0]"
0,"[489672500.0, 1614647333.3333333, 1695702205.1306324, 406767000.0, 3899785000.0]","[151826000.0, 168766953.4883721, 96764889.70574646, 111187500.0, 224651250.0]","[200384500.0, 318302631.57894737, 330747054.03071374, 117218500.0, 365054000.0]","[186225500.0, 202934523.80952382, 104213083.0868357, 138757000.0, 254943500.0]","[298749500.0, 334022842.1052632, 179052881.6911253, 214544500.0, 386376750.0]","[247339500.0, 284798083.3333333, 184674025.78122094, 171532500.0, 337565250.0]","[289173000.0, 291385607.14285713, 146660148.13271514, 185611000.0, 372948000.0]","[192801500.0, 323575285.71428573, 474169652.45238036, 127519750.0, 281473250.0]","[149325000.0, 153462062.5, 83452840.6269963, 103235000.0, 211493250.0]","[152874000.0, 174259205.88235295, 133651178.5853448, 85684750.0, 235526000.0]","[145388500.0, 149624468.75, 81194487.66002545, 99605000.0, 205690500.0]","[186627500.0, 196933500.0, 91799539.69091721, 134349250.0, 253203500.0]","[147076000.0, 170237545.45454547, 110050635.51393357, 98073250.0, 212404750.0]","[183078000.0, 165193750.0, 92649830.56345813, 86505500.0, 223717000.0]","[435673000.0, 504564958.3333333, 285462948.0417116, 315419500.0, 559361250.0]","[228355500.0, 344580785.71428573, 318428135.4125468, 188528500.0, 301658500.0]","[112783500.0, 176020300.0, 204320616.01209015, 83480500.0, 171491500.0]","[300779000.0, 489510147.0588235, 615677809.2051753, 201491250.0, 400664250.0]","[198806000.0, 190105500.0, 91752600.48299915, 135470500.0, 249438500.0]","[321504000.0, 328186500.0, 104201455.49847181, 264085500.0, 386379500.0]","[160353500.0, 264371325.0, 285224504.6004452, 117449500.0, 259493000.0]","[230367000.0, 328306714.28571427, 298141562.5911812, 153525000.0, 416146500.0]","[175192000.0, 258065750.0, 278176041.8809688, 129460750.0, 249957250.0]","[182138500.0, 188729850.0, 68225264.79265213, 147485750.0, 234739000.0]","[153606500.0, 154197375.0, 92518044.92224409, 86179750.0, 202849500.0]","[279167500.0, 287083100.0, 138254226.6442151, 186283750.0, 379375250.0]","[181526000.0, 182409400.0, 85942436.75879803, 124711250.0, 254342000.0]","[136829000.0, 136829000.0, 78779363.98892796, 101043750.0, 172614250.0]","[125723000.0, 125723000.0, 60227638.68026041, 102927000.0, 148519000.0]","[265452000.0, 250787166.66666666, 95639787.69218151, 165877500.0, 301989000.0]","[220221000.0, 324403550.0, 229277719.12812963, 173866250.0, 466828500.0]","[150182500.0, 252540368.42105263, 295141524.95410174, 100958000.0, 244617250.0]","[199689000.0, 205961277.7777778, 98468828.98258014, 155691000.0, 284156000.0]","[198132000.0, 197325800.0, 73084473.32888156, 144140000.0, 232607750.0]","[498121000.0, 597677000.0, 276044612.9479798, 364290500.0, 877422750.0]","[231989500.0, 292809083.3333333, 185991874.22190353, 149147250.0, 401364250.0]","[537958000.0, 841855785.7142857, 505290065.4411538, 433955250.0, 1143555750.0]","[339466000.0, 339238000.0, 154402348.7790908, 200211750.0, 473686750.0]","[259863500.0, 308452500.0, 204301359.49238688, 167032250.0, 371361750.0]","[133773500.0, 139638500.0, 75418665.35878237, 96623000.0, 189585750.0]","[304824500.0, 349531687.5, 205844302.91066435, 202112500.0, 513050000.0]","[279475000.0, 341735285.71428573, 222199623.4835689, 221235000.0, 350049250.0]","[266925000.0, 282780000.0, 153335501.26927555, 153527750.0, 410137750.0]","[108779500.0, 116373125.0, 63485805.71265025, 85594000.0, 156231500.0]","[126497000.0, 170989176.47058824, 201517364.6015503, 82376250.0, 196336500.0]",[1047],[1],"[507349000.0, 524429125.0, 214650366.48287925, 336168750.0, 704415500.0]","[379348500.0, 379348500.0, 110326942.40868819, 326068500.0, 432628500.0]","[146163500.0, 172930250.0, 104292780.54502383, 110102500.0, 219187000.0]","[252134500.0, 234438250.0, 102673532.52999285, 162194750.0, 306861500.0]","[231040500.0, 319697500.0, 235559138.88119474, 132310000.0, 584101000.0]"
0,"[777536000.0, 785736250.0, 202150118.71796536, 609036000.0, 950113250.0]","[136362000.0, 141152441.66666666, 71165161.45790671, 98882750.0, 193556750.0]","[167679000.0, 185732020.0, 133539018.98358996, 101998000.0, 213981750.0]","[182433500.0, 239117041.66666666, 163532115.1426199, 142063250.0, 321202000.0]","[269545500.0, 265271451.61290324, 110139956.58042535, 184026500.0, 324171000.0]","[184815000.0, 192534909.0909091, 87408458.3300043, 124834000.0, 245759250.0]","[232969500.0, 236503583.33333334, 131484203.75464518, 138296750.0, 305323250.0]","[214198000.0, 290894047.61904764, 208972080.45459458, 136823000.0, 418642000.0]","[175054500.0, 191168973.68421054, 122553058.78357275, 107787750.0, 254811500.0]","[193129500.0, 222285861.1111111, 153308548.6181295, 117300000.0, 304124250.0]","[120742500.0, 169859968.75, 133939372.59586528, 96214250.0, 209026750.0]","[262211000.0, 293717071.4285714, 161728225.96100813, 170586750.0, 441099250.0]","[148835500.0, 162152766.66666666, 110543183.8092195, 92554000.0, 216839250.0]","[478137500.0, 478137500.0, 62674995.52652557, 455497250.0, 500777750.0]","[402060000.0, 389560187.5, 118834940.92659509, 305584000.0, 485294000.0]","[168658500.0, 179898357.14285713, 65025966.232297376, 143672750.0, 216131250.0]","[107331000.0, 110332714.28571428, 61163593.3109238, 73309500.0, 157172000.0]","[322400000.0, 378718888.8888889, 239583980.37225994, 203214250.0, 518218250.0]","[134820000.0, 141866600.0, 72039746.58228609, 95806250.0, 194358750.0]","[197127500.0, 196433800.0, 80005787.62227143, 154236750.0, 246333500.0]","[127304000.0, 134889241.93548387, 74826495.9987944, 92995500.0, 187417000.0]","[187876500.0, 183627000.0, 93941665.8244021, 120378250.0, 231688250.0]","[153311000.0, 152965406.25, 67872488.60886095, 103700000.0, 202572000.0]","[180453000.0, 183823833.33333334, 58231316.91009, 152342000.0, 242817500.0]","[123107000.0, 124719083.33333333, 62128594.718211055, 71679500.0, 164575500.0]","[288992000.0, 304972725.0, 149096867.7749448, 192179750.0, 426412750.0]","[117854000.0, 119839300.0, 70666118.51665549, 74889000.0, 166846750.0]","[82507000.0, 82507000.0, 58056903.34490809, 39948500.0, 125065500.0]","[133722000.0, 148078000.0, 77198369.00738253, 107807500.0, 196543000.0]","[166844000.0, 170849375.0, 75084453.07691449, 129925250.0, 222630500.0]","[203167000.0, 247451769.23076922, 149020647.15561232, 163012750.0, 274784500.0]","[191715500.0, 280598233.3333333, 227670721.06936708, 116954750.0, 380848250.0]","[172467500.0, 169558333.33333334, 84169691.22123341, 85293500.0, 212110500.0]","[181819500.0, 207897916.66666666, 112246326.42575164, 137337000.0, 252168000.0]","[326798000.0, 389588166.6666667, 226520763.4628789, 265937250.0, 472493000.0]","[157927000.0, 149551300.0, 62196752.41449508, 108236750.0, 183398000.0]","[417844000.0, 1415332714.2857144, 1249170042.6555183, 337373000.0, 2742110000.0]","[110441000.0, 108513000.0, 53776298.54313143, 77375750.0, 135437000.0]","[227152000.0, 341537500.0, 253781912.99765632, 129340000.0, 532645250.0]","[124265000.0, 122152166.66666667, 60392197.46351528, 87812500.0, 152106000.0]","[261919000.0, 370102444.4444444, 365584230.88055193, 115066000.0, 382017250.0]","[298653000.0, 360805642.85714287, 181203964.40400964, 211710000.0, 485322000.0]","[386800500.0, 376498750.0, 234859263.67867097, 157348500.0, 583986250.0]","[125364000.0, 131121428.57142857, 71686612.79258122, 86939000.0, 200588750.0]","[109764500.0, 125770397.43589744, 105446453.34534146, 67894500.0, 163040000.0]",[1047],[2],"[205434500.0, 204670750.0, 64684135.15064958, 156669500.0, 250813000.0]","[316902000.0, 316902000.0, 92470261.61150405, 278683250.0, 355120750.0]","[129623500.0, 138055550.0, 76348412.31222492, 78769000.0, 187271000.0]","[153666000.0, 153665333.33333334, 56443708.54862588, 130376000.0, 176953000.0]","[124211000.0, 128377000.0, 75496267.60476309, 86224500.0, 192410750.0]"
0,"[349185500.0, 341616750.0, 95233959.4062302, 295850750.0, 403839500.0]","[131895500.0, 134816556.8181818, 63940975.57297702, 98244000.0, 180191250.0]","[182195500.0, 262270666.66666666, 271266540.73962253, 117985250.0, 300236500.0]","[158561000.0, 161647552.63157895, 67839632.34395525, 120953000.0, 215656500.0]","[284140500.0, 382014913.04347825, 332060949.4706033, 203665250.0, 403301000.0]","[191639000.0, 221513071.42857143, 129015840.44685824, 147634250.0, 288129500.0]","[284304500.0, 340227291.6666667, 209500888.37559837, 217775250.0, 383752750.0]","[205146500.0, 350469833.3333333, 332637451.4439691, 117506000.0, 480046250.0]","[157992000.0, 170059392.85714287, 86791966.6268302, 108368250.0, 230779250.0]","[176779500.0, 213472607.14285713, 159830158.29407775, 111626500.0, 266494250.0]","[130564500.0, 135196136.36363637, 71522506.2202581, 93823500.0, 189360250.0]","[152624500.0, 160698500.0, 79089573.62646905, 107869500.0, 208811750.0]","[172952500.0, 194286045.45454547, 125771163.7003625, 106716000.0, 264709750.0]","[211599000.0, 211599000.0, 78358673.77961421, 166078750.0, 257119250.0]","[340276500.0, 344636750.0, 117907909.17076272, 269745250.0, 440948000.0]","[157886000.0, 162348500.0, 46525111.03425762, 136321000.0, 196663500.0]","[99914000.0, 166594222.2222222, 192153711.85331336, 79266750.0, 166993500.0]","[235411500.0, 415121416.6666667, 622136094.6095594, 150954500.0, 323035750.0]","[139922500.0, 172792428.57142857, 118628197.16463119, 98137750.0, 217439500.0]","[223218500.0, 229573750.0, 90422016.6479796, 181652500.0, 285775500.0]","[120805000.0, 177936906.25, 225715010.7287339, 83616000.0, 189712500.0]","[158055500.0, 160606500.0, 88281759.31463702, 98506000.0, 224030250.0]","[138780500.0, 143763464.2857143, 76907334.52412629, 89544250.0, 190404500.0]","[163834500.0, 165333214.2857143, 54433821.73097712, 127266500.0, 202373500.0]","[192186500.0, 503786000.0, 617481736.6416597, 119508000.0, 596192500.0]","[171167500.0, 202430678.57142857, 130279885.69944698, 123666500.0, 238859250.0]","[134209500.0, 128163300.0, 74760035.2067199, 69122250.0, 178189000.0]","[919892338824077.5, 919892338824077.5, 919892338824077.5, 919892338824077.5, 919892338824077.5]","[164737000.0, 168647250.0, 88370460.60442087, 114806250.0, 222457000.0]","[110080000.0, 110080000.0, 76400193.97881134, 76637000.0, 143523000.0]","[179101500.0, 183227550.0, 53029680.83156356, 151253250.0, 225649500.0]","[169945500.0, 247088538.46153846, 267817765.5311078, 108757750.0, 250147000.0]","[163607000.0, 160843000.0, 81663747.39289154, 105427750.0, 215851500.0]","[211708000.0, 243300928.57142857, 142151291.8779366, 151986250.0, 304425500.0]","[318043000.0, 318049500.0, 119810164.0878185, 230636750.0, 401980500.0]","[105359000.0, 120577900.0, 66839760.3413567, 91608250.0, 181099250.0]","[621899500.0, 644829000.0, 338811376.81865114, 349374750.0, 907835250.0]","[126624500.0, 127646750.0, 63421952.35435046, 85803750.0, 173509250.0]","[192529000.0, 243178916.66666666, 186170895.41353235, 115989750.0, 321002500.0]","[102471000.0, 102177500.0, 57719083.48847892, 76219500.0, 127548500.0]","[190796500.0, 281174625.0, 259492926.47389135, 131114000.0, 274818250.0]","[251009500.0, 257756454.54545453, 64439097.394874446, 217141750.0, 295860250.0]","[157361000.0, 205339750.0, 155004002.64126247, 101691000.0, 258933250.0]","[132453000.0, 147190500.0, 69353739.7090092, 110835500.0, 208383750.0]","[100700000.0, 121246142.85714285, 110183324.85275693, 70576000.0, 157389500.0]",[1047],[3],"[193680500.0, 200611000.0, 95282746.83365645, 134005250.0, 246987750.0]","[251697000.0, 254685000.0, 87083338.54704928, 215693750.0, 296104500.0]","[194559500.0, 214805375.0, 131806196.08722639, 116754500.0, 323662500.0]","[160458000.0, 160531500.0, 48055468.09157102, 138003500.0, 182113500.0]","[182878500.0, 164511500.0, 77466286.3621976, 117400000.0, 215787750.0]"
0,"[214683500.0, 257599400.0, 190958677.3166252, 165509250.0, 273286750.0]","[220479500.0, 222630590.9090909, 74581244.24268605, 178529250.0, 271734000.0]","[193699500.0, 196502300.0, 85182880.67100103, 135192250.0, 261125250.0]","[259313000.0, 318478604.1666667, 268587859.3405424, 209096000.0, 329105750.0]","[269663500.0, 289091500.0, 103949096.859232, 212324750.0, 343923750.0]","[254510000.0, 236558538.46153846, 114137477.26240247, 165961750.0, 321321750.0]","[344324000.0, 352203428.5714286, 115714482.11358996, 270660000.0, 414168500.0]","[206998500.0, 204514333.33333334, 90582877.54163158, 148838500.0, 271366250.0]","[198726000.0, 272601714.28571427, 325084717.2660599, 110318250.0, 290043750.0]","[143263000.0, 155946125.0, 83471871.04563653, 103582000.0, 220457750.0]","[252750500.0, 268071388.8888889, 112602772.32088366, 188699750.0, 330202750.0]","[259845500.0, 254297416.66666666, 68981014.7286415, 210287250.0, 301889250.0]","[212543500.0, 204705750.0, 71836575.60176083, 149808000.0, 251765750.0]","[304535500.0, 312236666.6666667, 67175137.66557452, 265894500.0, 369643500.0]","[318765500.0, 500831277.7777778, 536739799.9547625, 264611750.0, 396020750.0]","[201219500.0, 197789875.0, 46533126.9633191, 167180750.0, 226542750.0]","[165964000.0, 238921000.0, 197688324.99543315, 85079250.0, 412248000.0]","[264665500.0, 269683583.3333333, 68481737.16030468, 236821750.0, 321597750.0]","[163022000.0, 385369000.0, 499232302.5052566, 112832500.0, 239241250.0]","[228185500.0, 234139666.66666666, 71670896.93561506, 186655500.0, 273558750.0]","[254114000.0, 256046038.46153846, 73562118.92260267, 207979250.0, 310264000.0]","[239438500.0, 241367227.27272728, 97415976.44214022, 177460000.0, 307394250.0]","[203062500.0, 204325750.0, 85477829.3766138, 152587250.0, 245185750.0]","[206457000.0, 214318400.0, 76067332.55899014, 144491750.0, 264203750.0]","[152588500.0, 163131375.0, 67483750.7486756, 128583500.0, 216137500.0]","[241661000.0, 244709500.0, 74088843.51252033, 200367000.0, 303215500.0]","[158086500.0, 195175950.0, 134629979.44866326, 92742750.0, 249565250.0]","[339418500.0, 340325250.0, 75387895.01596062, 285331500.0, 398098750.0]","[838384250488847.5, 838384250488847.5, 838384250488847.5, 838384250488847.5, 838384250488847.5]","[250516316874702.84, 250516316874702.84, 250516316874702.84, 250516316874702.84, 250516316874702.84]","[184694500.0, 179108785.7142857, 66428695.59554448, 141591500.0, 228686250.0]","[249790000.0, 233915055.55555555, 105076288.16799526, 177119250.0, 311551750.0]","[429658000.0, 429658000.0, 61806988.876663454, 407639500.0, 451676500.0]","[137644000.0, 133739000.0, 43765147.54630675, 101232250.0, 154885500.0]","[248663500.0, 333480000.0, 183747722.61003673, 203679750.0, 382436500.0]","[157415000.0, 160773250.0, 64430063.4249067, 124036500.0, 200868250.0]","[259010000.0, 261882750.0, 48561011.41540917, 234800250.0, 293751500.0]","[202118000.0, 185387375.0, 83210150.37382384, 133166500.0, 235355250.0]","[142268000.0, 156467937.5, 96715474.19749384, 99915500.0, 213695750.0]","[176559000.0, 172855166.66666666, 87735970.79907167, 102822750.0, 252243750.0]","[318772000.0, 345704785.71428573, 184353739.4621231, 250194500.0, 413515500.0]","[240883000.0, 242075781.25, 55963521.77743462, 195668750.0, 280406750.0]","[172216000.0, 162606500.0, 68235906.27191816, 115156750.0, 204914000.0]","[182465000.0, 482005625.0, 565879452.8145852, 114541000.0, 567392000.0]","[217944500.0, 330038129.6296296, 440599053.64006424, 159349250.0, 293936250.0]",[1048],[1],"[264445500.0, 309664181.8181818, 142197171.04050097, 205551250.0, 387367000.0]","[258188500.0, 258552300.0, 59994686.1656097, 213451750.0, 294726500.0]","[226341000.0, 217666250.0, 86345689.82402943, 170039250.0, 276467500.0]","[177616000.0, 176418666.66666666, 40121775.443295404, 152095750.0, 206188250.0]","[254062000.0, 268348875.0, 77574114.01071155, 223169000.0, 315644250.0]"
0,"[200742000.0, 215598611.1111111, 74989155.73667146, 166642250.0, 248655750.0]","[202438500.0, 206582166.66666666, 74695719.05560671, 149314250.0, 249569750.0]","[180264000.0, 177413062.5, 72030207.14687064, 125208000.0, 227894250.0]","[231149500.0, 232230552.63157895, 65758395.12612074, 195820500.0, 269821500.0]","[270084500.0, 267885125.0, 66356565.68105657, 215872250.0, 312872750.0]","[198756500.0, 222313050.0, 164179997.50867185, 94079750.0, 270712750.0]","[252871500.0, 250653807.69230768, 115674229.74973203, 170054500.0, 336772250.0]","[123012000.0, 125644750.0, 79196655.5555694, 59315250.0, 194607000.0]","[185057500.0, 184162409.0909091, 98480634.70442903, 107055500.0, 236704750.0]","[144381000.0, 350583772.72727275, 686321548.9107614, 97981000.0, 207637750.0]","[194282500.0, 204424285.7142857, 75176059.8005286, 161921750.0, 250885750.0]","[225262000.0, 231266166.66666666, 67367547.08665161, 197975250.0, 287087500.0]","[148580000.0, 155325666.66666666, 81135859.85692284, 113095750.0, 224421750.0]","[308367500.0, 293311750.0, 57182983.751178116, 243780250.0, 325781000.0]","[292207000.0, 283092500.0, 104858120.95588973, 222982750.0, 365514750.0]","[190448000.0, 194761375.0, 52235793.65707364, 165044000.0, 225938750.0]","[130957500.0, 154938083.33333334, 106342006.811716, 85508250.0, 191653750.0]","[258324000.0, 265872416.66666666, 65197410.18176813, 216009500.0, 306371750.0]","[144059000.0, 145794750.0, 62126545.28007734, 109357000.0, 181628500.0]","[204408500.0, 207456666.66666666, 57465700.41096012, 164990250.0, 244276750.0]","[294461000.0, 297695923.0769231, 90815304.15033117, 237408500.0, 360933500.0]","[254687000.0, 278158400.0, 146875798.68681565, 182633000.0, 339271250.0]","[185280500.0, 190376750.0, 54622731.08960682, 165387500.0, 219808000.0]","[227045000.0, 228885600.0, 106722231.02025183, 164649000.0, 287034000.0]","[168210000.0, 173340500.0, 105894647.03775162, 100904750.0, 233149500.0]","[221816000.0, 321903750.0, 319740723.0377255, 162566750.0, 305946250.0]","[155838000.0, 152204450.0, 65879498.82245234, 106143750.0, 200947250.0]","[318995000.0, 318818000.0, 65587702.170452654, 270703500.0, 366383500.0]","[838384250488847.5, 838384250488847.5, 838384250488847.5, 838384250488847.5, 838384250488847.5]","[250516316874702.84, 250516316874702.84, 250516316874702.84, 250516316874702.84, 250516316874702.84]","[172256000.0, 168898166.66666666, 42053518.530624226, 143079000.0, 188018750.0]","[168715500.0, 182697055.55555555, 101720402.84332354, 106358250.0, 253796500.0]","[631553000.0, 659451750.0, 550964056.679914, 119462250.0, 1194751000.0]","[141832000.0, 139088750.0, 42346753.81522768, 112078750.0, 160944500.0]","[230047000.0, 222761375.0, 51151811.24588234, 185851250.0, 252343750.0]","[138838000.0, 138916750.0, 56439506.01695146, 113637500.0, 164075250.0]","[249110500.0, 245663500.0, 44385029.162432685, 212255500.0, 272886000.0]","[193482000.0, 193922375.0, 64245996.78956172, 150166500.0, 248553000.0]","[145250500.0, 138507142.85714287, 66599712.22627354, 89312000.0, 180550500.0]","[128987000.0, 136899583.33333334, 81357507.7814563, 80089500.0, 198747250.0]","[122132500.0, 128087250.0, 60840061.0273568, 82176000.0, 172180750.0]","[239462000.0, 249472937.5, 62211568.3866039, 205838000.0, 292533500.0]","[106068000.0, 105998750.0, 63581603.25666144, 72908000.0, 139020250.0]","[157462500.0, 151615400.0, 65045359.405879214, 95747500.0, 193363000.0]","[184047500.0, 185177607.14285713, 76209320.86885495, 134968000.0, 239561000.0]",[1048],[2],"[208543500.0, 334874600.0, 387018101.2857021, 169892500.0, 264293500.0]","[276031000.0, 278096777.7777778, 97676924.04359017, 209408000.0, 342396500.0]","[216885500.0, 214338500.0, 72237891.69300278, 167430750.0, 259401750.0]","[188103000.0, 193972500.0, 47811817.49055353, 165500750.0, 229079250.0]","[238296500.0, 241642714.2857143, 61654017.95553332, 204646250.0, 276956500.0]"
0,"[194738000.0, 207090035.7142857, 84507217.25475039, 145679750.0, 249176000.0]","[195898000.0, 301790863.6363636, 700836705.0468737, 145775750.0, 251024250.0]","[203675500.0, 298936722.2222222, 328692729.78671896, 132737000.0, 268690250.0]","[234387500.0, 273322222.2222222, 168906655.85861176, 196394750.0, 300393750.0]","[303934500.0, 312993600.0, 78751282.23362462, 260686750.0, 371560500.0]","[136238000.0, 146090200.0, 74667447.88500541, 92458500.0, 200777250.0]","[217582500.0, 214513769.23076922, 117656906.53264415, 109772250.0, 303464500.0]","[169177500.0, 177971250.0, 91923138.2511362, 128157250.0, 224374250.0]","[233868000.0, 251965250.0, 143561131.51872793, 142087250.0, 347289250.0]","[159584500.0, 173344888.8888889, 102625722.44292413, 112459750.0, 217702500.0]","[179908500.0, 188461333.33333334, 90447903.18772213, 129568750.0, 248840500.0]","[224257500.0, 260782166.66666666, 122241011.62003237, 189168500.0, 289181000.0]","[186666000.0, 166990833.33333334, 73676346.82835613, 126450250.0, 207919000.0]","[222585000.0, 232909875.0, 99744373.04484586, 162798500.0, 324589250.0]","[247332000.0, 255049687.5, 117477729.92743069, 202275500.0, 310843000.0]","[193502500.0, 194082666.66666666, 47767291.246788904, 163159500.0, 222934250.0]","[170394000.0, 233778250.0, 186172938.42134386, 100563000.0, 318195500.0]","[343688000.0, 562923571.4285715, 368102363.5936679, 251549250.0, 953997000.0]","[132643000.0, 131885400.0, 65996608.53362088, 91205000.0, 173515750.0]","[207460000.0, 214268600.0, 63795901.87731497, 162567250.0, 256036500.0]","[297921000.0, 308551590.90909094, 106383175.54595621, 256246000.0, 375464000.0]","[238382500.0, 402428388.8888889, 469100212.6952595, 180656750.0, 329250250.0]","[209274000.0, 200478400.0, 89721925.90353821, 141947500.0, 250410750.0]","[174772500.0, 171690250.0, 65870171.94024546, 115791750.0, 227564000.0]","[190527000.0, 193871666.66666666, 95439628.02982953, 128653000.0, 257005250.0]","[240755000.0, 333627272.72727275, 266585945.39919046, 188389000.0, 356287750.0]","[152114000.0, 149613611.1111111, 67323746.27593553, 99405250.0, 195937750.0]","[289559000.0, 289559000.0, 86659103.40235467, 228391250.0, 350726750.0]","[345271000.0, 345271000.0, 76665298.36242731, 314529500.0, 376012500.0]","[250516316874702.84, 250516316874702.84, 250516316874702.84, 250516316874702.84, 250516316874702.84]","[196033500.0, 226322250.0, 88266503.58325349, 170309750.0, 274158750.0]","[206819500.0, 335246833.3333333, 300437507.5230103, 133285500.0, 451390500.0]","[452441734285578.0, 452441734285578.0, 452441734285578.0, 452441734285578.0, 452441734285578.0]","[175133000.0, 205473000.0, 103660726.8745819, 130104750.0, 283753750.0]","[204851000.0, 202635500.0, 38479698.55976006, 176373750.0, 226942500.0]","[165804500.0, 166532000.0, 65529973.06958091, 137787000.0, 200339500.0]","[705958500.0, 704358750.0, 459320315.6052293, 255499500.0, 1158292750.0]","[167759000.0, 162904500.0, 74870313.81161696, 112234500.0, 207995750.0]","[129587000.0, 142681357.14285713, 81058189.6158619, 85856500.0, 202342250.0]","[158868500.0, 161636333.33333334, 84643152.46652988, 99391250.0, 221651250.0]","[154052500.0, 179067900.0, 111276129.07308555, 89925500.0, 278046500.0]","[234547500.0, 250470718.75, 74208319.94869846, 200048250.0, 286874750.0]","[165949500.0, 163620166.66666666, 86942715.99146315, 120489000.0, 210242000.0]","[156064000.0, 163482500.0, 86368799.33604495, 106917750.0, 217755750.0]","[172544500.0, 178119130.4347826, 77537130.28540604, 126868750.0, 238960750.0]",[1048],[3],"[184903500.0, 186308312.5, 47465783.99057413, 149675750.0, 225340250.0]","[211654000.0, 213560400.0, 63536585.6466965, 171171000.0, 257224000.0]","[270338500.0, 266384750.0, 68456021.47501343, 216657500.0, 298951000.0]","[176296500.0, 177725166.66666666, 50291759.95765995, 140451500.0, 208517750.0]","[235240500.0, 242399346.15384614, 77759758.1838013, 181752000.0, 295399250.0]"
0,"[242431500.0, 396095428.5714286, 441252956.7799298, 179070500.0, 317124250.0]","[257665000.0, 258282357.14285713, 99632031.63434304, 188772250.0, 315554250.0]","[165631500.0, 204112375.0, 167859092.4227973, 93504500.0, 265520500.0]","[333347000.0, 435633363.6363636, 294553616.5748476, 205300500.0, 607375000.0]","[278457500.0, 342550641.025641, 241889080.10493603, 220190500.0, 359220750.0]","[269015000.0, 292457293.1034483, 119229390.86924842, 218671500.0, 355706000.0]","[212157000.0, 221337903.84615386, 101459781.39888725, 153905250.0, 289305750.0]","[149085500.0, 162956400.0, 116880183.47170746, 88599500.0, 201943250.0]","[175270500.0, 185265833.33333334, 107601234.83104953, 108821750.0, 237549500.0]","[143295000.0, 205760875.0, 217310465.91231182, 84474250.0, 218143000.0]","[153208500.0, 165543515.15151516, 91734543.63976105, 111073750.0, 226121000.0]","[290150500.0, 342684852.9411765, 181653679.53521958, 218044000.0, 401359500.0]","[124994000.0, 174884818.1818182, 146562208.22576466, 87913000.0, 198165250.0]","[312446500.0, 301670454.54545456, 108758849.69456185, 223498250.0, 359280250.0]","[258549500.0, 274364326.9230769, 128776501.1546124, 195938000.0, 338608500.0]","[201832500.0, 206475214.2857143, 66105411.465518534, 174118250.0, 259205750.0]","[237603000.0, 366524000.0, 332088559.39579046, 128688000.0, 537743000.0]","[232787000.0, 263128142.85714287, 151400647.76209897, 164743750.0, 340825000.0]","[149151000.0, 162196972.2222222, 85197423.090264, 104334250.0, 229994750.0]","[228277000.0, 337993718.75, 344865884.19827557, 193073500.0, 323380250.0]","[160347000.0, 167056571.42857143, 108726981.75720051, 99335000.0, 244712250.0]","[171303000.0, 205037571.42857143, 159576847.39081457, 94512250.0, 259186500.0]","[164182500.0, 227368968.75, 200460086.96152964, 105781000.0, 287390500.0]","[460453000.0, 460453000.0, 68678533.68047398, 424489750.0, 496416250.0]","[140068000.0, 154963363.63636363, 89171850.69217622, 97632500.0, 206994000.0]","[199214500.0, 232406761.9047619, 148276719.89083844, 132297250.0, 295415000.0]","[217454000.0, 213188000.0, 99711573.33404182, 140227750.0, 272716250.0]","[188780500.0, 193371000.0, 87978314.00488906, 148433750.0, 245853500.0]","[280216000.0, 308308900.0, 200169096.03854936, 161755250.0, 469856500.0]","[191098000.0, 202097172.41379312, 80072718.95964919, 152595500.0, 259921250.0]","[369307500.0, 381960250.0, 192213643.92762938, 223608750.0, 534765000.0]","[132831000.0, 135842280.0, 72294911.29880166, 87203750.0, 186072000.0]","[253068500.0, 247601500.0, 90159954.16307342, 186565750.0, 315545000.0]","[178221000.0, 180556500.0, 71357899.9873953, 130845250.0, 239265000.0]","[237424000.0, 251515666.66666666, 91956451.0718102, 184893500.0, 305480750.0]","[235669000.0, 253946700.0, 123078336.93306875, 177217750.0, 334420000.0]","[241539500.0, 289868047.61904764, 191494527.64796382, 146649250.0, 385363750.0]","[185571500.0, 228676461.53846154, 191391391.85252956, 127923750.0, 260945750.0]","[114180000.0, 117023277.77777778, 74538227.85606617, 61672250.0, 162954000.0]","[188377000.0, 170034500.0, 73955521.03516906, 114987000.0, 208419000.0]","[185057500.0, 200078000.0, 135796318.747969, 113253000.0, 272449000.0]","[177640000.0, 177640000.0, 90223684.87542504, 112958750.0, 242321250.0]","[113414500.0, 114650000.0, 58870965.851597846, 77107000.0, 157436500.0]","[144611500.0, 156767272.72727272, 104132899.29599221, 96112500.0, 210839500.0]","[162288000.0, 187248302.81690142, 125363354.30097346, 100809000.0, 241901750.0]",[1049],[1],"[269756500.0, 322647666.6666667, 222952048.13024756, 186884250.0, 319044500.0]","[241220000.0, 292424500.0, 160185417.76407114, 167307000.0, 405362000.0]","[149953000.0, 307358100.0, 373408838.3074107, 95589500.0, 224066000.0]","[184505000.0, 192895222.2222222, 80733982.11001056, 132279500.0, 252931750.0]","[248726000.0, 258221333.33333334, 141184560.24316382, 136572250.0, 350614250.0]"
0,"[245878000.0, 228662125.0, 112878360.72675477, 156352500.0, 297751250.0]","[196889500.0, 202879000.0, 103053213.54863225, 145263000.0, 295664250.0]","[201002000.0, 206064863.63636363, 105531620.41380405, 130610250.0, 284525000.0]","[211563000.0, 199946125.0, 96068451.31134036, 155179500.0, 256179750.0]","[285755000.0, 352780159.09090906, 214613804.04524344, 219951000.0, 406092500.0]","[305171500.0, 400452636.3636364, 302350446.20042324, 212522000.0, 431170500.0]","[218634000.0, 235290142.85714287, 95689009.79520446, 179854250.0, 312215500.0]","[240062000.0, 323301000.0, 269855761.4191535, 140289250.0, 393854750.0]","[225556000.0, 313435692.3076923, 345978166.19719595, 122655250.0, 330540000.0]","[147027500.0, 232144333.33333334, 278160931.5835988, 111818250.0, 248235250.0]","[170609000.0, 180795625.0, 103473014.67504804, 104803750.0, 245869750.0]","[246653500.0, 263886714.2857143, 122333955.54466504, 175106500.0, 311890500.0]","[124938500.0, 150918857.14285713, 106159978.38562673, 96591000.0, 199666500.0]","[332371500.0, 378389875.0, 198874767.31220675, 243194250.0, 493319000.0]","[251849000.0, 312860593.75, 221670828.60754076, 178439750.0, 359171750.0]","[191209500.0, 235239166.66666666, 116983308.78294371, 173917500.0, 268282250.0]","[205400000.0, 322692363.6363636, 343847451.46920574, 127063750.0, 305969000.0]","[252698000.0, 260539875.0, 113197314.93146251, 179301500.0, 345493250.0]","[167310500.0, 181193500.0, 109541295.84744513, 93253750.0, 246384500.0]","[245019000.0, 236061000.0, 72643991.07339457, 187288750.0, 290810500.0]","[160094500.0, 228088208.33333334, 221745869.398297, 99758250.0, 255740250.0]","[196394000.0, 223010913.79310346, 155774897.5358447, 112819750.0, 282036750.0]","[235529000.0, 371547909.09090906, 363981066.2044873, 143546250.0, 376128750.0]","[19407523068.728104, 19407523068.728104, 19407523068.728104, 19407523068.728104, 19407523068.728104]","[216525000.0, 257840416.66666666, 166833990.3054622, 131962500.0, 328598750.0]","[205296500.0, 243464900.0, 135737646.93723205, 159271500.0, 286974500.0]","[207203000.0, 216586600.0, 123486774.06483659, 144166250.0, 290030250.0]","[256202500.0, 281788125.0, 141390890.77928385, 183228000.0, 362776500.0]","[710095500.0, 712820250.0, 571821004.62377, 158247000.0, 1251115750.0]","[196657000.0, 208070900.0, 77122191.9916051, 160031750.0, 261398500.0]","[205543500.0, 215064000.0, 66662660.90736253, 179539250.0, 258557000.0]","[162105500.0, 219701150.0, 228050904.64806867, 94078000.0, 232965500.0]","[246990000.0, 255001000.0, 84379224.89570522, 207611500.0, 304655500.0]","[183259500.0, 251954590.9090909, 183062574.9830466, 153924750.0, 283087250.0]","[245635500.0, 235579071.42857143, 67818688.19661129, 171361000.0, 268317500.0]","[200058500.0, 219167833.33333334, 94807322.29706146, 166878750.0, 285337750.0]","[191207500.0, 199586625.0, 113652303.88056098, 123376750.0, 265918000.0]","[272221000.0, 265322062.5, 126176276.121429, 175627500.0, 351905500.0]","[175598500.0, 283104333.3333333, 307323619.5771035, 102877500.0, 282965000.0]","[289058000.0, 284705000.0, 116467388.93784818, 189967500.0, 377301500.0]","[329426000.0, 296389166.6666667, 136677966.8697149, 202736500.0, 377556000.0]","[228356500.0, 249547833.33333334, 102149728.28144097, 182058750.0, 307312250.0]","[136411000.0, 141569625.0, 56392052.411970034, 107907000.0, 180804250.0]","[138347500.0, 143437000.0, 78706560.53817877, 98772250.0, 198691000.0]","[178989500.0, 282685469.6969697, 280735929.1500628, 115638500.0, 311845500.0]",[1049],[2],"[238024000.0, 231607250.0, 58430276.1904092, 191034250.0, 264980250.0]","[404106000.0, 404106000.0, 73865726.53132169, 369919000.0, 438293000.0]","[166336500.0, 243901000.0, 207364194.46260485, 87191250.0, 333073250.0]","[185666500.0, 189250250.0, 58334062.670857236, 158201000.0, 228482250.0]","[214761000.0, 217610500.0, 94784725.74866691, 161287750.0, 265905500.0]"
0,"[433617000.0, 428434875.0, 273247885.94444674, 189728750.0, 656918750.0]","[206148000.0, 202690666.66666666, 76451429.1640269, 164333000.0, 238846000.0]","[153544500.0, 173402250.0, 101572464.77012934, 100364750.0, 233182500.0]","[207169000.0, 304849571.4285714, 314424613.2002106, 133608250.0, 295335000.0]","[304281000.0, 365371172.4137931, 215070572.00403476, 229795250.0, 422931000.0]","[293486500.0, 306122315.7894737, 139018474.05709583, 212589250.0, 382082000.0]","[217710500.0, 226388263.15789473, 102506034.45412223, 161045000.0, 287989750.0]","[173459000.0, 180833590.9090909, 96496631.19303893, 105319500.0, 228905750.0]","[159812500.0, 1609459411.764706, 5591880327.482064, 96406250.0, 250551500.0]","[140634500.0, 257715761.9047619, 287701151.15410244, 88100500.0, 254614750.0]","[164196500.0, 204005152.17391303, 140950056.25304914, 120726000.0, 245470250.0]","[277443500.0, 340228400.0, 230894590.55982667, 190909750.0, 431485500.0]","[145353000.0, 171600958.33333334, 124630000.83396158, 92017500.0, 214415500.0]","[301761000.0, 300360750.0, 130356314.59796068, 207377750.0, 366410750.0]","[248847500.0, 295154380.0, 190206455.63317665, 171722250.0, 339675250.0]","[205236000.0, 198545300.0, 56145145.99687136, 165571000.0, 221230000.0]","[123109000.0, 205432800.0, 228057610.15225956, 101884500.0, 224587750.0]","[261709500.0, 267503750.0, 135267868.67928946, 159771250.0, 326390750.0]","[154595000.0, 198349321.42857143, 218458370.02055916, 91915500.0, 207961500.0]","[245050500.0, 308971583.3333333, 181351221.76454467, 216563000.0, 339372500.0]","[142890500.0, 160138928.57142857, 101462645.35916956, 95936000.0, 209642000.0]","[207824500.0, 281218440.0, 326535229.9977544, 124372000.0, 292074500.0]","[160742000.0, 184988200.0, 123360595.03933986, 99620000.0, 257531000.0]","[19407523068.728104, 19407523068.728104, 19407523068.728104, 19407523068.728104, 19407523068.728104]","[193493000.0, 224120437.5, 132396715.59652111, 139450750.0, 296020000.0]","[205662500.0, 223126617.6470588, 124820234.08698718, 137224250.0, 293009500.0]","[211886000.0, 222448200.0, 106745991.97702928, 154834500.0, 294330250.0]","[241656500.0, 634659000.0, 768473539.8203377, 160260750.0, 726947500.0]","[160607500.0, 158284166.66666666, 93867144.94329502, 88497750.0, 231916250.0]","[190034500.0, 199945277.7777778, 77064491.40911177, 152845750.0, 254148750.0]","[228937500.0, 246749500.0, 89589247.81188868, 184126750.0, 320785000.0]","[148340000.0, 182345673.07692307, 132820834.90490273, 93891500.0, 230601750.0]","[316255500.0, 343319083.3333333, 166424601.15442583, 221132750.0, 457157500.0]","[181782500.0, 213344227.27272728, 124360386.42003033, 156105750.0, 261358500.0]","[268552500.0, 291794750.0, 130384409.92575568, 194870500.0, 336427250.0]","[185250000.0, 185554625.0, 79576834.30565314, 138737250.0, 243847500.0]","[189079000.0, 215113500.0, 141854999.9419889, 123158500.0, 268185000.0]","[233033000.0, 266711583.33333334, 155083917.51387823, 151497000.0, 355636750.0]","[180326500.0, 240517600.0, 197500465.04714864, 104781250.0, 283714000.0]","[169374500.0, 218959166.66666666, 155374130.01946482, 112416750.0, 333479250.0]","[560453730156139.6, 560453730156139.6, 560453730156139.6, 560453730156139.6, 560453730156139.6]","[156172500.0, 156172500.0, 113294815.26641014, 86451250.0, 225893750.0]","[142424000.0, 177563111.1111111, 119455183.27733204, 98327250.0, 230355250.0]","[188728500.0, 216196916.66666666, 120733411.11822799, 136808000.0, 273936750.0]","[156354500.0, 181213809.52380952, 126626980.02315758, 101550750.0, 228877750.0]",[1049],[3],"[226810000.0, 216163625.0, 86097388.18800995, 156251500.0, 279105750.0]","[491132000.0, 495160250.0, 252036994.6281448, 256523500.0, 733936250.0]","[132588000.0, 142608083.33333334, 95264622.62294988, 76864000.0, 205475750.0]","[237615000.0, 235433250.0, 79607631.51034893, 183497250.0, 284500750.0]","[204621500.0, 204621500.0, 92292430.05929576, 170171000.0, 239072000.0]"
0,"[232422000.0, 291341375.0, 165971618.1956553, 176936750.0, 342549750.0]","[274139000.0, 277079750.0, 71103273.65661514, 235473000.0, 336602000.0]","[221984500.0, 231457375.0, 93561331.45955317, 168902250.0, 285219000.0]","[249160000.0, 263354600.0, 68608761.60258251, 231404500.0, 318772000.0]","[313550500.0, 715344300.0, 838710612.0528165, 270409000.0, 393733750.0]","[462279500.0, 453828000.0, 310015248.6721419, 149604000.0, 756789000.0]","[183425500.0, 184812142.85714287, 100109493.15079047, 107924000.0, 241932750.0]","[258918000.0, 644100000.0, 646873484.2490454, 176433000.0, 1478922250.0]","[179252500.0, 212171375.0, 130342420.53987147, 129250500.0, 269040750.0]","[207352000.0, 220871666.66666666, 100493918.1421222, 150286750.0, 288221750.0]","[212384000.0, 204710166.66666666, 76570832.83125646, 157280250.0, 244233750.0]","[321022500.0, 327846083.3333333, 96564727.6558219, 266599000.0, 376179500.0]","[250848000.0, 262272000.0, 70974972.03122614, 219703000.0, 303107750.0]","[184514000.0, 187208500.0, 60189841.030276865, 153877750.0, 220239750.0]","[302169500.0, 304685000.0, 130185668.30556528, 198491500.0, 402323500.0]","[218634500.0, 218473375.0, 56944376.19167827, 193407500.0, 242347000.0]","[45478070469.26876, 45478070469.26876, 45478070469.26876, 45478070469.26876, 45478070469.26876]","[270209000.0, 273041166.6666667, 102699918.49220502, 199458750.0, 331777500.0]","[406796000.0, 408897250.0, 194073290.993216, 227619750.0, 582405500.0]","[258972000.0, 294323250.0, 139509173.91407454, 217143500.0, 342549250.0]","[284502000.0, 384233312.5, 281497187.1933667, 182098750.0, 500087500.0]","[261270500.0, 261270500.0, 74060569.93603276, 214418500.0, 308122500.0]","[242167500.0, 242597750.0, 63919526.6189253, 212708750.0, 272917000.0]","[19407523068.728104, 19407523068.728104, 19407523068.728104, 19407523068.728104, 19407523068.728104]","[197496000.0, 205965750.0, 73529526.81533793, 166100250.0, 248953750.0]","[273854000.0, 330391500.0, 183665697.40904263, 193113250.0, 425200500.0]","[178043000.0, 221770555.55555555, 169175019.94588727, 107381250.0, 258070250.0]","[306396500.0, 303866500.0, 66446372.28434672, 261146250.0, 343848250.0]","[217503500.0, 229527916.66666666, 68994445.4502901, 200882500.0, 294800500.0]","[223527500.0, 275992300.0, 145215522.23646754, 186221500.0, 321076250.0]","[182779000.0, 185300250.0, 50400962.84980576, 159663000.0, 212528750.0]","[176678000.0, 227661541.66666666, 195865265.37509555, 132030750.0, 245818250.0]","[531547500.0, 535843750.0, 93666646.39927866, 463428250.0, 584497500.0]","[141198000.0, 141198000.0, 45807303.697118, 110380000.0, 172016000.0]","[236433000.0, 233611571.42857143, 64809697.72585216, 182475250.0, 269021000.0]","[806949869991989.8, 806949869991989.8, 806949869991989.8, 806949869991989.8, 806949869991989.8]","[700628100163110.8, 700628100163110.8, 700628100163110.8, 700628100163110.8, 700628100163110.8]","[1285707944852262.0, 1285707944852262.0, 1285707944852262.0, 1285707944852262.0, 1285707944852262.0]","[158109500.0, 165594500.0, 68960261.5507656, 127733000.0, 219524750.0]","[211287000.0, 216302250.0, 76236957.59644727, 173417000.0, 274161500.0]","[215237000.0, 220305062.5, 85976650.33198604, 152762250.0, 289846250.0]","[224611500.0, 229872500.0, 70148627.21334372, 189105750.0, 276142250.0]","[145134500.0, 141385666.66666666, 58375395.29535443, 110331250.0, 174681750.0]","[204938000.0, 288033250.0, 227243854.49450737, 159337750.0, 274695750.0]","[187996500.0, 197669892.85714287, 85445455.9348658, 135747000.0, 248520000.0]",[1050],[1],"[224199000.0, 224439142.85714287, 61504049.04366302, 184347500.0, 257928500.0]","[213649000.0, 215297000.0, 69519975.50704402, 173811500.0, 255361250.0]","[376942537678620.2, 376942537678620.2, 376942537678620.2, 376942537678620.2, 376942537678620.2]","[211955000.0, 221263000.0, 48699855.456664346, 199599750.0, 261680250.0]","[1864369258744477.0, 1864369258744477.0, 1864369258744477.0, 1864369258744477.0, 1864369258744477.0]"
0,"[348799000.0, 348799000.0, 65752476.504691444, 323939750.0, 373658250.0]","[276429000.0, 330076791.6666667, 192801896.43992507, 238403000.0, 357719250.0]","[200718500.0, 197362500.0, 83585101.46999882, 137667750.0, 246185500.0]","[299980000.0, 301288666.6666667, 63442680.42471269, 265509750.0, 348488000.0]","[347106000.0, 349132166.6666667, 96413131.4835911, 284210250.0, 419446250.0]","[21176988994.81772, 21176988994.81772, 21176988994.81772, 21176988994.81772, 21176988994.81772]","[210633500.0, 205113500.0, 103600348.16388683, 137894750.0, 258431250.0]","[175175000.0, 183027600.0, 90064286.78249775, 97639750.0, 272906750.0]","[163183000.0, 224573233.33333334, 227042671.3468466, 118752500.0, 233642250.0]","[183054000.0, 185004687.5, 77513416.16271885, 135585500.0, 230572000.0]","[281471500.0, 277366250.0, 65953192.05836439, 232362750.0, 318264500.0]","[263145000.0, 261959750.0, 79980761.34413514, 213559500.0, 297007250.0]","[424066000.0, 424066000.0, 57983126.82151593, 398678000.0, 449454000.0]","[174290500.0, 181127333.33333334, 74600582.58299476, 141104750.0, 245738000.0]","[354256500.0, 591714708.3333334, 584461432.0957499, 298704750.0, 456035000.0]","[228625500.0, 239852250.0, 73298408.6385066, 202363000.0, 293329750.0]","[110695000.0, 108826750.0, 57815138.306826696, 70888250.0, 143028750.0]","[331278000.0, 331042687.5, 112627201.7607862, 257856500.0, 408363000.0]","[166006500.0, 192263750.0, 96766070.40725845, 146617500.0, 249809250.0]","[264453500.0, 277438937.5, 106895152.50934485, 211525500.0, 330816250.0]","[301251500.0, 764550200.0, 1033688234.0896407, 175855000.0, 412471750.0]","[270423500.0, 270423500.0, 71618092.7158075, 237057750.0, 303789250.0]","[318046500.0, 318046500.0, 59847357.09494614, 294796250.0, 341296750.0]","[19407523068.728104, 19407523068.728104, 19407523068.728104, 19407523068.728104, 19407523068.728104]","[205745000.0, 225346375.0, 101883640.78439862, 172505750.0, 294471500.0]","[303609500.0, 364909363.6363636, 247080114.55903152, 237915250.0, 378786500.0]","[188494500.0, 238341888.8888889, 165778068.55783257, 138713750.0, 259090250.0]","[269610000.0, 274652750.0, 69516416.28016724, 223378500.0, 328103000.0]","[235877000.0, 232839750.0, 60495230.052149564, 199264500.0, 274246500.0]","[204798500.0, 207082625.0, 59029262.79119429, 175446250.0, 240959750.0]","[178712000.0, 177908750.0, 50910923.06359707, 156568500.0, 206700250.0]","[164114000.0, 178689090.9090909, 92051137.00591995, 123018500.0, 229481000.0]","[249940000.0, 264534500.0, 122781635.91514815, 161901500.0, 363744500.0]","[139732500.0, 148644000.0, 67674225.66851676, 104830250.0, 195024250.0]","[254342000.0, 258376250.0, 80076547.89910401, 204264250.0, 330812000.0]","[806949869991989.8, 806949869991989.8, 806949869991989.8, 806949869991989.8, 806949869991989.8]","[700628100163110.8, 700628100163110.8, 700628100163110.8, 700628100163110.8, 700628100163110.8]","[1285707944852262.0, 1285707944852262.0, 1285707944852262.0, 1285707944852262.0, 1285707944852262.0]","[153008500.0, 154960500.0, 66111316.34183364, 108181250.0, 197567000.0]","[191219000.0, 222989000.0, 177053332.9207615, 119539250.0, 238087250.0]","[188506500.0, 176562642.85714287, 78359111.97001655, 116907000.0, 218234500.0]","[227479500.0, 230664000.0, 62236315.14839226, 193600000.0, 284048250.0]","[201655000.0, 207273750.0, 98805758.10112232, 122176500.0, 288694750.0]","[181412500.0, 181039666.66666666, 66513116.408010505, 145246250.0, 226351500.0]","[173817500.0, 231155730.76923078, 188792078.18163094, 143930000.0, 244386000.0]",[1050],[2],"[207150500.0, 214470062.5, 61176882.3545389, 180291500.0, 267177000.0]","[189218000.0, 195943500.0, 59758623.85882058, 165267750.0, 237863500.0]","[376942537678620.2, 376942537678620.2, 376942537678620.2, 376942537678620.2, 376942537678620.2]","[190287500.0, 198694000.0, 57989404.056545824, 165896750.0, 241276750.0]","[1864369258744477.0, 1864369258744477.0, 1864369258744477.0, 1864369258744477.0, 1864369258744477.0]"
0,"[252537000.0, 251804000.0, 69197776.82965448, 205545500.0, 282298750.0]","[259600500.0, 302582461.53846157, 148970094.49711472, 229855750.0, 316552500.0]","[178218500.0, 194996300.0, 94594799.48818539, 133829500.0, 245944500.0]","[289581500.0, 295669312.5, 68047129.74587792, 246963500.0, 332666250.0]","[299551500.0, 300990750.0, 70427386.0853326, 257453750.0, 354368000.0]","[172017000.0, 172017000.0, 60472296.045379326, 146480500.0, 197553500.0]","[247404500.0, 242037750.0, 102488150.90749516, 180391750.0, 324123750.0]","[270658000.0, 298820928.5714286, 172104135.6782757, 179961500.0, 409327750.0]","[128543500.0, 150471833.33333334, 93569756.76470232, 94017750.0, 195935250.0]","[159889500.0, 171094312.5, 96923134.00236212, 92691750.0, 216809000.0]","[257795000.0, 256138750.0, 73908894.05502899, 223154250.0, 285364000.0]","[253894500.0, 254198750.0, 73609159.54511029, 219824750.0, 290968750.0]","[5318585650.039282, 5318585650.039282, 5318585650.039282, 5318585650.039282, 5318585650.039282]","[206175000.0, 263700625.0, 148081584.24660498, 168743000.0, 310578500.0]","[259383500.0, 269037083.3333333, 113036801.09626417, 198305500.0, 350214000.0]","[215233000.0, 233211000.0, 82943024.37743032, 193418750.0, 291936250.0]","[127333500.0, 131391333.33333333, 68239730.50373383, 89007750.0, 179838250.0]","[426649500.0, 403470000.0, 172326876.95723304, 278463250.0, 545579000.0]","[292999000.0, 371924800.0, 193322891.14292696, 224273250.0, 522638250.0]","[261026500.0, 261159000.0, 77628151.69079173, 206085250.0, 315913750.0]","[274908500.0, 274042125.0, 99994859.35841589, 219536250.0, 345953000.0]","[228035000.0, 231810600.0, 76941842.18512057, 177805250.0, 278880000.0]","[271990000.0, 271990000.0, 47726908.67843842, 249294000.0, 294686000.0]","[19407523068.728104, 19407523068.728104, 19407523068.728104, 19407523068.728104, 19407523068.728104]","[222648000.0, 236248125.0, 99302137.81678808, 171242250.0, 290394750.0]","[237283000.0, 232457800.0, 76852611.24360056, 179556250.0, 279726500.0]","[152099500.0, 162107666.66666666, 76915210.31015618, 111334250.0, 220532000.0]","[414486000.0, 604732833.3333334, 355305181.72430146, 333526250.0, 1018239500.0]","[245338000.0, 245059875.0, 61888771.822798155, 210748250.0, 280290250.0]","[214574000.0, 214824125.0, 63281511.45118829, 179858250.0, 242526000.0]","[188797000.0, 189996625.0, 53241767.20028529, 155693500.0, 219903750.0]","[178578000.0, 211353833.33333334, 128755252.77591158, 124980500.0, 257847500.0]","[313703500.0, 320990500.0, 114705779.58956558, 234364750.0, 415069750.0]","[127359500.0, 133780750.0, 51752282.19786544, 109067000.0, 171056000.0]","[239448000.0, 243900928.57142857, 68662599.32448594, 194549250.0, 277871750.0]","[806949869991989.8, 806949869991989.8, 806949869991989.8, 806949869991989.8, 806949869991989.8]","[700628100163110.8, 700628100163110.8, 700628100163110.8, 700628100163110.8, 700628100163110.8]","[1285707944852262.0, 1285707944852262.0, 1285707944852262.0, 1285707944852262.0, 1285707944852262.0]","[196681500.0, 194875250.0, 66645668.0851864, 140332000.0, 255698000.0]","[225230000.0, 235846636.36363637, 104375597.39645934, 160501250.0, 298639500.0]","[255126500.0, 390026187.5, 326708257.07764846, 166022250.0, 496728250.0]","[231653500.0, 258857928.57142857, 96669301.85096012, 192358250.0, 305550500.0]","[213225000.0, 206197833.33333334, 93733900.43169487, 139442000.0, 271008500.0]","[178978000.0, 214280250.0, 129553313.25984745, 139507500.0, 254697500.0]","[192689500.0, 220338185.1851852, 142335190.89850497, 141213250.0, 263553500.0]",[1050],[3],"[210342000.0, 215005222.2222222, 61544539.53263401, 178632750.0, 259884250.0]","[242774000.0, 241382500.0, 69358959.06622301, 211027000.0, 270346500.0]","[376942537678620.2, 376942537678620.2, 376942537678620.2, 376942537678620.2, 376942537678620.2]","[222192500.0, 225882500.0, 49179349.64240581, 201902250.0, 260087000.0]","[1864369258744477.0, 1864369258744477.0, 1864369258744477.0, 1864369258744477.0, 1864369258744477.0]"
0,"[191690000.0, 187837416.66666666, 77162675.71712628, 138548250.0, 224821750.0]","[269463500.0, 267692500.0, 76922226.30196033, 217401750.0, 314436750.0]","[315544000.0, 333327000.0, 126357365.1273113, 233894250.0, 420760000.0]","[295112500.0, 331165441.1764706, 185256009.7226651, 223124750.0, 382113000.0]","[262252500.0, 269945800.0, 98705417.8034823, 217978500.0, 355465000.0]","[152659500.0, 150222000.0, 76325012.92826618, 102220250.0, 187873750.0]","[474615000.0, 534031500.0, 289210848.3775289, 335729250.0, 754862250.0]","[267035500.0, 264193250.0, 99749375.57417339, 197141500.0, 319060000.0]","[253524000.0, 259131642.85714287, 96783895.26052886, 209933500.0, 320073000.0]","[188069000.0, 194629444.44444445, 97149305.55720362, 133917750.0, 250988000.0]","[169388500.0, 234654600.0, 251856978.23322928, 124167500.0, 253570750.0]","[243000500.0, 360978600.0, 316514504.82614535, 175191250.0, 337424250.0]","[321776000.0, 321776000.0, 88881662.22849345, 285975250.0, 357576750.0]","[22582952051.56981, 22582952051.56981, 22582952051.56981, 22582952051.56981, 22582952051.56981]","[1455455500.0, 1455455500.0, 75176918.21463554, 1423865000.0, 1487046000.0]","[255487000.0, 284908500.0, 113663126.07437822, 211061000.0, 341260750.0]","[45478070469.26876, 45478070469.26876, 45478070469.26876, 45478070469.26876, 45478070469.26876]","[347765000.0, 384532250.0, 192838656.4065605, 249272000.0, 547550750.0]","[283291000.0, 333959583.3333333, 250454817.26649433, 178104750.0, 357930000.0]","[689830500.0, 670003875.0, 386168135.9548706, 293055250.0, 1007528250.0]","[225930500.0, 281102000.0, 158278337.88095307, 183136000.0, 325201750.0]","[202062000.0, 197609500.0, 89941941.05296482, 130915250.0, 249910000.0]","[194336500.0, 209438222.2222222, 120584462.44647846, 140813250.0, 279754500.0]","[19407523068.728104, 19407523068.728104, 19407523068.728104, 19407523068.728104, 19407523068.728104]","[183619500.0, 184024750.0, 77513121.95485033, 155520500.0, 213339500.0]","[292144000.0, 460297071.4285714, 392862104.80350196, 163320250.0, 812230000.0]","[301191000.0, 336460142.85714287, 136214791.74758053, 253042250.0, 392223000.0]","[919892338824077.5, 919892338824077.5, 919892338824077.5, 919892338824077.5, 919892338824077.5]","[309251000.0, 881631125.0, 1058897288.5591215, 233609000.0, 948296500.0]","[198094500.0, 228361535.7142857, 124927830.53198072, 167992250.0, 258354250.0]","[189278000.0, 190234958.33333334, 61938334.44206098, 153252500.0, 231287750.0]","[257074500.0, 369586785.71428573, 317716448.8633083, 195037000.0, 375134750.0]","[178327000.0, 178190600.0, 84261153.17060407, 131519500.0, 243992250.0]","[-585120816989.7853, -585120816989.7853, -585120816989.7853, -585120816989.7853, -585120816989.7853]","[278839500.0, 511930800.0, 512569126.6067046, 226520500.0, 385276000.0]","[806949869991989.8, 806949869991989.8, 806949869991989.8, 806949869991989.8, 806949869991989.8]","[700628100163110.8, 700628100163110.8, 700628100163110.8, 700628100163110.8, 700628100163110.8]","[185688500.0, 194324800.0, 100994914.55642705, 117101500.0, 254418500.0]","[255326000.0, 383451071.4285714, 357565149.2185853, 200052250.0, 348142000.0]","[161485500.0, 159179250.0, 96477620.0198134, 113455500.0, 199548000.0]","[393040500.0, 392242500.0, 95956253.78264827, 333018500.0, 453423000.0]","[233356000.0, 238486187.5, 75468246.73597728, 199003000.0, 300092500.0]","[374663000.0, 380048500.0, 76225712.51388864, 341173750.0, 427158500.0]","[1724948786585614.2, 1724948786585614.2, 1724948786585614.2, 1724948786585614.2, 1724948786585614.2]","[159308500.0, 184184538.46153846, 153358832.52522016, 112694000.0, 242800500.0]",[1051],[1],"[203603500.0, 204730230.76923078, 72604892.95246604, 158310000.0, 253359500.0]","[299411203168522.4, 299411203168522.4, 299411203168522.4, 299411203168522.4, 299411203168522.4]","[163276000.0, 171494750.0, 82547830.86906342, 134018750.0, 219560250.0]","[199738000.0, 195493250.0, 62797388.42848085, 145147500.0, 236159000.0]","[241099000.0, 246112000.0, 81974266.05343899, 183001000.0, 286321500.0]"
0,"[198076500.0, 214150833.33333334, 81942416.84137438, 176957250.0, 269801750.0]","[248888000.0, 246121750.0, 63306235.531640165, 200709750.0, 280686000.0]","[269202500.0, 1553130333.3333333, 1872485522.350188, 225490500.0, 4123362500.0]","[228057000.0, 227695600.0, 53383715.352530494, 192552000.0, 262733250.0]","[234297500.0, 234236750.0, 70767000.70433606, 198086000.0, 275382250.0]","[215565000.0, 352689500.0, 329103837.27928483, 148254000.0, 328984250.0]","[940197000.0, 1650862250.0, 1718075421.9114807, 339894500.0, 2277273750.0]","[212156500.0, 212156500.0, 75048971.85338384, 155981000.0, 268332000.0]","[186969500.0, 196411875.0, 103602967.3029898, 130265000.0, 275133750.0]","[199069500.0, 192760214.2857143, 99563976.57083076, 107387750.0, 238168250.0]","[164711000.0, 170420450.0, 72351797.1151892, 131370250.0, 232638750.0]","[612283500.0, 514894166.6666667, 234071563.64020857, 272540000.0, 688527500.0]","[255106500.0, 255106500.0, 69825921.48514763, 210472750.0, 299740250.0]","[5618695000.0, 5618695000.0, 66717834.57217418, 5585952500.0, 5651437500.0]","[23774366702.073265, 23774366702.073265, 23774366702.073265, 23774366702.073265, 23774366702.073265]","[204359500.0, 205551250.0, 63947745.073125914, 180265250.0, 233220750.0]","[183286500.0, 183286500.0, 66389608.47338987, 159405500.0, 207167500.0]","[337843500.0, 337024166.6666667, 159606803.72393975, 220044250.0, 474400750.0]","[13540008719.703478, 13540008719.703478, 13540008719.703478, 13540008719.703478, 13540008719.703478]","[2541038356.8796105, 2541038356.8796105, 2541038356.8796105, 2541038356.8796105, 2541038356.8796105]","[1019541784.8728576, 1019541784.8728576, 1019541784.8728576, 1019541784.8728576, 1019541784.8728576]","[180273000.0, 155045000.0, 71621993.90724891, 79965000.0, 188579250.0]","[165467500.0, 182030937.5, 92134401.65525086, 120179250.0, 234125250.0]","[19407523068.728104, 19407523068.728104, 19407523068.728104, 19407523068.728104, 19407523068.728104]","[173145000.0, 175372750.0, 86118233.37968272, 135011250.0, 215286500.0]","[254408500.0, 248568166.66666666, 116446567.24998619, 147563000.0, 330437750.0]","[322899500.0, 346974000.0, 113853574.22145341, 277786750.0, 415155750.0]","[200532500.0, 546326375.0, 654466181.529542, 141225750.0, 630387250.0]","[218819500.0, 218819500.0, 47978333.529313, 198467250.0, 239171750.0]","[202549500.0, 213062375.0, 70035330.49189797, 188963750.0, 281012750.0]","[161453000.0, 161227500.0, 46516934.72274371, 139660500.0, 182569000.0]","[236767500.0, 245757187.5, 115512996.53297608, 156643000.0, 323195000.0]","[267106000.0, 248879750.0, 129183139.17627755, 155636000.0, 345695750.0]","[-585120816989.7853, -585120816989.7853, -585120816989.7853, -585120816989.7853, -585120816989.7853]","[210256000.0, 210256000.0, 61401909.68121431, 169309750.0, 251202250.0]","[806949869991989.8, 806949869991989.8, 806949869991989.8, 806949869991989.8, 806949869991989.8]","[401489000.0, 401791000.0, 98471995.3768583, 328194000.0, 460197000.0]","[142836500.0, 142217750.0, 64621382.062653996, 103199000.0, 182426250.0]","[235522500.0, 232072500.0, 76485397.81716508, 167113500.0, 282800750.0]","[180916000.0, 174244250.0, 86697695.20256868, 124522000.0, 210623000.0]","[596229500.0, 596229500.0, 64127514.78304769, 563885250.0, 628573750.0]","[222121000.0, 230251666.66666666, 63652358.45765829, 204032500.0, 265549500.0]","[100175003027391.8, 100175003027391.8, 100175003027391.8, 100175003027391.8, 100175003027391.8]","[1724948786585614.2, 1724948786585614.2, 1724948786585614.2, 1724948786585614.2, 1724948786585614.2]","[154599500.0, 155064541.66666666, 75510334.63759512, 100693000.0, 209759250.0]",[1051],[2],"[200337500.0, 203509500.0, 65307893.41713093, 174197250.0, 240240500.0]","[299411203168522.4, 299411203168522.4, 299411203168522.4, 299411203168522.4, 299411203168522.4]","[154390000.0, 154390000.0, 87286354.63232498, 103384500.0, 205395500.0]","[1359005537888146.8, 1359005537888146.8, 1359005537888146.8, 1359005537888146.8, 1359005537888146.8]","[356064500.0, 347809333.3333333, 101759843.87053448, 297454250.0, 421499250.0]"
0,"[177334000.0, 176688500.0, 66827916.30748336, 152611500.0, 200120000.0]","[252409000.0, 252409000.0, 64837370.76717408, 217358000.0, 287460000.0]","[277152000.0, 277152000.0, 65653168.00429359, 233413500.0, 320890500.0]","[221528500.0, 221528500.0, 44215473.176819, 205034250.0, 238022750.0]","[413415500.0, 413415500.0, 49120578.77560076, 373089750.0, 453741250.0]","[190634000.0, 250521125.0, 164405261.9621993, 139312250.0, 296733000.0]","[229925000.0, 225615800.0, 94725712.5898771, 143425750.0, 282925250.0]","[23766842781.717846, 23766842781.717846, 23766842781.717846, 23766842781.717846, 23766842781.717846]","[206982500.0, 230949785.7142857, 91960846.55957709, 173117250.0, 307517000.0]","[225544000.0, 235555833.33333334, 133752198.21921515, 144635250.0, 318105750.0]","[144916000.0, 141224562.5, 78291229.50358868, 78992000.0, 197788750.0]","[26425520640.63461, 26425520640.63461, 26425520640.63461, 26425520640.63461, 26425520640.63461]","[5318585650.039282, 5318585650.039282, 5318585650.039282, 5318585650.039282, 5318585650.039282]","[2667769500.0, 2667769500.0, 73543416.3691761, 2629419750.0, 2706119250.0]","[433525000.0, 433525000.0, 57360494.94643504, 394114250.0, 472935750.0]","[44803575672.94845, 44803575672.94845, 44803575672.94845, 44803575672.94845, 44803575672.94845]","[45478070469.26876, 45478070469.26876, 45478070469.26876, 45478070469.26876, 45478070469.26876]","[250164000.0, 1377956375.0, 2020568955.4576848, 185347750.0, 1459221000.0]","[13540008719.703478, 13540008719.703478, 13540008719.703478, 13540008719.703478, 13540008719.703478]","[233944500.0, 233944500.0, 68273142.23946339, 195468250.0, 272420750.0]","[220731000.0, 220731000.0, 46831399.80824831, 198508000.0, 242954000.0]","[46022775134.04754, 46022775134.04754, 46022775134.04754, 46022775134.04754, 46022775134.04754]","[283780000.0, 309439000.0, 169587547.82500985, 182083750.0, 473632750.0]","[19407523068.728104, 19407523068.728104, 19407523068.728104, 19407523068.728104, 19407523068.728104]","[163731500.0, 155297500.0, 99942736.28058219, 62767500.0, 239393500.0]","[372251500.0, 366820250.0, 96157822.67547192, 301995000.0, 438976500.0]","[267418500.0, 262699500.0, 61240658.62031531, 221217500.0, 299541750.0]","[158519500.0, 160301750.0, 84098391.91053239, 109374500.0, 217210750.0]","[838384250488847.5, 838384250488847.5, 838384250488847.5, 838384250488847.5, 838384250488847.5]","[190940000.0, 195816125.0, 62298812.64405747, 162636750.0, 237898500.0]","[173368000.0, 173368000.0, 43513497.50364822, 156363500.0, 190372500.0]","[194811500.0, 408716714.28571427, 552990927.4092929, 152874500.0, 275891500.0]","[184310500.0, 183085000.0, 79612032.32049789, 139618500.0, 225532250.0]","[-585120816989.7853, -585120816989.7853, -585120816989.7853, -585120816989.7853, -585120816989.7853]","[419144753718024.5, 419144753718024.5, 419144753718024.5, 419144753718024.5, 419144753718024.5]","[806949869991989.8, 806949869991989.8, 806949869991989.8, 806949869991989.8, 806949869991989.8]","[297236000.0, 297236000.0, 56229569.30743823, 273020750.0, 321451250.0]","[140455500.0, 131290875.0, 73082798.12383606, 69058250.0, 173649750.0]","[228932500.0, 263205250.0, 112296686.12068434, 194301500.0, 315727750.0]","[146627000.0, 146627000.0, 77207552.5385956, 110941500.0, 182312500.0]","[560453730156139.6, 560453730156139.6, 560453730156139.6, 560453730156139.6, 560453730156139.6]","[1742114457804861.8, 1742114457804861.8, 1742114457804861.8, 1742114457804861.8, 1742114457804861.8]","[100175003027391.8, 100175003027391.8, 100175003027391.8, 100175003027391.8, 100175003027391.8]","[1724948786585614.2, 1724948786585614.2, 1724948786585614.2, 1724948786585614.2, 1724948786585614.2]","[178092000.0, 281491400.0, 275836118.31002116, 116288500.0, 249464250.0]",[1051],[3],"[184585500.0, 182290600.0, 58574959.08696821, 149368750.0, 215658000.0]","[299411203168522.4, 299411203168522.4, 299411203168522.4, 299411203168522.4, 299411203168522.4]","[140393000.0, 140393000.0, 74141329.61445998, 107683500.0, 173102500.0]","[1359005537888146.8, 1359005537888146.8, 1359005537888146.8, 1359005537888146.8, 1359005537888146.8]","[306010500.0, 299745250.0, 66407172.08834324, 237413750.0, 336940500.0]"
0,"[209488000.0, 217537000.0, 74327114.18136327, 161390250.0, 255956250.0]","[196757000.0, 261822000.0, 243779063.9114583, 141531250.0, 272724500.0]","[185474500.0, 195934479.16666666, 76794235.8314546, 150024750.0, 248211000.0]","[209890000.0, 213774111.1111111, 79207023.84180674, 167207000.0, 270153000.0]","[349619000.0, 406389791.6666667, 209008499.6323872, 270927000.0, 438441750.0]","[239576000.0, 281859761.9047619, 183869203.30299103, 174113000.0, 306161250.0]","[302307000.0, 384007879.3103448, 355472509.23398584, 217435000.0, 396877250.0]","[209840000.0, 276488735.2941176, 250235208.1737957, 130874750.0, 327331000.0]","[188336500.0, 194683000.0, 101657435.98133881, 133673000.0, 243510000.0]","[172051000.0, 188029280.0, 105810488.52123119, 118197500.0, 247037000.0]","[237817500.0, 296181144.7368421, 225674041.12395358, 144251000.0, 396134000.0]","[298796000.0, 297242500.0, 67464781.80317491, 267082000.0, 328014500.0]","[147775000.0, 164364400.0, 73031669.95516397, 120303500.0, 218942250.0]","[294342000.0, 294342000.0, 46695192.777201384, 268254750.0, 320429250.0]","[275025000.0, 275942000.0, 79550369.53769186, 220432500.0, 328918500.0]","[217478000.0, 211115785.7142857, 65736872.78426075, 170769000.0, 239270750.0]","[224524000.0, 392928458.3333333, 439953757.2050878, 144110000.0, 306942000.0]","[249319000.0, 293014909.09090906, 207194601.9483548, 171284000.0, 308713000.0]","[154238500.0, 158517000.0, 86116199.37080032, 105660000.0, 214583250.0]","[244045000.0, 245021714.2857143, 55413045.94514154, 209189250.0, 285423250.0]","[218081000.0, 263134590.9090909, 182747285.71312478, 143298000.0, 307435000.0]","[171047500.0, 176889400.0, 79650145.22422417, 129113000.0, 220480750.0]","[275471000.0, 281772071.4285714, 155362985.58742285, 171208000.0, 414909000.0]","[19407523068.728104, 19407523068.728104, 19407523068.728104, 19407523068.728104, 19407523068.728104]","[110443000.0, 110443000.0, 60090786.72309092, 77934000.0, 142952000.0]","[197701500.0, 247982013.5135135, 184662278.72089013, 127352000.0, 309153500.0]","[185658500.0, 190942083.33333334, 70832762.51137644, 154617000.0, 237475500.0]","[275545000.0, 292754850.0, 126681003.59930648, 179125250.0, 364145000.0]","[184467000.0, 188714500.0, 73582193.01545915, 152454500.0, 235299250.0]","[188604000.0, 190301666.66666666, 58599775.40035646, 159148000.0, 228193000.0]","[204856000.0, 210946900.0, 62406616.34065734, 161595250.0, 247833000.0]","[125897000.0, 138318272.72727272, 70263063.84074962, 85213250.0, 188984750.0]","[894490000.0, 894490000.0, 69601171.31557485, 856740250.0, 932239750.0]","[182441000.0, 186779000.0, 66488760.26442364, 150453500.0, 224633500.0]","[199340500.0, 204438076.92307693, 68032099.47315203, 168843000.0, 249527250.0]","[257902000.0, 264050250.0, 82726186.88140714, 220742250.0, 313432000.0]","[331322000.0, 388161692.3076923, 239322308.34865436, 253545250.0, 409171000.0]","[198338500.0, 180166928.57142857, 79744116.91642596, 123597000.0, 224512000.0]","[189131000.0, 202006227.27272728, 101274639.54444586, 140086500.0, 268173000.0]","[125999000.0, 119725384.61538461, 76691778.47199936, 47066750.0, 151256000.0]","[260193000.0, 261970125.0, 106511552.7829464, 172237500.0, 329876750.0]","[257801000.0, 296784571.4285714, 144227887.33073694, 208985250.0, 337867250.0]","[129583500.0, 137716500.0, 59958456.87432257, 90236250.0, 173385250.0]","[113238500.0, 125755718.75, 68720228.32913463, 89151000.0, 177205000.0]","[148764000.0, 159707254.3859649, 80868536.11337043, 107725750.0, 219353500.0]",[1052],[1],"[235268000.0, 276585869.5652174, 170471519.72277272, 169190750.0, 299919000.0]","[214462000.0, 224585428.57142857, 69463600.02518716, 196956000.0, 296119000.0]","[157162500.0, 168983750.0, 87698441.05049701, 118702750.0, 221108500.0]","[205148500.0, 203777500.0, 53432453.97929988, 176947750.0, 228416250.0]","[226729500.0, 232630333.33333334, 77517522.6215911, 185892000.0, 291936500.0]"
0,"[271378000.0, 382707916.6666667, 274833541.98858815, 189989500.0, 560457500.0]","[189788500.0, 190876500.0, 79008610.6662854, 143152250.0, 261768250.0]","[169718500.0, 177347833.33333334, 82688983.92100902, 123533500.0, 230027750.0]","[197381000.0, 194413833.33333334, 74776887.62727574, 157359500.0, 233179000.0]","[357452500.0, 426334666.6666667, 273597010.9306396, 269702750.0, 458217750.0]","[205964000.0, 208766187.5, 79803330.24122392, 151577500.0, 257644250.0]","[269893500.0, 337539615.38461536, 251378741.08903065, 170176250.0, 439618750.0]","[171166500.0, 192426291.66666666, 110753282.24518494, 124134750.0, 256580750.0]","[148728500.0, 244116555.55555555, 275804418.6397153, 94779000.0, 243826000.0]","[173062500.0, 178700500.0, 90946292.86425038, 105186750.0, 239847500.0]","[217341500.0, 229649441.17647058, 139725361.05458727, 119990750.0, 309072500.0]","[327913500.0, 327692750.0, 74476094.33024466, 279809000.0, 367279750.0]","[190114000.0, 218777500.0, 122942582.51161394, 136919000.0, 286989500.0]","[275684000.0, 284053000.0, 79910173.1054939, 226795250.0, 354675000.0]","[244657500.0, 237635333.33333334, 85455690.50098419, 178579000.0, 298598250.0]","[198010500.0, 201342500.0, 60324154.50712923, 158002000.0, 241175750.0]","[189301500.0, 193278125.0, 95473440.18945464, 132623750.0, 269362000.0]","[227827500.0, 228847600.0, 75622817.82861573, 167097500.0, 286210000.0]","[166378000.0, 167242875.0, 78093110.92205492, 103900000.0, 221732000.0]","[244666000.0, 341996166.6666667, 228255757.665728, 223378250.0, 333882000.0]","[242529500.0, 250507583.33333334, 130198317.92145546, 151910000.0, 340042500.0]","[206700500.0, 365186375.0, 347534292.2538139, 142466500.0, 451092500.0]","[143386500.0, 152622000.0, 92071763.84438753, 103163750.0, 213533250.0]","[19407523068.728104, 19407523068.728104, 19407523068.728104, 19407523068.728104, 19407523068.728104]","[185375000.0, 185375000.0, 76330355.52452248, 144781750.0, 225968250.0]","[207623500.0, 227137833.33333334, 128652668.0303945, 145193500.0, 300045500.0]","[139128000.0, 137858833.33333334, 65569200.40414469, 95364500.0, 175289750.0]","[275330000.0, 267245583.33333334, 68874582.61634976, 231651500.0, 310857000.0]","[194318500.0, 195956500.0, 70752936.38606104, 168087500.0, 225463500.0]","[190631500.0, 190734388.8888889, 58014845.04335353, 151624250.0, 226668250.0]","[190065500.0, 190556250.0, 63242988.968639836, 148472000.0, 235917250.0]","[137466500.0, 138298250.0, 64231367.876704134, 88361500.0, 178047250.0]","[452441734285578.0, 452441734285578.0, 452441734285578.0, 452441734285578.0, 452441734285578.0]","[161350000.0, 292899375.0, 269808251.69388235, 103273000.0, 360968000.0]","[201271500.0, 209223500.0, 75964714.89207745, 165823000.0, 261675500.0]","[247835500.0, 256928666.66666666, 75300765.00754972, 219471750.0, 313714250.0]","[318521000.0, 503333500.0, 402892977.37498885, 268250750.0, 404596500.0]","[143915500.0, 141255625.0, 75113979.24311009, 84832500.0, 184096500.0]","[111997500.0, 114988833.33333333, 62884782.177186735, 84024500.0, 167625250.0]","[122426000.0, 130937750.0, 81387193.02468601, 79364750.0, 180485000.0]","[221989000.0, 230700750.0, 116058495.98397568, 157912000.0, 282880750.0]","[246780500.0, 267008928.57142857, 84412134.68788908, 217246000.0, 313372750.0]","[141696500.0, 141696500.0, 51655277.874095306, 114670000.0, 168723000.0]","[123262000.0, 141468375.0, 89770513.11947802, 89732000.0, 203505000.0]","[149905500.0, 155898780.0, 82423689.12219107, 108889750.0, 212401250.0]",[1052],[2],"[220544000.0, 275996250.0, 215649482.5347857, 172728500.0, 304497750.0]","[254507000.0, 286672166.6666667, 135383329.21119037, 181331500.0, 389949750.0]","[132260000.0, 140725000.0, 83443285.87729512, 94974750.0, 204883750.0]","[183638000.0, 183638000.0, 51046453.53009355, 160348500.0, 206927500.0]","[230417500.0, 248474400.0, 92827608.68804064, 198507500.0, 314766000.0]"
0,"[219707000.0, 255285000.0, 149474893.55982906, 172011250.0, 284065000.0]","[185580000.0, 190207590.9090909, 83696316.17485763, 139124000.0, 255658000.0]","[187257000.0, 231731441.17647058, 162762723.17190683, 143201500.0, 253615000.0]","[213988500.0, 229895533.33333334, 102120078.16250218, 173855000.0, 294510750.0]","[337674500.0, 389024125.0, 227306355.9020829, 247997500.0, 403074750.0]","[210712500.0, 201947666.66666666, 93643724.63906899, 133106250.0, 260793500.0]","[231855000.0, 281217882.35294116, 247527423.46672297, 157133750.0, 319007750.0]","[197739500.0, 214179541.66666666, 134366821.16209567, 112558250.0, 298448500.0]","[157755500.0, 176342375.0, 100624147.44475788, 110400500.0, 222329750.0]","[166374500.0, 195168454.54545453, 136793042.91610715, 108867000.0, 239131500.0]","[223856000.0, 251951975.0, 166253962.18902385, 139353500.0, 326500750.0]","[366145000.0, 694486375.0, 625147717.4639282, 317949500.0, 745131000.0]","[208499500.0, 198539300.0, 76901570.66412883, 131649250.0, 229568750.0]","[484689000.0, 476745750.0, 146610894.34089643, 365921000.0, 585950250.0]","[257617000.0, 261733666.66666666, 113243061.31785244, 188811000.0, 326280500.0]","[209823500.0, 206902166.66666666, 55564799.59145798, 171320000.0, 254389750.0]","[183300500.0, 191303500.0, 86275084.30523264, 134060500.0, 264218000.0]","[249776500.0, 248594800.0, 93465852.83760053, 177360000.0, 291317500.0]","[221206500.0, 289845333.3333333, 176796076.7948643, 164145750.0, 468858750.0]","[254440500.0, 247574500.0, 67667184.9403387, 193990000.0, 276608250.0]","[160081000.0, 158951400.0, 79289359.32670915, 113565000.0, 219041750.0]","[138929000.0, 131754250.0, 67542781.6419897, 65011750.0, 164571250.0]","[148558000.0, 157053416.66666666, 86387095.41115727, 99968750.0, 209827000.0]","[19407523068.728104, 19407523068.728104, 19407523068.728104, 19407523068.728104, 19407523068.728104]","[1549534375.9338427, 1549534375.9338427, 1549534375.9338427, 1549534375.9338427, 1549534375.9338427]","[183649000.0, 196431718.75, 109428643.13324642, 124428250.0, 251071000.0]","[168244000.0, 159762500.0, 68056671.49209791, 109606250.0, 199497000.0]","[284367500.0, 299112900.0, 102718666.98361109, 238659000.0, 368736500.0]","[193309000.0, 195961500.0, 71164986.47684829, 167306000.0, 231983750.0]","[201999000.0, 198725555.55555555, 62241201.14095756, 157159250.0, 237337750.0]","[274284000.0, 279188875.0, 117838354.00447671, 189353750.0, 363451000.0]","[131593500.0, 132043312.5, 69157927.2261311, 92251750.0, 177441500.0]","[111845000.0, 111845000.0, 68167070.77467829, 78914500.0, 144775500.0]","[171882000.0, 171337000.0, 61868103.854086235, 135926500.0, 203284500.0]","[208752000.0, 222984277.7777778, 96789953.37086359, 160436250.0, 275504250.0]","[251868500.0, 250318250.0, 79488548.34778088, 205363250.0, 300524500.0]","[322270000.0, 453367416.6666667, 340896020.1203729, 257908500.0, 416874750.0]","[673339500.0, 684800750.0, 366188086.0451873, 348698250.0, 1038998500.0]","[123690500.0, 142732785.7142857, 83415898.61409476, 95350500.0, 186389000.0]","[134816000.0, 137990833.33333334, 79599018.49775258, 105513250.0, 177368500.0]","[220785500.0, 301500125.0, 227323547.63334435, 129144000.0, 429953500.0]","[241436500.0, 260763750.0, 97279869.65708785, 190471750.0, 319799250.0]","[100175003027391.8, 100175003027391.8, 100175003027391.8, 100175003027391.8, 100175003027391.8]","[119594000.0, 146217562.5, 106143376.76226479, 93634000.0, 185547000.0]","[143789500.0, 157423000.0, 85840635.47935791, 99849000.0, 216461000.0]",[1052],[3],"[221852000.0, 286328900.0, 232867739.82625845, 174605750.0, 280865250.0]","[216863500.0, 215390250.0, 78860392.88633743, 166284500.0, 258533500.0]","[197789000.0, 355175625.0, 359910799.105465, 119070500.0, 444918250.0]","[220659500.0, 220659500.0, 54332494.48764524, 188151500.0, 253167500.0]","[239906500.0, 231583875.0, 69246231.69068028, 190034500.0, 268425000.0]"
0,"[361382500.0, 351701833.3333333, 118899889.56108785, 253273750.0, 425707750.0]","[164308000.0, 169973877.7777778, 87044927.44316041, 105005250.0, 237505250.0]","[203950000.0, 190950125.0, 98834405.45198253, 113823250.0, 256200250.0]","[171122000.0, 260734550.0, 331517323.30754226, 92018250.0, 247533750.0]","[291534000.0, 318695444.4444444, 174695510.01821625, 202542750.0, 393151500.0]","[201302000.0, 222292555.55555555, 128450457.78181572, 154932750.0, 285924500.0]","[175050000.0, 182600846.15384614, 88084005.4797745, 113042500.0, 246719250.0]","[231463500.0, 313007750.0, 280667158.5295695, 167114500.0, 321784500.0]","[213011000.0, 243136625.0, 165239705.60252574, 101007500.0, 363123500.0]","[182632500.0, 186621687.5, 89022647.64318316, 135394500.0, 244740750.0]","[186406500.0, 206577375.0, 127188770.96975532, 109686000.0, 266917500.0]","[207634500.0, 201207833.33333334, 94995552.08432421, 141622750.0, 256247750.0]","[137685500.0, 153516166.66666666, 89113410.29444197, 102027500.0, 223624000.0]","[193178500.0, 312244500.0, 322173868.80460644, 123949000.0, 346857500.0]","[173106000.0, 187936600.0, 99312031.52525546, 122254250.0, 261257000.0]","[143593500.0, 171684750.0, 106416116.45064624, 107168750.0, 243412500.0]","[264690500.0, 279203142.85714287, 118172721.99010658, 217520000.0, 381221500.0]","[207596000.0, 214588250.0, 93054011.0318522, 154502250.0, 282701250.0]","[217479500.0, 285615200.0, 199390120.7258273, 157211750.0, 328793000.0]","[216217000.0, 237785952.3809524, 124847178.40241867, 172544750.0, 290014750.0]","[130836000.0, 250999916.66666666, 316080692.0284118, 78618500.0, 205086750.0]","[116513500.0, 113468250.0, 79113029.40058294, 62014250.0, 158831750.0]","[138927500.0, 149861312.5, 100860808.03402947, 87586000.0, 220768750.0]","[213570500.0, 210665000.0, 87144915.709409, 148929500.0, 273636250.0]","[181173000.0, 190766388.8888889, 116118130.23628561, 115756000.0, 265731500.0]","[139640000.0, 148660900.0, 91046866.16951734, 90633250.0, 222304000.0]","[221749000.0, 222983000.0, 99278613.67300278, 154594000.0, 283138000.0]","[197122500.0, 237881156.25, 217934377.27675468, 140356500.0, 275791250.0]","[141895000.0, 136661500.0, 83903835.66073325, 82421500.0, 181639000.0]","[210605000.0, 209685107.14285713, 73255062.21480986, 160820750.0, 252628750.0]","[1267038167644415.8, 1267038167644415.8, 1267038167644415.8, 1267038167644415.8, 1267038167644415.8]","[194951000.0, 222950500.0, 144664659.6120951, 115106750.0, 295763250.0]","[166211500.0, 163612214.2857143, 91055793.033862, 73272250.0, 219007500.0]","[235165000.0, 254745400.0, 106412646.77913053, 188038250.0, 317068250.0]","[229494500.0, 252885583.33333334, 149506689.8550353, 145243250.0, 325432250.0]","[132311500.0, 132311500.0, 87839000.31449583, 94606000.0, 170017000.0]","[136770000.0, 140727625.0, 77472260.34836194, 90655250.0, 194539500.0]","[1285707944852262.0, 1285707944852262.0, 1285707944852262.0, 1285707944852262.0, 1285707944852262.0]","[162120500.0, 187222625.0, 125651082.00010405, 119104250.0, 253546250.0]","[129246500.0, 132342625.0, 82201984.2209382, 88520500.0, 175036500.0]","[215008000.0, 238116125.0, 170299461.42391655, 130478500.0, 290130750.0]","[171257500.0, 187516791.66666666, 113707130.14142193, 116378500.0, 258309250.0]","[128683000.0, 122696750.0, 75232218.96360296, 76498250.0, 159691750.0]","[156491000.0, 191446900.0, 126387152.11005427, 111241000.0, 274028500.0]","[144531000.0, 200491523.80952382, 176413028.18180194, 90975500.0, 255529000.0]",[1053],[1],"[186295000.0, 202781230.76923078, 134243246.99640968, 109710250.0, 268724500.0]","[235619000.0, 242875333.33333334, 101507320.15051372, 171084500.0, 300620250.0]","[226066500.0, 226066500.0, 90017066.82207547, 184825500.0, 267307500.0]","[166975000.0, 158121000.0, 83372747.24392858, 88545750.0, 222111250.0]","[198822000.0, 198822000.0, 83800545.86039402, 167837750.0, 229806250.0]"
0,"[265145500.0, 291001250.0, 190717053.58598855, 147617750.0, 408606750.0]","[172278500.0, 174714436.17021278, 83370439.36705962, 120404000.0, 228360500.0]","[148332000.0, 169562357.14285713, 127196772.09288228, 92844250.0, 224665000.0]","[148749000.0, 149837714.2857143, 79179038.36101769, 103710750.0, 195229750.0]","[228323000.0, 234055227.27272728, 121771014.2689331, 145121500.0, 318411250.0]","[209716500.0, 225422350.0, 99342275.50382313, 151269500.0, 291294500.0]","[167419500.0, 181382807.69230768, 97171943.92139645, 117305000.0, 252278750.0]","[215845000.0, 282936500.0, 229137372.68626106, 152552500.0, 314567500.0]","[155245000.0, 241503833.33333334, 247966416.56980935, 106375250.0, 254734000.0]","[221370000.0, 252850157.89473686, 173380010.65958315, 122910250.0, 324633250.0]","[194421000.0, 190368357.14285713, 105731057.70748667, 106491000.0, 266194250.0]","[214920000.0, 464796333.3333333, 432907693.24867505, 137141750.0, 978106500.0]","[168675000.0, 176940583.33333334, 110263816.58395343, 105031500.0, 238219000.0]","[159466500.0, 171978944.44444445, 99833646.46248734, 119054500.0, 259445500.0]","[233455500.0, 266050000.0, 193734675.08153352, 156332000.0, 288119500.0]","[148238000.0, 150004000.0, 76345655.12522635, 112084750.0, 193292250.0]","[271416500.0, 289186437.5, 158491269.44881254, 154111500.0, 360260000.0]","[184692500.0, 207129000.0, 120103187.5257811, 136619500.0, 268669750.0]","[203058000.0, 219413000.0, 145106393.02422205, 115529500.0, 309001000.0]","[228857000.0, 249228130.4347826, 98879018.88454367, 187672500.0, 321645000.0]","[123666000.0, 129748181.81818181, 75995109.81314783, 80490750.0, 188374250.0]","[132906500.0, 137462000.0, 79420328.96085234, 89838500.0, 185762250.0]","[293940000.0, 405608428.5714286, 290811483.5007169, 159526250.0, 686146500.0]","[19407523068.728104, 19407523068.728104, 19407523068.728104, 19407523068.728104, 19407523068.728104]","[174611500.0, 176663642.85714287, 97118066.39278014, 121089000.0, 248950250.0]","[156819500.0, 180075175.0, 115614142.25407018, 110117750.0, 245820000.0]","[299891000.0, 299891000.0, 88547979.3163006, 264770000.0, 335012000.0]","[186882000.0, 194569187.5, 86709631.71464774, 148764500.0, 251770750.0]","[140751500.0, 139923600.0, 77943547.61838853, 70709750.0, 185943500.0]","[204347000.0, 370930406.25, 525353936.2835461, 159435750.0, 294363500.0]","[1267038167644415.8, 1267038167644415.8, 1267038167644415.8, 1267038167644415.8, 1267038167644415.8]","[174676500.0, 182834653.84615386, 106194362.77517904, 99013000.0, 257943500.0]","[199577500.0, 193916812.5, 92234049.26850411, 120006500.0, 263603000.0]","[169626000.0, 179331416.66666666, 90618273.76138356, 109391750.0, 221580750.0]","[194175500.0, 220188214.2857143, 126742036.38672563, 127040000.0, 280211000.0]","[164532500.0, 181702200.0, 101562106.62673357, 117225000.0, 252572000.0]","[120013500.0, 123097416.66666667, 69463757.75294426, 75693000.0, 170456250.0]","[1285707944852262.0, 1285707944852262.0, 1285707944852262.0, 1285707944852262.0, 1285707944852262.0]","[130589500.0, 129747166.66666667, 82154861.23558903, 71708500.0, 181911000.0]","[128926500.0, 128926500.0, 81420898.83592542, 92033500.0, 165819500.0]","[246918500.0, 314548250.0, 265420524.99300522, 152528500.0, 331136750.0]","[196862500.0, 950328277.7777778, 1892373406.0531502, 132586250.0, 331584500.0]","[161436000.0, 402659125.0, 485416007.072397, 101260500.0, 482692000.0]","[150479000.0, 161854166.66666666, 107143489.38287799, 103089500.0, 248344750.0]","[145037500.0, 192532952.3809524, 179751795.78213534, 98857250.0, 238402250.0]",[1053],[2],"[178000000.0, 268975100.0, 270099320.8343121, 126129500.0, 285014250.0]","[196696500.0, 195129500.0, 63983768.451459624, 166226500.0, 220329250.0]","[137942500.0, 154253000.0, 87369800.30212575, 95771500.0, 213022000.0]","[208024500.0, 253228400.0, 154455362.72201753, 166047250.0, 327731500.0]","[1864369258744477.0, 1864369258744477.0, 1864369258744477.0, 1864369258744477.0, 1864369258744477.0]"
0,"[1194565500.0, 1185660500.0, 754615240.6352525, 442122500.0, 1933732000.0]","[171244500.0, 197960066.66666666, 124493817.72386219, 126517750.0, 262382250.0]","[195854000.0, 191405650.0, 99672214.51877901, 111945750.0, 246814500.0]","[163196000.0, 171104937.5, 88256184.64622518, 117827250.0, 241084750.0]","[262488500.0, 286030750.0, 155945330.16032413, 161241250.0, 408077750.0]","[213254500.0, 237256661.29032257, 128946845.36178559, 163094250.0, 298299500.0]","[222104500.0, 244490200.0, 139813677.93570843, 143303500.0, 347072000.0]","[249605500.0, 305429642.85714287, 200030479.25007653, 192971250.0, 317304000.0]","[201156000.0, 201655375.0, 111301401.49773216, 121874500.0, 264727500.0]","[240988500.0, 244603150.0, 122937754.44987394, 148030500.0, 344904500.0]","[126387500.0, 137288250.0, 85379784.14963053, 95118250.0, 189410000.0]","[201282000.0, 188307166.66666666, 100693314.89712822, 121078000.0, 232911500.0]","[160340000.0, 180135666.66666666, 106151690.15873255, 119891250.0, 261360250.0]","[225102500.0, 286001812.5, 238280495.85670003, 148224750.0, 319555500.0]","[186254500.0, 201247285.7142857, 103592938.33105238, 145837000.0, 281492750.0]","[157764000.0, 157764000.0, 58602854.30335283, 136185750.0, 179342250.0]","[187369000.0, 218193583.33333334, 150632841.1754103, 111064000.0, 306748000.0]","[165205000.0, 183842916.66666666, 99099984.57888237, 141385000.0, 264650750.0]","[180927000.0, 201294714.2857143, 139490566.1072403, 114312250.0, 270430000.0]","[231289000.0, 267918217.39130434, 137908394.30782098, 199378000.0, 322957500.0]","[113990500.0, 119649375.0, 65304794.54534233, 82913500.0, 157957750.0]","[131774000.0, 139387250.0, 76163148.46064007, 104377750.0, 190556500.0]","[173842000.0, 170179666.66666666, 91737537.06665312, 100768000.0, 232465750.0]","[19407523068.728104, 19407523068.728104, 19407523068.728104, 19407523068.728104, 19407523068.728104]","[208763500.0, 208763500.0, 89238382.77473432, 175877000.0, 241650000.0]","[180130500.0, 181127909.0909091, 103746496.43521774, 110916250.0, 256330250.0]","[299266000.0, 299266000.0, 93981243.89738625, 256468250.0, 342063750.0]","[202930000.0, 194252000.0, 93151129.10978895, 123604500.0, 252277750.0]","[191012000.0, 191012000.0, 72273400.78479773, 153690000.0, 228334000.0]","[210460500.0, 394839437.5, 699271341.2948124, 176343250.0, 296157500.0]","[219837000.0, 219837000.0, 94781641.59002523, 173613250.0, 266060750.0]","[144320500.0, 158265625.0, 104060579.92635527, 79045250.0, 221759000.0]","[452441734285578.0, 452441734285578.0, 452441734285578.0, 452441734285578.0, 452441734285578.0]","[197513500.0, 218706500.0, 95731934.41018867, 157566250.0, 280646000.0]","[223150000.0, 224514590.9090909, 114647209.82199702, 131074000.0, 282716500.0]","[806949869991989.8, 806949869991989.8, 806949869991989.8, 806949869991989.8, 806949869991989.8]","[158408000.0, 164671500.0, 91146278.60569331, 111943000.0, 233050250.0]","[202889500.0, 202889500.0, 79206189.0968755, 160254500.0, 245524500.0]","[162946500.0, 174462333.33333334, 90603533.79912336, 127251500.0, 229087250.0]","[754026000.0, 744550000.0, 495629133.35804826, 258389000.0, 1215037500.0]","[193296000.0, 211360277.7777778, 135930130.92304507, 105542500.0, 259077750.0]","[167759000.0, 189724750.0, 100370219.57825688, 141340000.0, 268983500.0]","[162707500.0, 160984000.0, 91094209.52051051, 104135000.0, 207373000.0]","[165260000.0, 165260000.0, 88076570.44299579, 118582000.0, 211938000.0]","[140044000.0, 153420625.0, 94253990.15252285, 104777250.0, 225137250.0]",[1053],[3],"[170141000.0, 233928227.27272728, 208091255.29678997, 129563750.0, 263346500.0]","[247241500.0, 253550000.0, 78114929.4853423, 222502750.0, 295630500.0]","[211107000.0, 211107000.0, 104591018.62253757, 172014250.0, 250199750.0]","[182513000.0, 177341166.66666666, 93631703.49047258, 102685250.0, 248314500.0]","[215753000.0, 215753000.0, 72662723.26647274, 172651250.0, 258854750.0]"
0,"[177944500.0, 173853833.33333334, 65293685.75946342, 115608750.0, 226463500.0]","[174571000.0, 173619775.0, 92183666.10346094, 125379250.0, 241483750.0]","[183780000.0, 179916400.0, 98289586.85947695, 106792750.0, 246001250.0]","[171499000.0, 191600541.66666666, 104346346.69234918, 114483250.0, 251957500.0]","[249136000.0, 257697363.63636363, 85451571.62688191, 206014500.0, 312573000.0]","[266011000.0, 271471650.0, 103723697.09149158, 204398000.0, 345057500.0]","[210772500.0, 230740976.19047618, 150326418.86487395, 125646000.0, 270924750.0]","[119863000.0, 121032000.0, 69650898.84775357, 85226750.0, 182001250.0]","[195365500.0, 190962571.42857143, 113328566.80527534, 104402000.0, 279732000.0]","[159203500.0, 218799825.0, 199011432.35470012, 106639000.0, 242838750.0]","[185639000.0, 198590763.15789473, 115260401.5669083, 116661000.0, 274807000.0]","[137207000.0, 137207000.0, 72117857.79195054, 110443250.0, 163970750.0]","[153316000.0, 153313038.46153846, 84097006.61529142, 90854000.0, 218708500.0]","[241701500.0, 247139750.0, 78227055.87383115, 175130000.0, 290882000.0]","[217546500.0, 234448018.5185185, 91663300.72102866, 183501000.0, 285794000.0]","[243624000.0, 264685300.0, 129833500.65453061, 172570750.0, 328268000.0]","[116222000.0, 117097150.0, 66546193.08816621, 74361500.0, 157489000.0]","[234824500.0, 223429375.0, 78814138.89681771, 158797500.0, 260601000.0]","[224120000.0, 225246833.33333334, 98207534.40758333, 143158250.0, 288682750.0]","[2541038356.8796105, 2541038356.8796105, 2541038356.8796105, 2541038356.8796105, 2541038356.8796105]","[101236500.0, 103147750.0, 62175179.61604534, 73912250.0, 145053000.0]","[136473500.0, 136208666.66666666, 70841763.06839694, 92583750.0, 194473000.0]","[170514500.0, 163271000.0, 75526536.84301962, 111644000.0, 206589500.0]","[133106500.0, 137174083.33333334, 86229868.33261271, 84301250.0, 206743750.0]","[161917000.0, 171091125.0, 98147131.4372426, 106838500.0, 265791000.0]","[114247000.0, 118650500.0, 68555345.82820657, 66799500.0, 159244000.0]","[157627500.0, 152936000.0, 88570420.62470046, 86793000.0, 212881750.0]","[175546000.0, 182706833.33333334, 80816149.57712488, 138986500.0, 233592000.0]","[838384250488847.5, 838384250488847.5, 838384250488847.5, 838384250488847.5, 838384250488847.5]","[128754500.0, 142373600.0, 85778022.29790565, 102944250.0, 208000000.0]","[578827500.0, 578827500.0, 72056279.61010754, 541163750.0, 616491250.0]","[135543000.0, 137447777.7777778, 74089158.8636103, 92594000.0, 191331750.0]","[290642000.0, 315744227.27272725, 150647151.02816546, 223233000.0, 394716750.0]","[-585120816989.7853, -585120816989.7853, -585120816989.7853, -585120816989.7853, -585120816989.7853]","[195804500.0, 206550250.0, 81925088.71333311, 151808250.0, 249047500.0]","[364262000.0, 364262000.0, 119105137.99370706, 281611250.0, 446912750.0]","[127499500.0, 137048125.0, 79515273.18609534, 96460000.0, 200068750.0]","[138278500.0, 161028000.0, 90878703.24320582, 90487000.0, 210859000.0]","[175684500.0, 175684500.0, 69555469.03191726, 126010000.0, 225359000.0]","[172297000.0, 198494666.66666666, 137421072.07735243, 104168000.0, 251409000.0]","[126714500.0, 129383928.57142857, 88302908.33461852, 46411000.0, 172887250.0]","[215869000.0, 348071650.0, 330876257.18110615, 153699000.0, 285266000.0]","[114569000.0, 110920166.66666667, 63513421.86345778, 75672250.0, 145009250.0]","[146263500.0, 152278500.0, 75665949.27541715, 113305500.0, 197266500.0]","[152173000.0, 166498863.63636363, 90109190.87218848, 110464250.0, 218107000.0]",[1054],[1],"[269937000.0, 575185300.0, 605495354.2759103, 156566500.0, 665157250.0]","[228992500.0, 223923500.0, 62222537.92035487, 185106500.0, 252179000.0]","[140371000.0, 140371000.0, 98428351.33232701, 91329500.0, 189412500.0]","[1359005537888146.8, 1359005537888146.8, 1359005537888146.8, 1359005537888146.8, 1359005537888146.8]","[146738000.0, 159028875.0, 92956222.06102921, 103931500.0, 219678500.0]"
0,"[182594000.0, 212845166.66666666, 109367241.3772617, 146569000.0, 264867500.0]","[163063500.0, 195546875.0, 170996978.91729409, 90289000.0, 240952500.0]","[202104000.0, 229776421.0526316, 143708102.5196436, 134132750.0, 298566000.0]","[155917500.0, 212899181.8181818, 156802910.10768795, 119521250.0, 272460000.0]","[232093000.0, 244941852.94117647, 84572508.30783238, 201742000.0, 309517000.0]","[265329000.0, 280322100.0, 127386084.4707537, 184325750.0, 356077000.0]","[200703000.0, 195790000.0, 80579834.8917395, 138798000.0, 246302250.0]","[198533500.0, 192377346.15384614, 97740846.9017559, 121452750.0, 261790750.0]","[173989000.0, 219264266.66666666, 210413746.45317787, 107711250.0, 265961000.0]","[133899500.0, 147740409.0909091, 84830233.01271626, 91124000.0, 195116000.0]","[153592000.0, 170975217.39130434, 107449260.22959639, 105203000.0, 223415750.0]","[118716000.0, 118716000.0, 75630890.58050288, 87168500.0, 150263500.0]","[165474500.0, 175270750.0, 107691273.95112047, 106331250.0, 239543250.0]","[252628000.0, 235700400.0, 67707538.78217699, 186007500.0, 275214500.0]","[209823000.0, 274308442.85714287, 283817158.80827904, 154395000.0, 268067500.0]","[154528000.0, 155254214.2857143, 82344850.97978291, 106195750.0, 215400750.0]","[130371000.0, 166253812.5, 121970575.48401722, 91513750.0, 209130000.0]","[189136000.0, 189255250.0, 85585741.15244022, 124815500.0, 242272500.0]","[145286000.0, 153427555.55555555, 81976815.07646078, 102993250.0, 221204750.0]","[246768000.0, 240601250.0, 112936621.45175718, 178250500.0, 308684000.0]","[105153000.0, 106498681.81818181, 68289191.67001623, 50513000.0, 147506000.0]","[136513000.0, 213124647.05882353, 211344216.78826705, 104028500.0, 221470000.0]","[134530000.0, 140303687.5, 82777678.23152776, 76749000.0, 192420000.0]","[203145000.0, 194037250.0, 102579953.81134415, 116722250.0, 272828500.0]","[181140000.0, 195845900.0, 113588288.22810033, 135790250.0, 265755250.0]","[113833000.0, 135047785.7142857, 89058827.68724002, 88829500.0, 200398250.0]","[177875000.0, 181516050.0, 91231545.37520176, 108748250.0, 237028000.0]","[191892500.0, 188459200.0, 88139386.6523928, 123667250.0, 229892250.0]","[838384250488847.5, 838384250488847.5, 838384250488847.5, 838384250488847.5, 838384250488847.5]","[138773000.0, 152148875.0, 87807597.39116755, 115879000.0, 224607250.0]","[186454500.0, 184237166.66666666, 90228419.89531656, 129834000.0, 233097000.0]","[151780500.0, 158474772.72727272, 91653332.40627763, 93946000.0, 241475500.0]","[279004000.0, 268414633.33333334, 82487991.64948529, 205670000.0, 323530000.0]","[-585120816989.7853, -585120816989.7853, -585120816989.7853, -585120816989.7853, -585120816989.7853]","[195394000.0, 224134125.0, 95975095.42663158, 165267750.0, 283002000.0]","[296363500.0, 286720000.0, 101703812.99636705, 221127250.0, 342669250.0]","[194693000.0, 209972722.2222222, 129348319.64024957, 128518000.0, 315193000.0]","[131511000.0, 127162100.0, 71208486.26455979, 85404000.0, 172713500.0]","[82595000.0, 82595000.0, 56550920.425754346, 59686000.0, 105504000.0]","[123423000.0, 124879285.71428572, 70379663.18874526, 92006000.0, 163546500.0]","[243244500.0, 265611857.14285713, 157536308.20288345, 118129500.0, 389139500.0]","[238513000.0, 229429611.1111111, 103122479.1676485, 166527000.0, 324959000.0]","[132153000.0, 120189833.33333333, 62456729.900032036, 76908750.0, 148718750.0]","[120038500.0, 117428600.0, 71992952.19700329, 76131000.0, 165251250.0]","[139917000.0, 154719066.66666666, 98881034.89684236, 94551750.0, 209747750.0]",[1054],[2],"[228205000.0, 224212000.0, 108770405.99124378, 154377000.0, 297036000.0]","[214966000.0, 212971000.0, 68913583.92581248, 172101000.0, 244402250.0]","[147478500.0, 149094250.0, 77977897.9226646, 105336250.0, 197910750.0]","[1359005537888146.8, 1359005537888146.8, 1359005537888146.8, 1359005537888146.8, 1359005537888146.8]","[129606000.0, 147042000.0, 86399426.9852237, 110899000.0, 217848250.0]"
0,"[181969500.0, 186332312.5, 72116152.23999645, 134301250.0, 230465000.0]","[156045000.0, 169246937.5, 97186777.08217868, 124320750.0, 243994750.0]","[212069000.0, 209406650.0, 98091943.37802416, 138050750.0, 264453000.0]","[147001000.0, 158040166.66666666, 85084996.52781852, 111916500.0, 212671250.0]","[216975000.0, 222663029.4117647, 70713906.6192222, 187017000.0, 274212000.0]","[234379000.0, 260803125.0, 145651273.14698812, 183305000.0, 296856500.0]","[202806000.0, 213241868.42105263, 100882330.95364411, 141774500.0, 270709000.0]","[201716000.0, 191538500.0, 93214938.58215538, 131423000.0, 255110250.0]","[206284000.0, 193241500.0, 91250515.40174079, 116855000.0, 249863500.0]","[114854500.0, 125208894.73684211, 73322084.5702423, 83315750.0, 181680250.0]","[175650500.0, 193267088.2352941, 133224036.52127352, 109087000.0, 235067500.0]","[26425520640.63461, 26425520640.63461, 26425520640.63461, 26425520640.63461, 26425520640.63461]","[183418500.0, 186986033.33333334, 113311176.2400289, 111274750.0, 258888000.0]","[723071000.0, 720012750.0, 499077375.7313965, 236605500.0, 1211293750.0]","[209319000.0, 267244283.33333334, 217719494.7313394, 159978500.0, 283166750.0]","[213104000.0, 210256375.0, 79069636.97105466, 151904000.0, 262945250.0]","[130080500.0, 174442038.46153846, 126643272.42084381, 103217750.0, 222389500.0]","[199175000.0, 212513384.6153846, 103795593.94627386, 131436500.0, 262517750.0]","[154970000.0, 154215625.0, 71857416.86133988, 108296750.0, 201392000.0]","[175735500.0, 191785500.0, 85181014.96665792, 142852500.0, 251274500.0]","[113948000.0, 115672928.57142857, 66870643.6134767, 71913000.0, 163860250.0]","[128735500.0, 187365461.53846154, 180690943.75357115, 86742750.0, 209280250.0]","[138906500.0, 140554714.2857143, 79503725.30798125, 99329000.0, 185575250.0]","[130968500.0, 130968500.0, 88315711.37827063, 90666250.0, 171270750.0]","[210566500.0, 218029875.0, 126696666.18881246, 122809750.0, 277055750.0]","[119457500.0, 123508125.0, 60193967.65755996, 83975000.0, 169356000.0]","[108981000.0, 114686875.0, 71484447.74203949, 80853250.0, 156077500.0]","[193935500.0, 189489250.0, 79115438.05217475, 145203750.0, 228031000.0]","[139794500.0, 139794500.0, 67668018.24532768, 112388500.0, 167200500.0]","[161645000.0, 164899900.0, 80408434.30816197, 110276750.0, 225758500.0]","[405870000.0, 387534250.0, 214816687.15078327, 200789250.0, 587886000.0]","[167395500.0, 155865833.33333334, 84624932.65564364, 92985250.0, 200917000.0]","[255579500.0, 247594875.0, 92202253.44444881, 200630250.0, 315330750.0]","[-585120816989.7853, -585120816989.7853, -585120816989.7853, -585120816989.7853, -585120816989.7853]","[265686500.0, 287774500.0, 148724070.93254945, 159328750.0, 400573250.0]","[267593000.0, 278989250.0, 118351540.41218686, 203123000.0, 365217250.0]","[131119000.0, 392440875.0, 493039517.4355798, 93290500.0, 452964000.0]","[117801500.0, 117801500.0, 70565727.51874666, 84091000.0, 151512000.0]","[136173000.0, 137482750.0, 64115434.06183491, 97760750.0, 168641500.0]","[101472000.0, 94292500.0, 61677198.527900085, 54941250.0, 129029000.0]","[205466000.0, 205466000.0, 72232094.7259596, 171950250.0, 238981750.0]","[327828500.0, 527175900.0, 374144760.38385195, 219587250.0, 966083000.0]","[91857000.0, 91857000.0, 53623906.986529805, 66599250.0, 117114750.0]","[121987500.0, 123541250.0, 65967700.789382525, 95063750.0, 155252250.0]","[136702500.0, 148454015.625, 96120985.49793123, 88024000.0, 195149000.0]",[1054],[3],"[413201000.0, 357090125.0, 203558371.7160065, 157126500.0, 530055500.0]","[199193500.0, 199899166.66666666, 60953807.019241124, 162997750.0, 228018500.0]","[376942537678620.2, 376942537678620.2, 376942537678620.2, 376942537678620.2, 376942537678620.2]","[1359005537888146.8, 1359005537888146.8, 1359005537888146.8, 1359005537888146.8, 1359005537888146.8]","[151529500.0, 152802500.0, 69670791.36374152, 113784000.0, 199317000.0]"
0,"[224519000.0, 251531785.7142857, 168399129.38427755, 124654250.0, 348310250.0]","[210510000.0, 266809235.29411766, 222773967.0607934, 142044750.0, 320121750.0]","[198402500.0, 219669550.0, 138078311.04267424, 117142250.0, 287195750.0]","[196793000.0, 214297538.46153846, 133682346.25531317, 136538000.0, 272597000.0]","[245634500.0, 255590444.44444445, 97674357.6944568, 198313750.0, 313946500.0]","[203026000.0, 239803875.0, 180322722.09749675, 137866750.0, 305069250.0]","[233471500.0, 246263029.4117647, 123343975.77673139, 172892500.0, 337932000.0]","[214023000.0, 297306900.0, 249373069.08112594, 109233000.0, 445211500.0]","[176515000.0, 219337119.04761904, 168311411.3557285, 126022250.0, 275637750.0]","[176360500.0, 230992916.66666666, 240376485.17752025, 115988750.0, 281617500.0]","[157676500.0, 175350475.0, 106227981.9188399, 116792500.0, 242643250.0]","[339979000.0, 343560625.0, 170976325.50256592, 221241500.0, 455779250.0]","[271281500.0, 237791375.0, 110129227.27237022, 164864500.0, 295353750.0]","[269593500.0, 258558875.0, 137448353.34880108, 128707000.0, 321859500.0]","[243282500.0, 247756718.75, 110619589.4414825, 185629250.0, 324460250.0]","[204669500.0, 214295375.0, 72152341.63462315, 162476500.0, 263558500.0]","[243143500.0, 302448000.0, 253148594.56206745, 148057250.0, 318578750.0]","[238393500.0, 248573958.33333334, 116627920.9978894, 169581500.0, 307074000.0]","[256178000.0, 275018428.5714286, 152807471.66250658, 145449500.0, 383529250.0]","[157080000.0, 151928333.33333334, 104373663.94381082, 83848250.0, 197428500.0]","[185156500.0, 184232125.0, 98099250.7093422, 114726000.0, 247000000.0]","[189195500.0, 191848437.5, 102518063.68664303, 125667500.0, 250796500.0]","[243728500.0, 327487500.0, 244333475.43053585, 144056750.0, 476102250.0]","[238713500.0, 238713500.0, 82564462.12657113, 186397000.0, 291030000.0]","[123814500.0, 123814500.0, 85950621.90729047, 93357000.0, 154272000.0]","[232974000.0, 399226833.3333333, 434421557.0986001, 161179000.0, 318435750.0]","[181496000.0, 199704812.5, 115199762.32897507, 119899250.0, 270801500.0]","[133400000.0, 133400000.0, 92764583.59740531, 73061500.0, 193738500.0]","[838384250488847.5, 838384250488847.5, 838384250488847.5, 838384250488847.5, 838384250488847.5]","[233382500.0, 237282500.0, 124228829.30768965, 156723250.0, 322023500.0]","[204041500.0, 201556666.66666666, 75415602.81349094, 149343250.0, 257954250.0]","[170815000.0, 168000083.33333334, 80827770.0689954, 117403250.0, 223525750.0]","[261431500.0, 252666250.0, 130819381.44274531, 163476500.0, 338058000.0]","[222151000.0, 242060000.0, 118183177.39968626, 156991000.0, 309690000.0]","[276371500.0, 283358214.28571427, 94620720.06978975, 224344750.0, 337886500.0]","[179020000.0, 179020000.0, 73932388.47758132, 139888500.0, 218151500.0]","[507127500.0, 510657375.0, 185250292.20316866, 373710250.0, 653499250.0]","[310557500.0, 278050166.6666667, 134539357.83742076, 179404250.0, 367012750.0]","[158267500.0, 171600166.66666666, 83075212.66381982, 124392500.0, 238713500.0]","[220434500.0, 220348071.42857143, 125006925.79639867, 152403500.0, 286813250.0]","[169963500.0, 213527071.42857143, 157201491.3335586, 111082500.0, 266479250.0]","[263715000.0, 294733900.0, 177346952.8793489, 197416000.0, 332820750.0]","[129113000.0, 134678750.0, 65710936.65393532, 96668000.0, 186536500.0]","[219879500.0, 275963187.5, 204401357.4363924, 138439500.0, 365919500.0]","[155137000.0, 187018375.0, 140613876.27591574, 104157250.0, 242005750.0]",[1055],[1],"[234088000.0, 283131750.0, 162568508.63924262, 178625000.0, 347657750.0]","[299411203168522.4, 299411203168522.4, 299411203168522.4, 299411203168522.4, 299411203168522.4]","[147751000.0, 148500300.0, 83708312.34835643, 87256500.0, 195395250.0]","[346794500.0, 347048250.0, 76341856.5708714, 302057500.0, 396046500.0]","[185403000.0, 180420375.0, 78043549.69572677, 129542000.0, 216022250.0]"
0,"[196730000.0, 213918100.0, 107445780.40244296, 151164750.0, 308557500.0]","[178320500.0, 246060357.14285713, 237036449.5231464, 134749250.0, 288777500.0]","[272497000.0, 278337416.6666667, 124739419.9935465, 168454750.0, 364175500.0]","[181105500.0, 182155035.7142857, 87430137.11570027, 130187000.0, 254925500.0]","[230888000.0, 263285964.2857143, 118237425.14382483, 206360500.0, 340400250.0]","[207901000.0, 200549791.66666666, 110559622.46848197, 104014500.0, 283043000.0]","[237675000.0, 261806000.0, 153422074.39542106, 162758500.0, 376082000.0]","[160249000.0, 160788857.14285713, 88281691.51549338, 86808500.0, 227974750.0]","[153055000.0, 159333666.66666666, 89911063.57967176, 112157250.0, 229612500.0]","[167194500.0, 246630218.75, 304883238.2993359, 118378500.0, 264878250.0]","[147500500.0, 149536611.1111111, 88264257.1553293, 87372750.0, 210622500.0]","[296490500.0, 314114500.0, 143993331.59038997, 221644250.0, 412726250.0]","[224583000.0, 210992750.0, 96313085.16791734, 130002500.0, 267537500.0]","[284370500.0, 314254350.0, 196683379.4056516, 158652500.0, 428028250.0]","[276145500.0, 290126680.0, 130790344.53528135, 206528250.0, 372005000.0]","[218539000.0, 218339250.0, 71778962.9030505, 169650000.0, 269984500.0]","[221069500.0, 359471210.5263158, 489227671.9501043, 127454750.0, 367031750.0]","[224505500.0, 226160200.0, 119825274.54767907, 142038250.0, 307403750.0]","[198300000.0, 193348875.0, 108775387.6503521, 119655500.0, 251914750.0]","[159399000.0, 159399000.0, 109098778.09810704, 100705250.0, 218092750.0]","[429769500.0, 412610750.0, 147235534.39111596, 291085750.0, 533521500.0]","[173568500.0, 281648954.54545456, 253081404.10682046, 132680000.0, 317144500.0]","[229181500.0, 249770500.0, 190016154.01202795, 128237750.0, 337790750.0]","[19407523068.728104, 19407523068.728104, 19407523068.728104, 19407523068.728104, 19407523068.728104]","[139672000.0, 139672000.0, 95482794.38987948, 87592750.0, 191751250.0]","[205465500.0, 226529375.0, 101897815.3782473, 174663500.0, 306367750.0]","[157399500.0, 175345272.72727272, 104391704.41448872, 113462000.0, 248402250.0]","[234633500.0, 227041125.0, 107240314.05497363, 158776000.0, 289652750.0]","[838384250488847.5, 838384250488847.5, 838384250488847.5, 838384250488847.5, 838384250488847.5]","[221589000.0, 233124933.33333334, 111613791.85071868, 158894250.0, 310301750.0]","[222893500.0, 365140600.0, 321611750.82565004, 189580250.0, 361332000.0]","[223358000.0, 236497300.0, 138591520.9470262, 134988500.0, 303268250.0]","[256538000.0, 263391678.57142857, 127910391.83449414, 167373250.0, 357806750.0]","[179724500.0, 182651000.0, 70167868.6739878, 147202250.0, 220816000.0]","[301274500.0, 299771500.0, 101456919.17434707, 234016250.0, 372451250.0]","[150823000.0, 143602333.33333334, 88833582.78858033, 96914000.0, 188943000.0]","[502342500.0, 671635250.0, 360220719.71301496, 446115250.0, 750498500.0]","[221794500.0, 278054375.0, 172025011.6468805, 132730000.0, 434411250.0]","[159188000.0, 230797227.27272728, 252820286.92926088, 115906750.0, 248874250.0]","[144363000.0, 202249166.66666666, 173500566.56071442, 120815750.0, 244444750.0]","[189552000.0, 215566055.55555555, 149845511.1623198, 124274000.0, 272979500.0]","[264013500.0, 274386500.0, 107535759.51813823, 201182500.0, 356291250.0]","[145570000.0, 159178500.0, 83393115.76053505, 110977500.0, 219762500.0]","[128406000.0, 149005666.66666666, 106141842.35087918, 102765250.0, 231728750.0]","[177931500.0, 195263840.0, 138514488.4041175, 104796000.0, 246929250.0]",[1055],[2],"[180882000.0, 215091300.0, 127451838.9816718, 160421000.0, 296853500.0]","[253850000.0, 250676000.0, 104506137.26714809, 198267750.0, 289189750.0]","[137212500.0, 140693250.0, 88753679.87547052, 83563250.0, 200684250.0]","[211251500.0, 229456500.0, 80525971.7241897, 181468500.0, 274189500.0]","[193614500.0, 188163125.0, 91114942.05526541, 120107750.0, 231367750.0]"
0,"[206813000.0, 270892333.3333333, 209720564.2008485, 150893750.0, 327526500.0]","[183590000.0, 188702764.70588234, 93235573.17640553, 131735250.0, 260556000.0]","[192249500.0, 189182071.42857143, 102904854.6980339, 122675500.0, 269319000.0]","[172604500.0, 180350608.6956522, 81599282.31421344, 128134750.0, 237237500.0]","[253618000.0, 309374375.0, 170143237.4184598, 206444500.0, 392474000.0]","[204070000.0, 204048456.52173913, 106886839.24461715, 125725500.0, 281731750.0]","[230845000.0, 295906382.35294116, 207955109.95037237, 172229500.0, 375799000.0]","[136251000.0, 153886227.27272728, 102577143.7898556, 82597500.0, 207885500.0]","[183905000.0, 250924615.3846154, 204003548.46377945, 122102000.0, 300812750.0]","[168857000.0, 405274550.0, 557495002.4418133, 116760250.0, 271681500.0]","[120843000.0, 119344633.33333333, 76489919.94743854, 70611500.0, 173231250.0]","[239573000.0, 227960625.0, 98263644.13459015, 157878750.0, 298666500.0]","[151956500.0, 180219666.66666666, 112574745.75982346, 110256250.0, 244366250.0]","[289061000.0, 313685916.6666667, 178993351.8073871, 211253750.0, 401281500.0]","[234338500.0, 240659250.0, 100547410.60859671, 174738000.0, 305418000.0]","[221619500.0, 230764125.0, 76958893.7289536, 168790750.0, 271441500.0]","[308307500.0, 443286750.0, 472328405.18486, 148036500.0, 517597750.0]","[248904000.0, 239022208.33333334, 116284529.41706504, 158125500.0, 317020250.0]","[224005000.0, 250026900.0, 127862764.54773687, 154015250.0, 335897500.0]","[152597000.0, 152597000.0, 102940660.61814447, 112159250.0, 193034750.0]","[301934500.0, 306758000.0, 144908045.1976356, 196130250.0, 407705500.0]","[188176000.0, 190961833.33333334, 102468253.9056474, 135801500.0, 264810750.0]","[202815000.0, 238698416.66666666, 177167824.43559852, 111664250.0, 382299250.0]","[19407523068.728104, 19407523068.728104, 19407523068.728104, 19407523068.728104, 19407523068.728104]","[1549534375.9338427, 1549534375.9338427, 1549534375.9338427, 1549534375.9338427, 1549534375.9338427]","[218137500.0, 239439666.66666666, 118875091.99739401, 165685250.0, 328804500.0]","[154771500.0, 210362833.33333334, 151782962.564607, 117314750.0, 253905750.0]","[142523000.0, 147508000.0, 93940555.72009355, 95742250.0, 194456500.0]","[838384250488847.5, 838384250488847.5, 838384250488847.5, 838384250488847.5, 838384250488847.5]","[167018000.0, 184869625.0, 102919449.85544217, 133779000.0, 252149000.0]","[230481500.0, 382462833.3333333, 368601685.37852466, 179803250.0, 340574500.0]","[142049500.0, 162890000.0, 105232567.83825687, 97993250.0, 222359500.0]","[209084500.0, 201172600.0, 115963015.71164834, 118933000.0, 262271250.0]","[193060000.0, 254268500.0, 162342804.53377923, 161044500.0, 290887500.0]","[261548000.0, 264765125.0, 70866602.90810032, 229480000.0, 311136000.0]","[173847000.0, 168089166.66666666, 84696469.8347707, 109806250.0, 212491750.0]","[507396000.0, 531035625.0, 173740479.83302388, 366412250.0, 664581000.0]","[271533000.0, 314499400.0, 166593972.2635246, 179621750.0, 415400250.0]","[157647000.0, 165439250.0, 84095591.00660391, 129420250.0, 233235250.0]","[152989000.0, 151167785.7142857, 86058693.15155838, 85131750.0, 207171750.0]","[212453000.0, 230997900.0, 140784728.8147404, 139045250.0, 312164000.0]","[239689500.0, 273723607.14285713, 160286839.35010278, 179400000.0, 327543000.0]","[137757500.0, 135986000.0, 65165755.543076456, 97529500.0, 175352000.0]","[242336000.0, 315943500.0, 220862237.82654652, 166927000.0, 485579750.0]","[191325000.0, 299327236.84210527, 308231981.2679912, 127097500.0, 376231000.0]",[1055],[3],"[251056500.0, 264246375.0, 155301960.58963448, 147706250.0, 380968000.0]","[259712500.0, 263671333.33333334, 112645836.14684665, 202855500.0, 318628500.0]","[142367000.0, 142352000.0, 79228893.46105056, 88942250.0, 191989000.0]","[198733500.0, 193586500.0, 46637121.027674936, 161106000.0, 218503500.0]","[172285500.0, 164488000.0, 78183921.46007387, 118451000.0, 203740750.0]"
0,"[187646000.0, 186571961.53846154, 57298581.717231125, 158472750.0, 236619000.0]","[245843000.0, 260042523.80952382, 84623527.62290561, 217103000.0, 303422250.0]","[378624000.0, 403059500.0, 133763792.28248452, 324352000.0, 455634500.0]","[259589000.0, 268773785.71428573, 68317184.84255059, 226923000.0, 314540000.0]","[198427000.0, 194521500.0, 57531472.128926344, 161287750.0, 230376000.0]","[268272500.0, 270374500.0, 62877293.63808528, 240406000.0, 316720750.0]","[337462500.0, 358048433.3333333, 107487793.31880228, 281276000.0, 412707750.0]","[534328500.0, 517336250.0, 74713145.84085922, 473626250.0, 566348000.0]","[521723000.0, 539028000.0, 115306917.51220594, 445208750.0, 627572250.0]","[396445000.0, 407782166.6666667, 122737262.33153032, 332875250.0, 453099250.0]","[398565500.0, 420654568.1818182, 137679341.8291043, 351326500.0, 457691500.0]","[390640500.0, 458112500.0, 186997876.6981727, 345871250.0, 506890000.0]","[446111500.0, 452614600.0, 78532570.02250722, 399867250.0, 485989000.0]","[229036500.0, 236678166.66666666, 55724956.12953758, 205378250.0, 276485250.0]","[287500500.0, 283882250.0, 68145213.13663565, 238739500.0, 324441250.0]","[261549500.0, 261549500.0, 44792795.13772276, 245245250.0, 277853750.0]","[354207000.0, 351129916.6666667, 56140383.09594727, 306379750.0, 388601000.0]","[339790500.0, 344391750.0, 84185365.1603858, 293558000.0, 389294250.0]","[459837500.0, 446902071.4285714, 95871397.21780892, 382912750.0, 516005500.0]","[200536500.0, 198611944.44444445, 55969076.627656356, 163615500.0, 236668500.0]","[251653500.0, 268343636.36363637, 73520576.67541754, 219348500.0, 322162250.0]","[300062500.0, 299920125.0, 60898064.0854812, 256476250.0, 340032750.0]","[477907500.0, 477907500.0, 55868253.34883846, 452882000.0, 502933000.0]","[239900000.0, 239900000.0, 64669241.0655947, 210039000.0, 269761000.0]","[420288000.0, 430013083.3333333, 72076232.01682408, 386571750.0, 479109500.0]","[317740000.0, 326716333.3333333, 63490222.947229356, 275112250.0, 365118000.0]","[413830000.0, 422050833.3333333, 89376434.64474042, 343478250.0, 480042250.0]","[361591000.0, 361591000.0, 62670415.68395729, 338049500.0, 385132500.0]","[247897500.0, 247897500.0, 66090896.99988948, 203320750.0, 292474250.0]","[170708500.0, 176159888.8888889, 51196385.03285265, 141646750.0, 214779250.0]","[193636500.0, 210034500.0, 65844664.73893943, 175988500.0, 261794750.0]","[391945000.0, 393930375.0, 80227801.6236228, 337642750.0, 457420750.0]","[284054500.0, 286937000.0, 52696710.34324629, 265637000.0, 312600000.0]","[-585120816989.7853, -585120816989.7853, -585120816989.7853, -585120816989.7853, -585120816989.7853]","[225819500.0, 235456833.33333334, 77326980.7805716, 189780750.0, 290267000.0]","[362330000.0, 362330000.0, 32400462.134049878, 346675750.0, 377984250.0]","[700628100163110.8, 700628100163110.8, 700628100163110.8, 700628100163110.8, 700628100163110.8]","[405298500.0, 533057250.0, 307959173.9525915, 332279750.0, 622352500.0]","[348051000.0, 418099555.5555556, 207435346.304637, 291063000.0, 436576250.0]","[617260000.0, 626225750.0, 196123621.94847283, 438130000.0, 811454250.0]","[580771000.0, 646100625.0, 267515662.54026952, 404330000.0, 838141750.0]","[260970000.0, 286842421.05263156, 130095647.19570781, 218873250.0, 321027000.0]","[100175003027391.8, 100175003027391.8, 100175003027391.8, 100175003027391.8, 100175003027391.8]","[387986500.0, 391694750.0, 56885980.22305232, 357196750.0, 428878000.0]","[320757500.0, 327537900.0, 68341452.6372172, 281559000.0, 375986000.0]",[1056],[1],"[186995500.0, 180584375.0, 63401747.823773555, 135094250.0, 209882500.0]","[190647500.0, 190647500.0, 47344612.83240154, 163669000.0, 217626000.0]","[413510000.0, 413744875.0, 52567717.80388963, 372739250.0, 449757250.0]","[275955500.0, 308728800.0, 142701886.43798652, 187424000.0, 428973750.0]","[326874500.0, 338625250.0, 89791513.84979261, 277204250.0, 396724250.0]"
0,"[165829000.0, 171072000.0, 52715992.56748373, 142015750.0, 207227000.0]","[233382500.0, 280604875.0, 117628885.06223449, 209463750.0, 335072750.0]","[10697235637.519354, 10697235637.519354, 10697235637.519354, 10697235637.519354, 10697235637.519354]","[269704500.0, 271770375.0, 55995088.57354701, 235203500.0, 308692750.0]","[173832000.0, 176265055.55555555, 54629070.85158986, 140793500.0, 221381250.0]","[270445500.0, 268695500.0, 54211168.869984716, 232230750.0, 302317250.0]","[305435500.0, 307123875.0, 62574306.69865794, 261447250.0, 347989500.0]","[406462500.0, 412023000.0, 57264816.408070326, 376784000.0, 450419000.0]","[408790500.0, 410984250.0, 66744761.20780941, 362635250.0, 456054500.0]","[356414500.0, 356748083.3333333, 51565186.597416565, 321364500.0, 402081500.0]","[330848000.0, 335173111.1111111, 57151019.58737519, 298561500.0, 387359250.0]","[272516000.0, 272516000.0, 50021171.142827116, 249422750.0, 295609250.0]","[362807000.0, 359222600.0, 75400557.19648232, 308944000.0, 410851000.0]","[206681500.0, 206681500.0, 56762106.649154596, 184995500.0, 228367500.0]","[23774366702.073265, 23774366702.073265, 23774366702.073265, 23774366702.073265, 23774366702.073265]","[204292500.0, 204292500.0, 46311796.923138276, 182775250.0, 225809750.0]","[375287500.0, 392622000.0, 71459191.18046793, 356234250.0, 441749250.0]","[308647000.0, 299501416.6666667, 76969872.90379521, 244075500.0, 366171000.0]","[382418000.0, 382234833.3333333, 63143285.907045476, 344768250.0, 437427750.0]","[171284000.0, 173313750.0, 44593415.079330936, 153714750.0, 196101000.0]","[245965000.0, 241143250.0, 55226031.970326275, 198575000.0, 277371750.0]","[283913000.0, 276314500.0, 54838411.9216023, 226997500.0, 308469250.0]","[18536915774.26163, 18536915774.26163, 18536915774.26163, 18536915774.26163, 18536915774.26163]","[19407523068.728104, 19407523068.728104, 19407523068.728104, 19407523068.728104, 19407523068.728104]","[413868000.0, 413868000.0, 40566006.3846566, 396808500.0, 430927500.0]","[278379000.0, 280065250.0, 57205166.374528624, 236957000.0, 319747750.0]","[347043000.0, 357900666.6666667, 83446751.58430208, 302240000.0, 411588000.0]","[265489000.0, 270258500.0, 60306357.26415767, 233192500.0, 313056750.0]","[318699000.0, 316253500.0, 80779423.32518846, 273566500.0, 357843750.0]","[165721000.0, 165143000.0, 46720036.34951497, 138139000.0, 195271250.0]","[1267038167644415.8, 1267038167644415.8, 1267038167644415.8, 1267038167644415.8, 1267038167644415.8]","[324437000.0, 332767375.0, 66260376.39765846, 292862750.0, 387434500.0]","[257774000.0, 257774000.0, 57770358.978458844, 231021250.0, 284526750.0]","[123352000.0, 122208500.0, 43765469.456524745, 102733500.0, 140540000.0]","[164061500.0, 165402700.0, 49341049.14379101, 131042000.0, 198847000.0]","[806949869991989.8, 806949869991989.8, 806949869991989.8, 806949869991989.8, 806949869991989.8]","[450936500.0, 460602500.0, 167840162.91102675, 310524500.0, 601957000.0]","[320579500.0, 321813000.0, 50285535.469953984, 292876500.0, 351626000.0]","[305838000.0, 331358100.0, 108534542.59216277, 264361500.0, 382905500.0]","[1832939372533300.0, 1832939372533300.0, 1832939372533300.0, 1832939372533300.0, 1832939372533300.0]","[491298500.0, 477803333.3333333, 75090349.9840174, 425850250.0, 524078000.0]","[240303000.0, 246456078.9473684, 68894599.17029688, 193716500.0, 297771750.0]","[327635000.0, 327635000.0, 41025546.93115011, 309158500.0, 346111500.0]","[347364000.0, 347364000.0, 52841779.24710711, 321143500.0, 373584500.0]","[305047500.0, 305760750.0, 60906990.26497287, 262562500.0, 345569250.0]",[1056],[2],"[174708500.0, 179575250.0, 56396537.042217106, 150045250.0, 223715250.0]","[299411203168522.4, 299411203168522.4, 299411203168522.4, 299411203168522.4, 299411203168522.4]","[535025500.0, 539710750.0, 162936257.31919676, 393865750.0, 690555500.0]","[172347000.0, 173429000.0, 63693037.53747343, 145690000.0, 203332000.0]","[1864369258744477.0, 1864369258744477.0, 1864369258744477.0, 1864369258744477.0, 1864369258744477.0]"
0,"[171022000.0, 172182800.0, 54790118.24371252, 141077250.0, 205312000.0]","[244894500.0, 250981166.66666666, 52168638.8469058, 221220250.0, 290355500.0]","[537489500.0, 553404250.0, 153829895.07793176, 408558000.0, 699537250.0]","[242471000.0, 246649357.14285713, 62984213.6759081, 209751000.0, 287035750.0]","[183733500.0, 185675100.0, 53396260.01125921, 156825000.0, 217208000.0]","[234773000.0, 234706100.0, 60736911.48214568, 202021250.0, 275802250.0]","[313538500.0, 308725909.09090906, 65142799.70705553, 261253750.0, 346976500.0]","[434119000.0, 435461500.0, 62131810.61762968, 403958750.0, 469536250.0]","[536496500.0, 717281285.7142857, 500245708.3962309, 439328250.0, 656681250.0]","[387277500.0, 382273166.6666667, 51051450.44435292, 349723500.0, 405650500.0]","[352663000.0, 359398500.0, 69304957.37283157, 314084250.0, 403575750.0]","[26425520640.63461, 26425520640.63461, 26425520640.63461, 26425520640.63461, 26425520640.63461]","[425635000.0, 422386500.0, 54748392.17502191, 391300000.0, 444148500.0]","[254944000.0, 268094750.0, 58848791.936942086, 235952500.0, 313945000.0]","[325103000.0, 325103000.0, 55200802.9334719, 299776250.0, 350429750.0]","[280914500.0, 280914500.0, 62847487.66856158, 254947000.0, 306882000.0]","[353700000.0, 354274250.0, 51337908.58067263, 337396250.0, 371069000.0]","[259826000.0, 259198750.0, 57414208.728654444, 224109000.0, 293402750.0]","[441332500.0, 433617166.6666667, 53346145.78054246, 397479500.0, 461667500.0]","[186998000.0, 186998000.0, 54139169.8726532, 160235750.0, 213760250.0]","[269405000.0, 273699500.0, 62502313.83916919, 238668500.0, 311538500.0]","[292530000.0, 292530000.0, 60147405.54670667, 257539500.0, 327520500.0]","[443061500.0, 443061500.0, 59735049.78025883, 411919250.0, 474203750.0]","[19407523068.728104, 19407523068.728104, 19407523068.728104, 19407523068.728104, 19407523068.728104]","[424823000.0, 423152250.0, 52373070.197740935, 390952250.0, 458271500.0]","[282676500.0, 275738250.0, 58990426.411304235, 233497500.0, 303180750.0]","[348382000.0, 346969750.0, 70486481.86664943, 298532000.0, 385220500.0]","[267218000.0, 268035833.33333334, 61595603.7214147, 233061000.0, 306046750.0]","[315979500.0, 308615000.0, 69125472.77596009, 262467250.0, 349351750.0]","[171269500.0, 170460200.0, 51844510.362814695, 135762750.0, 201037250.0]","[194926000.0, 195284000.0, 42874174.07950852, 173392750.0, 219521500.0]","[837397641679230.1, 837397641679230.1, 837397641679230.1, 837397641679230.1, 837397641679230.1]","[452441734285578.0, 452441734285578.0, 452441734285578.0, 452441734285578.0, 452441734285578.0]","[-585120816989.7853, -585120816989.7853, -585120816989.7853, -585120816989.7853, -585120816989.7853]","[175729000.0, 180300250.0, 48282254.85556262, 156811000.0, 212765000.0]","[806949869991989.8, 806949869991989.8, 806949869991989.8, 806949869991989.8, 806949869991989.8]","[700628100163110.8, 700628100163110.8, 700628100163110.8, 700628100163110.8, 700628100163110.8]","[1285707944852262.0, 1285707944852262.0, 1285707944852262.0, 1285707944852262.0, 1285707944852262.0]","[292469000.0, 293422900.0, 51267169.58044397, 263736500.0, 325401500.0]","[384555000.0, 386089500.0, 50423487.69588104, 357409000.0, 415442250.0]","[492183500.0, 506158000.0, 75411391.04604821, 449722250.0, 559059750.0]","[243244500.0, 247113535.7142857, 66098336.352244444, 198460000.0, 294613000.0]","[564872500.0, 564872500.0, 45142657.257299334, 541628000.0, 588117000.0]","[1724948786585614.2, 1724948786585614.2, 1724948786585614.2, 1724948786585614.2, 1724948786585614.2]","[335553500.0, 333533875.0, 49861411.886942945, 298043500.0, 362686000.0]",[1056],[3],"[179314500.0, 182625666.66666666, 59734703.872390814, 129826250.0, 223486000.0]","[168217500.0, 168217500.0, 44386099.5273295, 147040500.0, 189394500.0]","[376942537678620.2, 376942537678620.2, 376942537678620.2, 376942537678620.2, 376942537678620.2]","[191215000.0, 196253500.0, 60189808.69092375, 168141000.0, 228388750.0]","[299332500.0, 299332500.0, 36820551.66954998, 285194500.0, 313470500.0]"
0,"[273241000.0, 302107478.26086956, 165187461.23495427, 196317250.0, 387018250.0]","[238588500.0, 262553470.5882353, 153153535.0800426, 163751000.0, 352514250.0]","[215249500.0, 224322712.96296296, 132703673.98752749, 122216000.0, 298494000.0]","[224522000.0, 232336500.0, 119399488.0381667, 156374500.0, 315640250.0]","[253458500.0, 271726928.5714286, 125838442.26094648, 191500750.0, 358397250.0]","[193925000.0, 204918098.7654321, 104875063.29009464, 139061000.0, 290564250.0]","[219936500.0, 233473623.1884058, 122784374.2131546, 147359250.0, 300848250.0]","[243644000.0, 357797192.3076923, 326326889.0050187, 165116750.0, 395639750.0]","[174268500.0, 200604586.95652175, 138510320.30978242, 115446500.0, 276031000.0]","[169455000.0, 189997576.92307693, 108616835.97753032, 121485000.0, 264648250.0]","[206092500.0, 221136602.56410256, 130782755.74351417, 131057000.0, 315161250.0]","[266741000.0, 283810700.0, 158540350.24437785, 170860750.0, 365574500.0]","[202217500.0, 231444425.92592594, 159328230.32403564, 111380500.0, 312732500.0]","[231319000.0, 263243972.97297296, 184088060.83293125, 155406750.0, 311529500.0]","[240415000.0, 307461114.0350877, 307733141.2655064, 180942000.0, 327187000.0]","[203686500.0, 217160000.0, 109655051.49406782, 126555000.0, 280498000.0]","[195617500.0, 200771976.19047618, 113827520.9090884, 122146000.0, 266782750.0]","[211352500.0, 225515888.8888889, 124102067.52249548, 141639000.0, 297250250.0]","[166701500.0, 186009470.5882353, 139387143.5602875, 103923250.0, 234799750.0]","[227467000.0, 236759093.75, 98043392.87310153, 178001750.0, 300916500.0]","[232936500.0, 257987025.0, 154603192.9590213, 143329250.0, 346498500.0]","[261738500.0, 392125300.0, 508595320.8551077, 158376000.0, 412370250.0]","[219763000.0, 267563431.8181818, 215632360.4052211, 131317250.0, 321728000.0]","[183083000.0, 189509411.7647059, 89468933.51411974, 140601750.0, 243841500.0]","[215547500.0, 229346727.27272728, 144855530.18146354, 123247000.0, 307673000.0]","[225629500.0, 229263458.33333334, 129787733.9054724, 142504500.0, 293248000.0]","[136047500.0, 135306388.8888889, 79157874.17253846, 76982500.0, 201089250.0]","[207084000.0, 246174833.33333334, 148099295.69567695, 149282500.0, 312359000.0]","[282437000.0, 352799083.3333333, 306985151.43419623, 188174750.0, 383543750.0]","[218644500.0, 233595785.7142857, 85622713.68794273, 177985750.0, 304288250.0]","[473016000.0, 461163250.0, 140773754.2621582, 382267500.0, 574997000.0]","[202112500.0, 214009394.7368421, 123225386.06778519, 123324500.0, 308963750.0]","[239910500.0, 275704020.8333333, 163072653.35700956, 188236500.0, 337726750.0]","[190640500.0, 232676342.10526314, 120847724.61150314, 164674000.0, 304289250.0]","[286114000.0, 306414045.45454544, 132532788.4679442, 211109500.0, 402703000.0]","[364752000.0, 439851593.75, 320332977.30158454, 246502000.0, 518656000.0]","[205791000.0, 212441375.0, 108976133.1071367, 129501250.0, 294156000.0]","[189873500.0, 245994694.44444445, 211517934.1287662, 112246500.0, 291209250.0]","[208764000.0, 212304307.69230768, 134860976.9971881, 121590750.0, 265857750.0]","[190430500.0, 198659666.66666666, 127958006.81907761, 104506000.0, 288651750.0]","[180520500.0, 203589666.66666666, 131136892.96018112, 110501750.0, 268873750.0]","[199670000.0, 247808025.0, 194991712.2765932, 141265000.0, 310960500.0]","[262878000.0, 241321000.0, 111182147.91671817, 155984000.0, 316896500.0]","[178059500.0, 191747000.0, 117685655.873864, 105812750.0, 256868500.0]","[168533000.0, 210256342.10526314, 161170377.29254034, 126025500.0, 278091750.0]",[1057],[1],"[252854500.0, 317066362.0689655, 205113863.7535342, 188078000.0, 387634250.0]","[241212000.0, 266093065.2173913, 124002081.91588563, 184837500.0, 333242750.0]","[221507500.0, 243595000.0, 150850640.5002028, 141228000.0, 345327000.0]","[225497500.0, 242178821.42857143, 117703420.10098138, 179858750.0, 309069500.0]","[346874500.0, 389442750.0, 245185383.60226023, 183090250.0, 588078750.0]"
0,"[232701500.0, 281978250.0, 178383711.558644, 168803500.0, 355730000.0]","[226892500.0, 330286878.7878788, 473992913.3710282, 136705500.0, 328592000.0]","[192287500.0, 218255931.8181818, 163326483.5837833, 107737000.0, 296551750.0]","[225794500.0, 355713000.0, 515488913.9286242, 124837000.0, 337273250.0]","[266209500.0, 303051486.84210527, 179134778.17970815, 192715250.0, 376997750.0]","[191087500.0, 275965349.39759034, 543910607.766209, 141143000.0, 296778000.0]","[226481000.0, 242912457.62711865, 118873107.78059812, 164870750.0, 312094000.0]","[174549000.0, 201698843.75, 120398105.47009486, 121566750.0, 247029000.0]","[164584500.0, 204416183.6734694, 180108535.2363304, 100417500.0, 271045000.0]","[167945000.0, 184655069.76744187, 106933827.18241619, 121314750.0, 261849750.0]","[205372000.0, 236123448.27586207, 145553875.9403698, 125375000.0, 316850000.0]","[191060000.0, 205371333.33333334, 99670484.30731916, 134975500.0, 271110500.0]","[215701500.0, 227888058.82352942, 157088178.72132146, 114449250.0, 316679000.0]","[245646000.0, 257265222.2222222, 137540374.30113044, 161709000.0, 324280250.0]","[230950000.0, 258836132.3529412, 158634915.2641293, 172342500.0, 311456000.0]","[217151500.0, 239731815.78947368, 125674716.42045112, 160578000.0, 316513250.0]","[198020500.0, 216792631.57894737, 148189529.62967482, 118936000.0, 273305500.0]","[233925500.0, 283957106.06060606, 253907852.2169124, 154197000.0, 329779500.0]","[151496000.0, 165371300.0, 98250999.42763941, 105196500.0, 237450000.0]","[234077000.0, 239754592.10526314, 102750494.4435123, 165828250.0, 294715250.0]","[256883500.0, 296745468.75, 192349390.8711411, 151839000.0, 381562500.0]","[257413500.0, 276639757.14285713, 177739940.59318686, 154582000.0, 377167000.0]","[209264000.0, 252262000.0, 198576571.31762955, 129071000.0, 305988250.0]","[182276000.0, 183328260.86956522, 97311238.21955638, 135063500.0, 255827000.0]","[189202000.0, 269758625.0, 192667838.71272957, 156602750.0, 334363250.0]","[166933000.0, 186360113.63636363, 120820712.99002875, 109274000.0, 242124250.0]","[117910000.0, 128368555.55555555, 79766143.4014194, 74710750.0, 179444750.0]","[199471500.0, 226657000.0, 132622066.45092772, 124322000.0, 291093250.0]","[194148000.0, 205460500.0, 124744947.34127942, 119989750.0, 299595500.0]","[213981000.0, 261524250.0, 176222230.3858587, 167445000.0, 305451500.0]","[311416500.0, 624093357.1428572, 1028117912.0337425, 199420000.0, 525372000.0]","[197538000.0, 226200953.125, 151300301.41317153, 105252500.0, 328918000.0]","[247747000.0, 279328500.0, 164552535.26013646, 182180250.0, 319164500.0]","[181007000.0, 216598075.75757575, 152892990.57503948, 100647000.0, 260446000.0]","[294375000.0, 285789583.3333333, 180241856.5975813, 146158750.0, 358278000.0]","[221303000.0, 236898295.45454547, 138265082.97882, 119934000.0, 347373250.0]","[229998000.0, 239053000.0, 109468782.99908152, 163586750.0, 327190000.0]","[200586500.0, 231498391.3043478, 168260016.90751266, 122910250.0, 302844000.0]","[150068000.0, 155111750.0, 99363379.73286487, 103595000.0, 248081000.0]","[205308000.0, 231033090.9090909, 158392629.9643932, 102290000.0, 320408000.0]","[150110000.0, 166460071.42857143, 99630872.23289654, 103085000.0, 235320500.0]","[198389000.0, 230327473.2142857, 141563148.95186856, 142018500.0, 311985250.0]","[280251000.0, 278578375.0, 138929161.89391944, 168061500.0, 387550500.0]","[249765000.0, 246016866.66666666, 138925745.9296712, 137895000.0, 340368000.0]","[166820000.0, 417093894.7368421, 1024453486.5177164, 110993000.0, 264806750.0]",[1057],[2],"[265677000.0, 271514708.3333333, 133420008.06974791, 169622000.0, 355624250.0]","[223315000.0, 240920821.42857143, 122878857.72524486, 173830000.0, 296914750.0]","[209582500.0, 290426638.8888889, 276542377.0949292, 115302250.0, 338214500.0]","[216127500.0, 236954714.2857143, 103659663.11560054, 169205750.0, 306942500.0]","[293436000.0, 299078500.0, 152781588.17211208, 189490000.0, 385637250.0]"
0,"[256915000.0, 320041910.71428573, 262511731.27556717, 188733500.0, 361867500.0]","[215186000.0, 242467342.10526314, 169697528.65734163, 124895500.0, 323774750.0]","[202788000.0, 305663798.24561405, 485000322.98217094, 120387000.0, 311933500.0]","[226468000.0, 252007214.2857143, 168548967.58622596, 144466250.0, 377509250.0]","[264891000.0, 299747346.7741935, 176658244.33952036, 196776500.0, 368944000.0]","[207532000.0, 219359840.9090909, 113265818.22660743, 149632000.0, 306992500.0]","[219306500.0, 244972429.6875, 152681538.7320576, 161488250.0, 297199250.0]","[190824500.0, 227317500.0, 156009679.73117885, 128282500.0, 289411000.0]","[175444000.0, 195826085.36585367, 154246229.98125994, 104124000.0, 261145750.0]","[179492000.0, 191908841.46341464, 117793002.51101604, 123156000.0, 268218500.0]","[226266500.0, 250235224.13793105, 140535663.88214272, 151900250.0, 342432000.0]","[209900500.0, 231616571.42857143, 122028156.50977224, 175022250.0, 336314750.0]","[206018000.0, 222346323.52941176, 132402030.58937368, 124212500.0, 321976500.0]","[271506000.0, 364966274.1935484, 416523467.71627706, 178335000.0, 363952750.0]","[224855500.0, 279526685.71428573, 251720714.86072433, 171192000.0, 309866500.0]","[209886500.0, 243282888.8888889, 152824642.22376242, 135481250.0, 307895250.0]","[166931500.0, 180306954.54545453, 105531124.19102083, 108015000.0, 247725500.0]","[231264500.0, 264045591.83673468, 183967563.43278188, 156957750.0, 322332000.0]","[246982000.0, 327857275.0, 265571350.05304953, 133205250.0, 424386500.0]","[233432500.0, 264506052.63157895, 144183096.66507873, 184404000.0, 317797000.0]","[268232500.0, 316610795.45454544, 242079457.1433557, 163469000.0, 396842000.0]","[271570000.0, 287379625.0, 174266132.57829782, 165421500.0, 375623750.0]","[194575000.0, 209716555.55555555, 141038380.1234899, 111232250.0, 287462250.0]","[183256500.0, 191605452.3809524, 89603915.41062477, 139406250.0, 252474500.0]","[165415500.0, 316159300.0, 366205040.97241753, 87280250.0, 250101250.0]","[172761000.0, 195788217.39130434, 145818500.50895804, 116317000.0, 260808250.0]","[151819500.0, 158470642.85714287, 106853205.23878084, 77162000.0, 228531000.0]","[231649000.0, 239440026.31578946, 109838145.82051529, 162377250.0, 316136750.0]","[257013500.0, 259715035.7142857, 160692269.54059073, 134381500.0, 334255250.0]","[224065000.0, 260982305.55555555, 133474196.43924095, 167453750.0, 346483250.0]","[218264500.0, 224836055.55555555, 131726800.41302326, 143297750.0, 307296750.0]","[216548500.0, 222804592.10526314, 129442732.17188787, 120952000.0, 318983000.0]","[254473000.0, 293294319.4444444, 147597048.28343043, 195432250.0, 356823250.0]","[192370000.0, 213246568.1818182, 119463909.9056694, 129625750.0, 267553750.0]","[232561500.0, 252699200.0, 157043078.17175516, 132742000.0, 323809000.0]","[244764000.0, 267057230.76923078, 140258730.94112885, 156790250.0, 372017500.0]","[229186500.0, 262672625.0, 130649926.02763325, 182526750.0, 329826750.0]","[199378500.0, 230146861.1111111, 142637250.75970253, 121106750.0, 318386500.0]","[176582500.0, 205214666.66666666, 138021032.9233274, 122496000.0, 256521000.0]","[223080000.0, 260790833.33333334, 158412407.75591972, 134223500.0, 386965250.0]","[241347000.0, 280968095.2380952, 192711997.7761423, 150657250.0, 366855750.0]","[190458000.0, 213777447.36842105, 191041282.09812298, 110321000.0, 281246500.0]","[271662000.0, 262904357.14285713, 109916270.24994144, 178398000.0, 332193250.0]","[153708500.0, 157106850.0, 94443032.42737126, 107324250.0, 239554500.0]","[196371000.0, 223337500.0, 130593189.67714202, 132827750.0, 311055000.0]",[1057],[3],"[229857500.0, 257831533.33333334, 153823579.81049445, 164202750.0, 318650250.0]","[214115000.0, 252213815.78947368, 168286568.58745366, 165230750.0, 311475250.0]","[225964000.0, 313366531.25, 374972830.7401488, 130602250.0, 341335750.0]","[218377000.0, 258745666.66666666, 144414045.94702306, 161771500.0, 336695750.0]","[237040000.0, 244045928.57142857, 136703737.4517632, 149251500.0, 326858000.0]"
0,"[243480500.0, 256639254.23728815, 108817905.35562707, 192395500.0, 312593500.0]","[281802000.0, 310739694.0298507, 138188234.13293737, 236553000.0, 355306250.0]","[308681000.0, 370793333.3333333, 332809527.3356652, 209448500.0, 395672500.0]","[302433500.0, 362118081.0810811, 195496285.08115944, 256378500.0, 396550500.0]","[293589500.0, 354766361.1111111, 209441637.9013167, 226825750.0, 405077250.0]","[269139000.0, 264353791.66666666, 110473636.23638868, 173091000.0, 361665750.0]","[268497500.0, 306338977.27272725, 204835145.8572, 159925500.0, 426703250.0]","[266648500.0, 413764425.0, 429338840.3228787, 154095500.0, 512593250.0]","[168510500.0, 193762410.7142857, 125337399.52146976, 114114750.0, 264796250.0]","[183556500.0, 201948954.54545453, 129403808.25240503, 111439000.0, 268274000.0]","[238396000.0, 248019735.29411766, 113224301.9879797, 174812500.0, 317433250.0]","[286096000.0, 309896833.3333333, 133714155.46844278, 211357250.0, 390691250.0]","[266036000.0, 283597625.0, 128363676.61885263, 200354750.0, 377317250.0]","[327571000.0, 323245600.0, 93218594.37601492, 261748250.0, 414659750.0]","[291741500.0, 325548823.5294118, 174596693.12058955, 225085500.0, 388870750.0]","[244977000.0, 250160125.0, 74516890.31309864, 214489250.0, 311667750.0]","[230837000.0, 375735351.8518519, 745928687.2819371, 158905750.0, 309873750.0]","[321428000.0, 333330218.75, 98776292.80593294, 281056000.0, 395033750.0]","[369693500.0, 435033900.0, 290747285.0069111, 197761750.0, 608137000.0]","[240229000.0, 242331350.0, 80147738.70220855, 191581500.0, 296430000.0]","[264965500.0, 262508619.5652174, 105734089.47463056, 185067000.0, 329244000.0]","[246477000.0, 264967906.25, 119793872.04260474, 193349750.0, 340847500.0]","[312409500.0, 310538625.0, 128636992.70486325, 216699750.0, 412402250.0]","[279208000.0, 304128333.3333333, 114212265.39601116, 243262500.0, 359970750.0]","[181269000.0, 203063666.66666666, 110215922.47719927, 134530000.0, 283605000.0]","[272912000.0, 276724847.82608694, 94319949.19547886, 218171250.0, 339305500.0]","[185671000.0, 190339000.0, 95415837.0875873, 123153500.0, 243551750.0]","[365888500.0, 405386846.15384614, 171630170.28397745, 288294500.0, 505381500.0]","[265168500.0, 261055750.0, 66927521.9318443, 230002500.0, 287996250.0]","[241402500.0, 244092270.83333334, 84895917.97613113, 195473500.0, 309735750.0]","[216424000.0, 216932625.0, 67922440.91413657, 189309250.0, 256709250.0]","[227123500.0, 301253833.3333333, 233539476.42100263, 160398000.0, 362449000.0]","[282830500.0, 329969321.4285714, 247127004.30078942, 157784250.0, 431077000.0]","[175524000.0, 172785388.8888889, 66924001.94012682, 128816250.0, 219426250.0]","[245559000.0, 266974125.0, 119119931.58221273, 204087750.0, 329273500.0]","[266165000.0, 270695300.0, 146899988.48505738, 156070750.0, 359030500.0]","[303612000.0, 303550375.0, 62796194.17396547, 264792500.0, 355077250.0]","[212784500.0, 202234000.0, 90352917.47434059, 141785750.0, 263089000.0]","[190292500.0, 190129716.66666666, 88228491.8494949, 124014250.0, 242894500.0]","[202070500.0, 203571785.7142857, 112188708.44422202, 128796000.0, 273657250.0]","[263209500.0, 305098843.75, 200574152.2557196, 159609250.0, 409833250.0]","[274236000.0, 294075362.0689655, 118309251.74664773, 237523500.0, 347379500.0]","[265130500.0, 307638250.0, 162122866.47047713, 185023250.0, 392004500.0]","[201670000.0, 242933306.4516129, 200532823.16800076, 137296000.0, 298449000.0]","[205987000.0, 225674095.0, 127068973.40279797, 146859000.0, 295755750.0]",[1058],[1],"[219547500.0, 220899814.8148148, 74546553.14958717, 171670750.0, 276006250.0]","[239249500.0, 245885166.66666666, 81868983.3265118, 206473750.0, 316690500.0]","[168114500.0, 235783350.0, 165087315.73269793, 144091500.0, 265897250.0]","[209981000.0, 218919428.57142857, 59225004.10988864, 185529250.0, 259680750.0]","[323186500.0, 340198562.5, 125111318.14306848, 249760000.0, 420094250.0]"
0,"[229696500.0, 236588714.2857143, 86744394.96192953, 178305750.0, 293580250.0]","[282515000.0, 292945100.0, 105933253.17458157, 225589250.0, 342945250.0]","[10697235637.519354, 10697235637.519354, 10697235637.519354, 10697235637.519354, 10697235637.519354]","[283620500.0, 284285375.0, 74995359.496334, 239421250.0, 339877750.0]","[275430000.0, 286326214.28571427, 105213269.18568681, 225818000.0, 339260250.0]","[269608500.0, 269815250.0, 78391526.83605225, 237433500.0, 302403750.0]","[249375000.0, 261001333.33333334, 118829617.2616724, 199979000.0, 353810500.0]","[188418500.0, 236723125.0, 166873019.29344174, 130164250.0, 335729250.0]","[195867000.0, 223820750.0, 149047816.22112918, 118689750.0, 300289500.0]","[180662000.0, 190012000.0, 94239028.0921339, 132896500.0, 254231750.0]","[229309500.0, 226820333.33333334, 92582857.41551846, 153314250.0, 282799500.0]","[223952000.0, 233088500.0, 127215819.87217627, 131305500.0, 313012500.0]","[268310500.0, 268310500.0, 75086335.61607598, 234224250.0, 302396750.0]","[427987500.0, 427987500.0, 57256629.61832455, 387933500.0, 468041500.0]","[385616500.0, 451991142.85714287, 251661646.9019627, 281195750.0, 554241250.0]","[241372500.0, 240610916.66666666, 65700950.6450228, 213329500.0, 271939750.0]","[233721500.0, 220577333.33333334, 75574377.26321152, 174946500.0, 265688000.0]","[301477500.0, 317478166.6666667, 100292750.63241944, 251631250.0, 377457500.0]","[184309500.0, 186111400.0, 72248980.58478057, 142169250.0, 246167000.0]","[13555133000.0, 13572201250.0, 13305028973.007687, 270340500.0, 26875092250.0]","[237666500.0, 248482333.33333334, 120792851.06628712, 174954500.0, 293089250.0]","[257239000.0, 263120250.0, 105961410.05780123, 202423500.0, 341779250.0]","[415644000.0, 414311833.3333333, 109519464.66027042, 345809250.0, 481926250.0]","[301497000.0, 298761750.0, 65574014.18006603, 259306250.0, 332657750.0]","[1549534375.9338427, 1549534375.9338427, 1549534375.9338427, 1549534375.9338427, 1549534375.9338427]","[303443000.0, 310845937.5, 91191442.2471818, 257701250.0, 370865250.0]","[242369500.0, 233416100.0, 86830845.50025988, 149649750.0, 274198750.0]","[280561000.0, 836668312.5, 1473601602.9428213, 239420500.0, 392600500.0]","[266108000.0, 263761250.0, 68270493.34952472, 230148750.0, 296831500.0]","[238861500.0, 244456625.0, 80259471.31170484, 195927500.0, 299052000.0]","[1267038167644415.8, 1267038167644415.8, 1267038167644415.8, 1267038167644415.8, 1267038167644415.8]","[212331500.0, 213672833.33333334, 102469197.24266194, 141455250.0, 264160250.0]","[140051500.0, 138740750.0, 67641347.75555186, 87966500.0, 184560500.0]","[268083500.0, 1173027833.3333333, 1349770253.7908587, 215703250.0, 2941073250.0]","[271292000.0, 274138500.0, 90867291.92481747, 224164000.0, 319757000.0]","[806949869991989.8, 806949869991989.8, 806949869991989.8, 806949869991989.8, 806949869991989.8]","[302253500.0, 285377000.0, 61913790.66815405, 235633000.0, 313351250.0]","[1285707944852262.0, 1285707944852262.0, 1285707944852262.0, 1285707944852262.0, 1285707944852262.0]","[178227000.0, 210838375.0, 166261253.6901168, 101183000.0, 245796000.0]","[177826000.0, 177826000.0, 89472238.0406347, 137485000.0, 218167000.0]","[225140500.0, 243049625.0, 151548611.4328811, 121562750.0, 333154000.0]","[265998000.0, 289829555.5555556, 102813230.97773091, 233422750.0, 332826750.0]","[274096500.0, 274096500.0, 93922019.96470264, 223178000.0, 325015000.0]","[205393000.0, 195919250.0, 94448851.9897807, 130592500.0, 245937750.0]","[270854500.0, 283126472.2222222, 143221443.29508415, 171271750.0, 365065250.0]",[1058],[2],"[190953500.0, 182611000.0, 85328649.06934834, 111025500.0, 231043000.0]","[335503000.0, 442062375.0, 298704101.53169876, 225596000.0, 584542500.0]","[237708500.0, 248426000.0, 143117525.19136152, 140857250.0, 331806250.0]","[215331000.0, 215331000.0, 73848233.23885277, 186471250.0, 244190750.0]","[328203000.0, 317727800.0, 80455423.70132668, 264496500.0, 359001500.0]"
0,"[230656000.0, 305056925.0, 284662034.1037673, 199266250.0, 306580250.0]","[270305000.0, 270913823.5294118, 72089946.35358648, 223596000.0, 310952750.0]","[271868500.0, 301194500.0, 150089314.61216682, 195249000.0, 425001000.0]","[276110000.0, 289492375.0, 75220206.64927326, 252646250.0, 340036000.0]","[263619500.0, 266678428.57142857, 74044243.56589037, 217820750.0, 317479000.0]","[252312500.0, 249033500.0, 94635988.8063204, 194011750.0, 320412000.0]","[299373000.0, 353274416.6666667, 227026275.2678488, 165761750.0, 561861250.0]","[270418000.0, 263197916.66666666, 122749302.03091335, 166021000.0, 334712000.0]","[169658000.0, 186533642.85714287, 106764189.82177976, 136751750.0, 266807250.0]","[207005500.0, 189308875.0, 84532300.80113976, 126839500.0, 236388250.0]","[177189500.0, 177258250.0, 86372515.21425956, 126116250.0, 231721500.0]","[217964500.0, 217532500.0, 83173322.12865293, 169611250.0, 267808750.0]","[216907000.0, 205826250.0, 75870218.8044657, 154652500.0, 244282000.0]","[22582952051.56981, 22582952051.56981, 22582952051.56981, 22582952051.56981, 22582952051.56981]","[283047000.0, 279374000.0, 75157288.35083129, 235344750.0, 322270500.0]","[256294000.0, 266276500.0, 72206011.36505187, 229735250.0, 328527750.0]","[219284500.0, 259255250.0, 165129153.29050016, 155664500.0, 302788500.0]","[424273500.0, 485538833.3333333, 271845876.4325641, 310888500.0, 565579750.0]","[248676000.0, 512007000.0, 457441781.08366966, 165177500.0, 1063442000.0]","[295801000.0, 290549333.3333333, 88775378.37742825, 232238000.0, 340530000.0]","[266060500.0, 311261571.4285714, 158704669.57515517, 204219500.0, 361727000.0]","[246327000.0, 248670000.0, 77710831.30748248, 198288250.0, 295495250.0]","[284505500.0, 332001750.0, 161497426.86088684, 201734250.0, 398260750.0]","[285544000.0, 282272000.0, 74173307.88430566, 229142750.0, 328862750.0]","[1549534375.9338427, 1549534375.9338427, 1549534375.9338427, 1549534375.9338427, 1549534375.9338427]","[280550000.0, 317892062.5, 164976487.8509089, 224106500.0, 349737000.0]","[261365000.0, 266992333.33333334, 98968955.95028214, 193857000.0, 343855750.0]","[319360000.0, 343527600.0, 133620217.3147462, 262257250.0, 433043500.0]","[298086000.0, 298086000.0, 58051810.932132, 275999250.0, 320172750.0]","[233701500.0, 296742142.85714287, 178818467.81357312, 214104500.0, 333586000.0]","[218983000.0, 220876500.0, 56554688.651782006, 200375750.0, 245683250.0]","[272403000.0, 267295400.0, 107021813.57386914, 178087500.0, 344547000.0]","[590019000.0, 590019000.0, 102370652.1225688, 539061000.0, 640977000.0]","[198066500.0, 195624000.0, 58380346.10494643, 159534000.0, 217013750.0]","[256218000.0, 247227000.0, 75029648.19989495, 204188500.0, 280563250.0]","[806949869991989.8, 806949869991989.8, 806949869991989.8, 806949869991989.8, 806949869991989.8]","[288109000.0, 313608500.0, 74739800.62690829, 274069500.0, 363084750.0]","[175529500.0, 175529500.0, 79720556.51618345, 124383250.0, 226675750.0]","[160979500.0, 162373214.2857143, 85662670.69373131, 103371500.0, 223505500.0]","[1832939372533300.0, 1832939372533300.0, 1832939372533300.0, 1832939372533300.0, 1832939372533300.0]","[223703000.0, 220266375.0, 94511500.83314927, 173546250.0, 285686250.0]","[257980500.0, 300701857.14285713, 133195946.63414238, 230403250.0, 335724500.0]","[305564000.0, 292104333.3333333, 101728104.88940059, 239155750.0, 355479500.0]","[235799000.0, 257420100.0, 121258639.46494697, 176845500.0, 325266250.0]","[264147000.0, 278000450.0, 150754617.10507408, 164168750.0, 374926500.0]",[1058],[3],"[227456500.0, 225500300.0, 65918746.381511234, 178341500.0, 261734500.0]","[217916000.0, 217916000.0, 70591155.26749793, 190000500.0, 245831500.0]","[611182000.0, 2783252400.0, 4225730365.6358314, 230647000.0, 1837379250.0]","[240941500.0, 243532000.0, 62868874.28078646, 211523500.0, 283286000.0]","[269779500.0, 282915375.0, 64086774.421360716, 258835000.0, 341825250.0]"
0,"[183304500.0, 185939404.76190478, 116220247.55416095, 112050250.0, 234965750.0]","[220553500.0, 288254072.9166667, 270727181.9011155, 189356250.0, 283154750.0]","[320507500.0, 304944928.5714286, 99499821.4544983, 258281500.0, 378669500.0]","[232413000.0, 275872734.0425532, 247046743.50388852, 190024250.0, 286843000.0]","[262021500.0, 288347096.7741935, 134391064.67455938, 212317750.0, 348748000.0]","[168558500.0, 165347500.0, 84343642.81727165, 101484000.0, 226717750.0]","[186883000.0, 207796069.76744187, 156320098.64123178, 109302750.0, 268660500.0]","[285511500.0, 342864220.5882353, 238729877.92200878, 185785000.0, 435457500.0]","[185610500.0, 208964716.9811321, 177777112.92457548, 121570750.0, 261306500.0]","[192623500.0, 215573120.0, 128311993.49377127, 136475750.0, 262984250.0]","[176998000.0, 188107260.86956522, 126909298.13837686, 116493250.0, 246468250.0]","[298878500.0, 300258222.2222222, 80690375.02223171, 239701000.0, 361246500.0]","[236773000.0, 245596000.0, 128307219.23822938, 152692000.0, 339588500.0]","[175810000.0, 178762392.85714287, 89625281.28740051, 119005750.0, 253243500.0]","[193593000.0, 236548000.0, 248457828.63437745, 125458000.0, 274861750.0]","[205684500.0, 208416475.0, 57447062.484511554, 170861750.0, 248862500.0]","[179618500.0, 221809780.4878049, 179733550.57017478, 125591000.0, 271041750.0]","[172651500.0, 179019086.95652175, 98081209.57873236, 107786500.0, 245774000.0]","[215784000.0, 328108590.90909094, 321422585.066714, 133782250.0, 355310750.0]","[222174500.0, 236766977.27272728, 103524400.2946316, 171557250.0, 284926250.0]","[314607500.0, 426498976.1904762, 315548175.32985264, 239478000.0, 468267750.0]","[302688500.0, 353439809.52380955, 185115225.83595616, 258158250.0, 379195250.0]","[303421000.0, 314268740.0, 153376788.46954778, 199118500.0, 403792750.0]","[256816000.0, 1215056500.0, 1425799229.0334044, 197919000.0, 3164979250.0]","[153679500.0, 153649571.42857143, 89630285.22867407, 93938500.0, 207301000.0]","[366353500.0, 406573483.3333333, 170696967.10091168, 297043000.0, 468102000.0]","[218414500.0, 6515429558.823529, 36188625503.55036, 142669750.0, 289015000.0]","[182611000.0, 222769300.0, 172493399.9830428, 127721750.0, 276517250.0]","[838384250488847.5, 838384250488847.5, 838384250488847.5, 838384250488847.5, 838384250488847.5]","[200195000.0, 199259000.0, 69944600.37665524, 147773250.0, 241689750.0]","[180088500.0, 192183166.66666666, 73592359.33845307, 149313500.0, 236906750.0]","[199897000.0, 230124733.33333334, 120962651.5144057, 135487000.0, 322795250.0]","[211496500.0, 216951523.80952382, 116163928.61378066, 131928500.0, 284476500.0]","[188400500.0, 201421000.0, 84470141.85859469, 163538000.0, 252276000.0]","[205083000.0, 224287500.0, 94733104.6097403, 182720250.0, 292303500.0]","[226504000.0, 261037000.0, 163328408.41269776, 137506000.0, 346462000.0]","[272690500.0, 335649833.3333333, 159540944.23715606, 247676500.0, 348079750.0]","[144908500.0, 144384375.0, 82097470.00862882, 92023250.0, 195315250.0]","[234626000.0, 277543192.3076923, 269363266.90574586, 154051000.0, 320021750.0]","[169237500.0, 168181937.5, 89656501.23489982, 112473000.0, 242382750.0]","[245677500.0, 304532535.71428573, 256334738.51893377, 160988000.0, 324992000.0]","[260956000.0, 345108691.1764706, 317772289.01731145, 216263250.0, 328473250.0]","[549523500.0, 549523500.0, 68829218.3324059, 523583250.0, 575463750.0]","[189101500.0, 199165538.46153846, 91953773.26102953, 133026250.0, 261430750.0]","[180104000.0, 216274175.0, 178522429.89263108, 126470750.0, 256336500.0]",[1062],[1],"[185370000.0, 186040250.0, 88817226.2769207, 126456250.0, 229095500.0]","[198395000.0, 295366800.0, 295512402.68745065, 154465750.0, 274574500.0]","[193922500.0, 312890000.0, 334414016.3040793, 152081750.0, 286050250.0]","[1359005537888146.8, 1359005537888146.8, 1359005537888146.8, 1359005537888146.8, 1359005537888146.8]","[276090000.0, 291080687.5, 95132370.78586785, 225451750.0, 344425750.0]"
0,"[171754000.0, 177937080.6451613, 81889749.2264109, 120333000.0, 231188000.0]","[234430500.0, 252829846.15384614, 104075138.12756245, 198878750.0, 279943750.0]","[337667500.0, 334628500.0, 117333650.27620545, 265252500.0, 393488250.0]","[245235000.0, 309635750.0, 270066768.57290524, 210843750.0, 299598250.0]","[288777000.0, 435399000.0, 595228824.0822582, 237119250.0, 357346500.0]","[188055000.0, 243411100.0, 218625203.49734765, 142800750.0, 260292500.0]","[149706000.0, 160045573.52941176, 93709029.96742506, 90775000.0, 217475750.0]","[273054500.0, 392733450.0, 329073355.9250341, 173150750.0, 479381500.0]","[172895500.0, 193013727.27272728, 140165827.8890385, 123472750.0, 242421500.0]","[174079500.0, 261181863.63636363, 304652024.79133254, 117903250.0, 252809500.0]","[210906500.0, 286090648.1481481, 261928045.4344254, 150531250.0, 286737000.0]","[403009000.0, 568292333.3333334, 296074158.2980333, 340927500.0, 921673500.0]","[207247500.0, 267728583.33333334, 256065747.07434624, 142771000.0, 260732750.0]","[217580000.0, 220051642.85714287, 110893972.36878833, 137066750.0, 271270500.0]","[184460500.0, 216362043.47826087, 182897234.25280163, 124647000.0, 252704750.0]","[204453000.0, 213173966.66666666, 59801759.039058, 177504000.0, 253075250.0]","[224929000.0, 350980765.625, 365084056.1489634, 164014250.0, 302747500.0]","[148060500.0, 156166192.30769232, 76389672.08611748, 103368000.0, 214266500.0]","[154366500.0, 164992450.0, 75880203.96353385, 115401500.0, 208613250.0]","[251353500.0, 288204157.8947368, 167367433.65225953, 183647250.0, 323681500.0]","[466969500.0, 465160266.6666667, 213072781.72789273, 269692250.0, 675134250.0]","[301921000.0, 355052416.6666667, 201409449.54851916, 246711250.0, 369297500.0]","[369417500.0, 411700000.0, 237664548.56051835, 244964250.0, 494566250.0]","[201319500.0, 204619500.0, 47270377.24886485, 180230000.0, 232266000.0]","[229105500.0, 299689500.0, 261621423.8911283, 156036250.0, 272314000.0]","[358680500.0, 369676083.3333333, 99284500.11568886, 294412750.0, 426136500.0]","[238864500.0, 8420467500.0, 29198161613.786636, 148227000.0, 306275250.0]","[189399500.0, 276126461.53846157, 316876754.346135, 138320500.0, 268726250.0]","[838384250488847.5, 838384250488847.5, 838384250488847.5, 838384250488847.5, 838384250488847.5]","[230310500.0, 304442700.0, 253293242.7823727, 196788000.0, 324069000.0]","[186835500.0, 181626607.14285713, 48955588.10569264, 145160250.0, 215158250.0]","[221743500.0, 238500850.0, 115857870.77742064, 143430500.0, 321779250.0]","[200338000.0, 206904458.33333334, 76461308.63083583, 144815500.0, 264405250.0]","[204390000.0, 202991000.0, 61817212.344944835, 169594250.0, 246073500.0]","[232339000.0, 234302125.0, 86919863.18218279, 188252000.0, 279481500.0]","[238025500.0, 401320625.0, 363736885.479201, 158862750.0, 467836750.0]","[271019500.0, 279837150.0, 60684510.94618378, 238506750.0, 308389500.0]","[256312500.0, 410919562.5, 321384135.6926841, 162211000.0, 762187750.0]","[250187000.0, 334685647.0588235, 290752795.3469268, 181835000.0, 334045250.0]","[212348500.0, 211944500.0, 87440349.46131372, 150274000.0, 262475500.0]","[208441000.0, 221117357.14285713, 100976268.16669573, 154718250.0, 282681750.0]","[250112000.0, 339445434.7826087, 267898410.11036026, 219847500.0, 317129000.0]","[100175003027391.8, 100175003027391.8, 100175003027391.8, 100175003027391.8, 100175003027391.8]","[257478000.0, 340192954.54545456, 275142396.40758204, 178110250.0, 351142750.0]","[225944000.0, 367489588.2352941, 446756934.9132155, 148751000.0, 348815250.0]",[1062],[2],"[193782500.0, 199227878.78787878, 75050439.87192984, 151290250.0, 250621750.0]","[280465000.0, 389542375.0, 267747351.27059966, 206461250.0, 496047500.0]","[260181500.0, 363702000.0, 242111949.54013526, 207177250.0, 445297500.0]","[1359005537888146.8, 1359005537888146.8, 1359005537888146.8, 1359005537888146.8, 1359005537888146.8]","[333789000.0, 330608833.3333333, 62347592.05098105, 299150250.0, 385612750.0]"
0,"[176081000.0, 189628083.33333334, 103599832.29543884, 127293500.0, 244646250.0]","[236694500.0, 267730687.5, 153417834.5408458, 206447250.0, 290737000.0]","[333226500.0, 325437860.0, 92490751.8387671, 280839750.0, 386447250.0]","[256497500.0, 332247852.9411765, 249425420.66439566, 222607750.0, 325804250.0]","[281352000.0, 369613476.1904762, 322669957.22831964, 230643000.0, 373832500.0]","[208434000.0, 238902200.0, 153868150.45884794, 143715500.0, 280107500.0]","[147154000.0, 164094363.63636363, 130530775.51959367, 82617500.0, 222500250.0]","[280198000.0, 346200369.5652174, 214219952.9949207, 185348250.0, 476264500.0]","[163176500.0, 171263394.7368421, 85263818.66819979, 111958750.0, 231528000.0]","[178102000.0, 189972763.15789473, 85667853.08508123, 133372500.0, 239433500.0]","[198961500.0, 264970416.66666666, 229729242.54636455, 143982000.0, 279916750.0]","[286510500.0, 277077000.0, 80981082.00221828, 233319500.0, 336984250.0]","[178672000.0, 195065607.14285713, 89968054.26643683, 140574000.0, 243353500.0]","[192046000.0, 230207125.0, 172863914.69262567, 124254250.0, 250026000.0]","[168499500.0, 171487282.60869566, 81538120.63775767, 106059000.0, 238357250.0]","[210616500.0, 212549909.0909091, 59579675.37630832, 175911500.0, 252585750.0]","[202519500.0, 278016260.8695652, 229587197.48500547, 139478750.0, 289887250.0]","[190441500.0, 330120416.6666667, 482504615.7545988, 127918750.0, 262440750.0]","[194078500.0, 225264181.8181818, 138937298.6846409, 148243750.0, 265401000.0]","[229697000.0, 255625800.0, 199487538.64793158, 142484000.0, 264342000.0]","[306138000.0, 364751375.0, 172175751.58082476, 246473250.0, 452696750.0]","[281517500.0, 314518750.0, 150987783.4923657, 238883250.0, 331888000.0]","[257683500.0, 271000043.4782609, 135346600.41689688, 164721000.0, 352811750.0]","[222393500.0, 218217250.0, 59317347.097518615, 178439500.0, 250541250.0]","[179967500.0, 183211750.0, 79488843.56232011, 126681750.0, 246544750.0]","[314238500.0, 322052692.3076923, 72296190.51593842, 271032500.0, 365149750.0]","[203510000.0, 30517126863.636364, 138958758510.43326, 134956750.0, 249038000.0]","[231376000.0, 403085000.0, 444145744.137812, 175016250.0, 321524000.0]","[838384250488847.5, 838384250488847.5, 838384250488847.5, 838384250488847.5, 838384250488847.5]","[211217000.0, 207272400.0, 73353513.88474856, 162657750.0, 238152500.0]","[197622500.0, 200479088.2352941, 57742138.774273925, 163796750.0, 242631250.0]","[271170500.0, 414102375.0, 485284010.12747276, 160184500.0, 429070750.0]","[214267000.0, 302738750.0, 242498962.67919892, 151731750.0, 302290500.0]","[198048500.0, 196342700.0, 63648300.08814061, 162359250.0, 230467500.0]","[247273500.0, 241855250.0, 85110744.36689824, 196253500.0, 283318500.0]","[169332000.0, 169332000.0, 66845225.38296957, 128412750.0, 210251250.0]","[316076000.0, 316090875.0, 70621526.46048777, 264742500.0, 352581500.0]","[237829000.0, 550803562.5, 568295765.5446644, 138453000.0, 956003750.0]","[289217500.0, 324116533.3333333, 211721657.42128405, 198325500.0, 380588500.0]","[197998000.0, 195674916.66666666, 77605457.02296363, 146409000.0, 260167500.0]","[208654000.0, 278358875.0, 229759635.30757937, 162947750.0, 284118000.0]","[258325500.0, 278025000.0, 90962832.11936879, 220728750.0, 326350750.0]","[100175003027391.8, 100175003027391.8, 100175003027391.8, 100175003027391.8, 100175003027391.8]","[240896000.0, 260022000.0, 130637590.65693916, 175821250.0, 298514750.0]","[197834500.0, 259271651.5151515, 209083831.45117366, 140108250.0, 295118500.0]",[1062],[3],"[192143000.0, 188725466.66666666, 71298974.5419401, 136255750.0, 233461000.0]","[226104000.0, 249201750.0, 124464266.31221308, 171736750.0, 277108000.0]","[254074500.0, 267658062.5, 127133769.13804646, 171536250.0, 321329750.0]","[1359005537888146.8, 1359005537888146.8, 1359005537888146.8, 1359005537888146.8, 1359005537888146.8]","[283118500.0, 304301100.0, 79384383.40498716, 254795250.0, 352705250.0]"
0,"[191296000.0, 426435346.7741935, 757838328.3546189, 124129250.0, 288182500.0]","[206755000.0, 283552263.15789473, 294136796.4048198, 170343000.0, 279261750.0]","[178094000.0, 334316927.0833333, 412882487.2338765, 125309000.0, 287459000.0]","[248246000.0, 311194054.79452056, 243530005.7393924, 187348250.0, 334096250.0]","[252998500.0, 341449566.6666667, 295806750.789924, 202642250.0, 346300000.0]","[193749000.0, 849156063.8297873, 4322926361.047306, 138209000.0, 261084750.0]","[219171000.0, 281111566.6666667, 240156766.88338158, 150669250.0, 288700750.0]","[212009000.0, 274587723.0769231, 308981325.30290353, 139264000.0, 295464250.0]","[144520000.0, 160472531.74603173, 100003633.90815502, 100921500.0, 214275500.0]","[173845500.0, 263392505.2631579, 418897310.55735075, 120053500.0, 246278000.0]","[182371000.0, 228255418.60465115, 208131795.13809553, 121798500.0, 255502250.0]","[317923500.0, 570459842.1052631, 514688650.9428489, 212452750.0, 903799750.0]","[214416000.0, 331357729.7297297, 316789973.4453326, 152847500.0, 337970750.0]","[299966500.0, 499003195.65217394, 424098833.23922825, 206172000.0, 769576750.0]","[238984000.0, 334044750.0, 485525692.3200686, 173774500.0, 309606000.0]","[223632500.0, 351629808.5106383, 435206084.4288961, 181444500.0, 306683000.0]","[187827000.0, 693432714.2857143, 1601595450.9693353, 131822500.0, 620155750.0]","[301049000.0, 442984306.8181818, 466798416.1275142, 218645000.0, 422233250.0]","[193261000.0, 196085138.8888889, 83888683.52470724, 131495000.0, 247872750.0]","[193776000.0, 307901182.6923077, 436923349.06360525, 162323250.0, 255331250.0]","[169036500.0, 321416230.7692308, 494985230.5068193, 115656250.0, 263669250.0]","[203092000.0, 506559234.8484849, 1334586707.1181872, 133143000.0, 353605500.0]","[198041500.0, 261073058.82352942, 256067023.8197576, 136497500.0, 271506000.0]","[212131000.0, 351316037.037037, 363500934.4454067, 179125500.0, 278865750.0]","[269493500.0, 598618045.4545455, 630995989.1474046, 161343750.0, 1023447000.0]","[227292000.0, 362292540.9836066, 421066162.3575647, 162016250.0, 322053000.0]","[152050000.0, 154228000.0, 77300827.1000844, 102958250.0, 210506750.0]","[917493500.0, 689310800.0, 382046774.4628398, 244796750.0, 1016410750.0]","[252128000.0, 863717406.25, 2105339924.098947, 188706750.0, 377116250.0]","[184092500.0, 230368106.06060606, 265202940.47278777, 124790750.0, 243011750.0]","[195792000.0, 290854781.25, 311768361.07261634, 165529750.0, 260488500.0]","[156842000.0, 191218051.72413793, 189297445.00501946, 97857250.0, 225510500.0]","[267769500.0, 439475756.7567568, 472650745.024353, 201648250.0, 441614750.0]","[174190500.0, 310298310.3448276, 680633607.2444762, 145815750.0, 228304000.0]","[199197500.0, 500111775.0, 1848495053.945337, 155699500.0, 259637500.0]","[198510000.0, 245342733.33333334, 189543774.94067752, 141093500.0, 264885250.0]","[281894000.0, 289747375.0, 155938992.84838194, 152073750.0, 404739750.0]","[192018000.0, 284050900.0, 368220683.94519204, 131165250.0, 263112500.0]","[156566000.0, 200365880.0, 196148723.86152706, 101682750.0, 228629500.0]","[195496500.0, 335879411.7647059, 389447819.63778484, 131667750.0, 319854250.0]","[196957000.0, 272523575.0, 331763105.6387892, 140341250.0, 277026250.0]","[224625000.0, 295302779.0697674, 270077790.5998351, 174958500.0, 293221250.0]","[190237500.0, 217765222.2222222, 139407578.49509934, 143122000.0, 251891000.0]","[157939500.0, 169430918.9189189, 81815580.9755807, 118400250.0, 224496500.0]","[132087000.0, 203572813.18681318, 486442840.45140606, 98048000.0, 198637250.0]",[1063],[1],"[214041000.0, 469332664.0625, 1048488128.4197513, 156437750.0, 292838750.0]","[196996500.0, 430726777.7777778, 776748084.1696723, 158551000.0, 269012250.0]","[190737500.0, 308074029.4117647, 350751026.97071874, 136691500.0, 284272500.0]","[522978000.0, 771007625.0, 689625746.091936, 224875500.0, 1026970750.0]","[302941500.0, 350729350.0, 178760178.01044923, 208252000.0, 462536500.0]"
0,"[200595500.0, 360839200.0, 497366296.3922415, 135371750.0, 283226250.0]","[207027500.0, 250359685.48387095, 145454131.70360982, 171588000.0, 279288750.0]","[242932500.0, 377506181.8181818, 323642489.69740534, 146197500.0, 529719250.0]","[243062500.0, 324385156.25, 367077546.7939182, 195241500.0, 324186750.0]","[276781000.0, 364729046.875, 265275840.648903, 204114500.0, 395115500.0]","[206290500.0, 280581804.34782606, 231959377.46380615, 141993500.0, 283181750.0]","[236412500.0, 403973021.73913044, 722582783.3434814, 166239250.0, 315085000.0]","[194717000.0, 311840954.54545456, 418239857.5847151, 125297000.0, 285317250.0]","[144916000.0, 160409096.15384614, 90727420.92478895, 102919500.0, 212151500.0]","[184948500.0, 236881480.76923078, 237090539.17355156, 125325000.0, 257493750.0]","[174451000.0, 215226435.48387095, 155404615.8266533, 133567750.0, 238297000.0]","[368687000.0, 476276437.5, 415384437.31153566, 146833250.0, 598760500.0]","[232015500.0, 375522694.4444444, 340053714.5925805, 152802750.0, 510536500.0]","[256282500.0, 415548230.7692308, 572193072.614333, 192584750.0, 336453750.0]","[217402500.0, 306125796.2962963, 350042238.9130679, 147142000.0, 293854750.0]","[228205500.0, 366704565.2173913, 586509515.5070099, 183172750.0, 286843000.0]","[217594500.0, 826846638.8888888, 1530578450.5560696, 134901750.0, 951910250.0]","[286404000.0, 515554119.04761904, 621288546.4204406, 199162250.0, 464013000.0]","[219266000.0, 325891600.0, 295937465.968809, 122321250.0, 340072000.0]","[196799000.0, 208012736.84210527, 65280724.87329916, 173276500.0, 252974500.0]","[153725000.0, 217089774.19354838, 258810929.61452165, 116679250.0, 227881500.0]","[176307500.0, 269930344.82758623, 315620780.437895, 116314250.0, 262520250.0]","[174252500.0, 178039558.82352942, 79129625.42514029, 119470250.0, 232956500.0]","[203490000.0, 217926000.0, 67562409.4215859, 183728250.0, 270376750.0]","[215388500.0, 352332062.5, 321331951.5797621, 145206500.0, 401519000.0]","[219474000.0, 238183812.5, 114822980.68415578, 168867000.0, 269494750.0]","[181739500.0, 351162388.8888889, 524838610.61844933, 123564500.0, 234613000.0]","[382242500.0, 533811833.3333333, 280747490.6034583, 318013500.0, 839226000.0]","[236610500.0, 603517312.5, 956356103.3156805, 191870000.0, 324570000.0]","[197843000.0, 238549160.0, 172910887.32273164, 146213000.0, 271167500.0]","[192896500.0, 204419400.0, 77208581.51196666, 162648250.0, 250641000.0]","[159017000.0, 188407464.2857143, 148850972.9264192, 92979250.0, 244905500.0]","[228642000.0, 701664766.6666666, 1194176209.6188927, 161722750.0, 528164750.0]","[167323500.0, 180421538.46153846, 66030173.2850688, 140829250.0, 231199750.0]","[208024500.0, 1373780000.0, 2889461205.63062, 169756500.0, 277699250.0]","[149583000.0, 171423611.1111111, 84683710.35384084, 123555250.0, 225577750.0]","[248758500.0, 389987600.0, 323974354.6929911, 176674500.0, 440234000.0]","[192100000.0, 241627375.0, 192447042.87323055, 139908250.0, 261339500.0]","[155787000.0, 167517000.0, 105327412.21003978, 88308250.0, 217383250.0]","[295401500.0, 627490375.0, 672184797.4534119, 160107750.0, 815867000.0]","[268440500.0, 327738388.8888889, 200656523.8473831, 182139000.0, 386995250.0]","[203007500.0, 210521300.0, 62946177.55499535, 169834000.0, 252772500.0]","[200536500.0, 269037181.8181818, 205164278.52125907, 133052500.0, 309845250.0]","[182388500.0, 223433607.14285713, 169189753.24972492, 124981750.0, 263220750.0]","[143592000.0, 151316178.57142857, 70992068.79966386, 111551000.0, 198908250.0]",[1063],[2],"[211082000.0, 491635026.31578946, 1005240069.2189806, 155000250.0, 294625750.0]","[194266000.0, 272835285.71428573, 236018987.35344777, 150166000.0, 248959750.0]","[178212000.0, 185631375.0, 77915959.68844813, 135642000.0, 237684750.0]","[234075000.0, 245172333.33333334, 82143879.09062704, 197653500.0, 301399000.0]","[468396500.0, 854926500.0, 843065086.2990206, 203165500.0, 1202760250.0]"
0,"[183473000.0, 372011000.0, 496426540.2614343, 114412250.0, 285446750.0]","[210940000.0, 281372285.71428573, 238774378.14364138, 173331500.0, 281331000.0]","[174174000.0, 359521230.7692308, 467781321.80142975, 118525000.0, 263269500.0]","[231159500.0, 240500230.76923078, 98514970.82347733, 173744000.0, 284765000.0]","[235843000.0, 322924125.0, 242489747.49157137, 191746750.0, 304950500.0]","[198466500.0, 221363178.57142857, 140110207.86179447, 133010000.0, 266627750.0]","[234941000.0, 288121791.6666667, 195292788.31538624, 149771250.0, 348897000.0]","[204964500.0, 371426833.3333333, 619447641.0227412, 124354750.0, 294422500.0]","[142564500.0, 178258533.33333334, 136185183.76564398, 106209500.0, 214217750.0]","[162319500.0, 196912866.66666666, 169369609.9277127, 110793750.0, 234641000.0]","[158749000.0, 164037153.84615386, 74376975.39235373, 117767500.0, 214808250.0]","[224236500.0, 448271500.0, 577473830.6499265, 145158750.0, 281751000.0]","[195955000.0, 305395961.53846157, 325027658.25795865, 145892500.0, 309363500.0]","[274450000.0, 305685611.1111111, 163437468.22362602, 195340500.0, 363433000.0]","[204092000.0, 205695392.85714287, 85055251.59747604, 139509250.0, 260999250.0]","[207063500.0, 307712900.0, 299316188.02420294, 173710250.0, 278986750.0]","[145507500.0, 227445777.7777778, 234619538.34170085, 114754250.0, 223470000.0]","[270132500.0, 317289833.3333333, 200702601.27449077, 193775500.0, 366595000.0]","[859230000.0, 834726625.0, 683693406.1454259, 152557000.0, 1509187500.0]","[195181500.0, 202956423.07692307, 72056230.58266748, 156522250.0, 247840000.0]","[199018000.0, 313371866.6666667, 306856491.59422314, 121409750.0, 400482000.0]","[155108500.0, 159891437.5, 71771402.72112978, 110694250.0, 212252500.0]","[181485500.0, 235602500.0, 199555610.75125286, 125899500.0, 237095750.0]","[208114500.0, 207981916.66666666, 51584517.941365466, 183035250.0, 234544250.0]","[233115500.0, 288271750.0, 180183703.47885007, 152861000.0, 339918250.0]","[180941500.0, 507957500.0, 1095029713.3677468, 126001250.0, 252036500.0]","[158760000.0, 148536166.66666666, 62137163.10823089, 105423500.0, 179280000.0]","[443099500.0, 445685000.0, 195640587.1266236, 265748000.0, 622353000.0]","[186106500.0, 187236750.0, 54567434.875917524, 162472750.0, 211599000.0]","[177047500.0, 285893772.72727275, 357059549.44352347, 144176500.0, 242405500.0]","[194029000.0, 204516416.66666666, 53748489.96244504, 168995500.0, 241648000.0]","[183594000.0, 181662500.0, 76931117.80948375, 139368250.0, 239439750.0]","[228809000.0, 327286300.0, 252575145.03828362, 167419500.0, 307484750.0]","[173482500.0, 256401818.1818182, 281799624.2674662, 145097750.0, 230974500.0]","[231779000.0, 231779000.0, 64938456.45301403, 203156250.0, 260401750.0]","[191365000.0, 351799750.0, 448043164.0713453, 117151500.0, 285426750.0]","[416274000.0, 416815250.0, 140752375.12982684, 316892750.0, 517447000.0]","[157930500.0, 148379750.0, 67728039.93315841, 96464500.0, 184577000.0]","[143465500.0, 143088611.1111111, 74859512.07698537, 95930750.0, 195714250.0]","[113786000.0, 114025250.0, 57876083.08867749, 89390000.0, 139051250.0]","[195593500.0, 199063833.33333334, 67354940.67912827, 152945250.0, 248560250.0]","[214584500.0, 219359681.8181818, 74598900.57798582, 172723000.0, 264158000.0]","[180925000.0, 368699600.0, 419426384.0902715, 131479500.0, 264586500.0]","[161845500.0, 156863375.0, 67781392.41790016, 115641750.0, 198256750.0]","[125542500.0, 136834000.0, 74043897.08561401, 99597750.0, 185709500.0]",[1063],[3],"[186580500.0, 225925250.0, 157875597.31933716, 139907750.0, 243861750.0]","[216168000.0, 253258800.0, 126870408.02275367, 157837250.0, 292644500.0]","[297163000.0, 453740785.71428573, 328104691.856704, 203652250.0, 630253500.0]","[673989500.0, 652434500.0, 224551081.51320493, 457487750.0, 852505250.0]","[388804000.0, 407205333.3333333, 209894688.57871452, 226041250.0, 574011250.0]"
0,"[173964000.0, 403711932.4324324, 1488668646.920304, 121551500.0, 235317500.0]","[205777000.0, 231566213.2352941, 169364967.88480186, 174860500.0, 258288750.0]","[389213500.0, 405807527.7777778, 240264304.2747676, 290815000.0, 475091000.0]","[232805000.0, 259871915.0, 119099480.12820113, 205492500.0, 296489000.0]","[239018000.0, 276789880.95238096, 182144868.16474545, 197352250.0, 312563500.0]","[133739000.0, 135817433.33333334, 69578923.8005702, 78100000.0, 189053000.0]","[199152000.0, 250104638.46153846, 236218224.99238688, 126279750.0, 281268750.0]","[195597000.0, 526283780.7017544, 1973998215.4015102, 127363250.0, 305311000.0]","[153924500.0, 163876064.70588234, 97476390.16102938, 101261000.0, 208116000.0]","[225980500.0, 323681976.1904762, 305313746.20234925, 145331500.0, 354949250.0]","[119266500.0, 211366013.8888889, 396620405.8803509, 73418750.0, 186646750.0]","[332312000.0, 311587500.0, 114667672.91176707, 222771000.0, 383566000.0]","[346168500.0, 381940206.8965517, 223768516.76363036, 233454000.0, 466353250.0]","[86000500.0, 108652270.83333333, 107957290.55467175, 61790000.0, 139570500.0]","[243019500.0, 260358989.79591838, 142484648.08386034, 166732250.0, 325096250.0]","[212037500.0, 246003921.0526316, 155664463.67465046, 174696250.0, 262581250.0]","[117534000.0, 196709019.23076922, 370991820.69933474, 73319500.0, 176736750.0]","[206399500.0, 266178817.30769232, 312891178.4580243, 113376750.0, 307786000.0]","[229732000.0, 267538217.39130434, 191312334.85681412, 136045000.0, 346972750.0]","[221007500.0, 350268750.0, 673388848.3555851, 167991500.0, 302087000.0]","[221912000.0, 361793657.8947368, 689751063.1687288, 189975250.0, 276595250.0]","[299848500.0, 378947367.1875, 347990384.3600686, 255390750.0, 358256750.0]","[250781500.0, 259629882.3529412, 161710270.29191196, 136902250.0, 346758250.0]","[194196500.0, 202809181.8181818, 58652877.48112131, 162304500.0, 244591000.0]","[105568500.0, 131568555.55555555, 98647513.27790062, 68987250.0, 172525000.0]","[298681500.0, 336149944.4444444, 179895635.9636482, 267702750.0, 351591750.0]","[145535000.0, 195590500.0, 188422125.5250107, 84617250.0, 245016000.0]","[102170500.0, 133777357.14285715, 104495911.80971569, 69528000.0, 150133750.0]","[206173000.0, 301712617.64705884, 386297200.6312752, 176110750.0, 249032250.0]","[106468500.0, 161046500.0, 233643615.30186474, 62882750.0, 158369750.0]","[153228000.0, 158364880.4347826, 54868568.681330465, 127300500.0, 194702000.0]","[123708500.0, 181013239.13043478, 195382063.86881697, 73452250.0, 202346000.0]","[95577000.0, 130921312.5, 94599052.08974001, 74564000.0, 181082500.0]","[173737500.0, 303412907.8947368, 505176639.85627675, 127150750.0, 244600000.0]","[221166000.0, 331298983.87096775, 426213252.8375941, 160163750.0, 304744750.0]","[92974000.0, 108763321.42857143, 73575475.13028158, 62008250.0, 141140000.0]","[357635000.0, 442816809.52380955, 279847963.2827217, 304291500.0, 443354750.0]","[168526000.0, 199212866.66666666, 133090602.93154518, 101598750.0, 284399500.0]","[209546500.0, 221389681.8181818, 70096340.0509265, 184932000.0, 247566000.0]","[198427000.0, 271112500.0, 204053050.3655851, 105111250.0, 386995500.0]","[310539000.0, 420478050.0, 406870868.3326597, 225718500.0, 424913000.0]","[250296500.0, 306328656.25, 265698010.15780932, 208702500.0, 299516750.0]","[177645500.0, 242469812.5, 195354084.74364528, 104031750.0, 351904500.0]","[94878500.0, 113854375.0, 94086427.81099924, 45098000.0, 143934000.0]","[138403500.0, 241046260.0, 311950719.47474724, 100711750.0, 231185500.0]",[1064],[1],"[110404000.0, 128631857.14285715, 120091424.92775245, 77266750.0, 161908750.0]","[183767000.0, 294218645.16129035, 376611449.67661196, 144961750.0, 265606250.0]","[133532500.0, 188207300.0, 163551861.09200957, 73923000.0, 254889750.0]","[189230500.0, 245504416.66666666, 218866805.64689657, 158773000.0, 238023000.0]","[259601000.0, 453768111.1111111, 464958538.4986719, 225219750.0, 317127000.0]"
0,"[167911500.0, 195069171.42857143, 147448559.62508914, 135644250.0, 217763500.0]","[207538000.0, 237682692.30769232, 123212867.50233887, 181481750.0, 259514750.0]","[359598000.0, 415662293.1034483, 366012030.6274574, 282781000.0, 428204750.0]","[223871000.0, 239541722.2222222, 98060985.45673025, 190493500.0, 261717250.0]","[240438500.0, 520231915.0943396, 1260277432.128426, 194928000.0, 309134250.0]","[81200500.0, 88886000.0, 53552281.103765, 66464500.0, 127007000.0]","[220295000.0, 254062166.66666666, 161835489.85773504, 138269250.0, 329484000.0]","[238042000.0, 348088676.4705882, 342425315.98641384, 128850250.0, 360575000.0]","[145442000.0, 252744796.875, 344247707.7074951, 95124000.0, 212285500.0]","[220604500.0, 289180850.0, 285330698.0541219, 158043000.0, 311369000.0]","[113298500.0, 139623321.42857143, 113374421.6742388, 72107500.0, 180717250.0]","[335275000.0, 466805615.38461536, 548430775.4854249, 268882000.0, 393071000.0]","[295748000.0, 275954933.3333333, 98450789.26276934, 206591250.0, 356907750.0]","[74660000.0, 80843312.5, 52667879.047288805, 48361750.0, 119949000.0]","[213537000.0, 219836611.1111111, 101086964.7629587, 157610000.0, 273965750.0]","[198958000.0, 212708631.57894737, 69003945.2327188, 174160250.0, 248748750.0]","[105607500.0, 119085727.27272727, 67674255.7608819, 82897500.0, 167611000.0]","[166070000.0, 186488100.0, 114752783.45701621, 104622000.0, 263159000.0]","[117147000.0, 118736250.0, 52688871.11086648, 87394000.0, 152829500.0]","[208006500.0, 207078354.16666666, 76495964.98481406, 149708000.0, 252436000.0]","[228039000.0, 293637142.85714287, 258085601.2749103, 185493750.0, 286242750.0]","[321714500.0, 397556530.3030303, 207396196.33724764, 267597000.0, 452578500.0]","[241232000.0, 236006312.5, 120971014.24500352, 135185750.0, 332109500.0]","[189576500.0, 196006921.0526316, 51418252.81985376, 173536250.0, 237443000.0]","[79070000.0, 82668000.0, 53058866.34578617, 57390000.0, 130125000.0]","[310208000.0, 305113129.6296296, 55793799.35100525, 264960250.0, 339264000.0]","[174160500.0, 458191666.6666667, 758030084.1428925, 103208250.0, 321124000.0]","[182534000.0, 194791500.0, 125614941.78341205, 93034250.0, 292666750.0]","[199861500.0, 201915888.8888889, 40904603.304367274, 174394500.0, 237546750.0]","[89280500.0, 157590030.3030303, 345636566.1891539, 57769750.0, 136671000.0]","[158119500.0, 161293404.76190478, 45362148.2479556, 128841500.0, 195044000.0]","[95890500.0, 128668500.0, 93294744.14568236, 72632500.0, 161536500.0]","[114050500.0, 116059000.0, 62767469.355152436, 72283750.0, 156381750.0]","[170821000.0, 201971794.11764705, 136341895.36554557, 141288000.0, 233890750.0]","[199320500.0, 204203892.85714287, 73898337.31521167, 161532750.0, 260791000.0]","[88196000.0, 98702766.66666667, 55294336.65526295, 70219750.0, 142724000.0]","[324919000.0, 568527500.0, 519226114.4315591, 270015250.0, 402543750.0]","[137990500.0, 154644714.2857143, 78672135.75468814, 97627500.0, 196752750.0]","[266410000.0, 278650250.0, 78717919.15030634, 212985250.0, 356423250.0]","[177559500.0, 209719833.33333334, 107827139.1277364, 127960750.0, 288922500.0]","[253142500.0, 256662500.0, 85414971.97476563, 187957500.0, 288389000.0]","[234842000.0, 242914100.0, 82564031.96604438, 190381500.0, 271142750.0]","[177335000.0, 343453750.0, 379675055.91451156, 56715250.0, 471171000.0]","[100232500.0, 132329416.66666667, 110767728.87176897, 61362250.0, 155787000.0]","[140059000.0, 165791166.66666666, 112463023.43869394, 103745750.0, 203605750.0]",[1064],[2],"[127613500.0, 209942468.75, 368720468.27847654, 73150000.0, 175583250.0]","[168452000.0, 177571000.0, 53940625.65451016, 140786500.0, 207229000.0]","[100435500.0, 100435500.0, 70118906.88858463, 74559500.0, 126311500.0]","[184249500.0, 184249500.0, 55682314.833796196, 151286750.0, 217212250.0]","[241849500.0, 304573416.6666667, 156427920.87436435, 227645250.0, 287547500.0]"
0,"[189584500.0, 240241633.33333334, 242778784.15549642, 135984000.0, 252801750.0]","[202884000.0, 207168649.35064936, 49901208.492059134, 179287000.0, 248296000.0]","[372334500.0, 462022000.0, 738743612.965065, 287748750.0, 440637500.0]","[231413000.0, 241749992.06349206, 71868831.28448904, 199838750.0, 276854250.0]","[230441000.0, 280274446.969697, 201677888.2124427, 186450250.0, 299720750.0]","[103230500.0, 112196375.0, 75956217.42041732, 60794750.0, 138437500.0]","[203900500.0, 257822139.5348837, 350119600.11694616, 138007750.0, 276343000.0]","[246159500.0, 402766500.0, 476870916.83140975, 157907250.0, 349822500.0]","[144200000.0, 181513529.4117647, 211435855.4198684, 97497750.0, 197000000.0]","[231313000.0, 318329518.1818182, 264750717.50752568, 171186500.0, 319453500.0]","[91868500.0, 106797966.66666667, 71241464.71378557, 64590250.0, 152928750.0]","[324965000.0, 565406538.4615384, 935125224.3220087, 257680250.0, 375217750.0]","[338866000.0, 329084117.64705884, 110682690.98079818, 255186750.0, 418539000.0]","[84005000.0, 110277861.1111111, 118520178.545482, 57270500.0, 138750250.0]","[216984500.0, 254602413.04347825, 155774639.84252548, 154664500.0, 296467250.0]","[198470500.0, 203957054.05405405, 59397184.03255392, 167373750.0, 242421250.0]","[111967000.0, 136730281.25, 90996997.98851003, 82154500.0, 180126750.0]","[180187000.0, 228472457.14285713, 242999865.09315395, 106395750.0, 277826250.0]","[178881000.0, 249848230.76923078, 211043157.14587998, 126823500.0, 289998000.0]","[220734500.0, 324635482.7586207, 343465072.8686197, 164162750.0, 301451500.0]","[231258500.0, 280272088.2352941, 168772158.25478297, 189481250.0, 282453250.0]","[310115500.0, 328621524.3902439, 96558763.87246616, 276427000.0, 354416000.0]","[230291000.0, 270170090.90909094, 222378818.6041208, 133078250.0, 339092000.0]","[201039000.0, 205084920.0, 50622650.31617369, 170151000.0, 242879250.0]","[110250000.0, 536870000.0, 1093672358.403272, 83503500.0, 216070750.0]","[300546000.0, 305650796.875, 53852894.99607927, 273222000.0, 341296000.0]","[139832500.0, 166102413.04347825, 115765006.97488259, 89186000.0, 215516750.0]","[92477500.0, 100538111.1111111, 61874693.648075625, 62293500.0, 142801250.0]","[211321000.0, 322994041.6666667, 278059468.9462398, 174338000.0, 259954250.0]","[102736500.0, 118262089.74358974, 98386623.91948408, 61601750.0, 150475500.0]","[154055000.0, 165667129.62962964, 71976309.42990799, 134700000.0, 205338500.0]","[105320500.0, 147479653.84615386, 122758099.77551608, 76322000.0, 162162000.0]","[116803000.0, 152187166.66666666, 135967723.11195773, 69797000.0, 168506000.0]","[160683500.0, 179732857.14285713, 106323578.65521185, 126942250.0, 223598500.0]","[200236500.0, 223265642.85714287, 117485301.66118681, 155178000.0, 260811750.0]","[102172500.0, 182706812.5, 322004446.35021514, 70211500.0, 150508250.0]","[372718000.0, 495804692.3076923, 432334518.47292167, 310604000.0, 448840750.0]","[125157000.0, 123956800.0, 49404731.07618338, 94520000.0, 165930250.0]","[276129000.0, 557747642.8571428, 642475376.0557796, 217526250.0, 490981250.0]","[98511000.0, 105455250.0, 64219100.95475878, 66534000.0, 150530500.0]","[310630000.0, 454831142.85714287, 502915799.672961, 242758250.0, 386129750.0]","[229350000.0, 250096666.66666666, 98538676.76309757, 185844250.0, 277621250.0]","[198748500.0, 288825875.0, 220353856.54055813, 125990750.0, 430351000.0]","[94771000.0, 127382884.61538461, 101017562.83413407, 66018500.0, 153336750.0]","[112410000.0, 178627343.75, 170416449.16197377, 83651500.0, 195876250.0]",[1064],[3],"[116691000.0, 143034412.5, 161283578.71778932, 77803000.0, 159738250.0]","[178117500.0, 195893166.66666666, 86588252.86957553, 144477750.0, 223634250.0]","[99916000.0, 132491666.66666667, 101771859.28394504, 67724750.0, 166970750.0]","[166201000.0, 173997666.66666666, 58057593.116423815, 139193750.0, 219378750.0]","[218932500.0, 200673166.66666666, 65977908.82665871, 164573000.0, 235319750.0]"
0,"[236468500.0, 235958375.0, 99013548.93831134, 163936250.0, 327180250.0]","[175968500.0, 171255500.0, 84639454.32864037, 101775750.0, 234192250.0]","[207921000.0, 316030603.44827586, 654610412.5737278, 120296750.0, 247887500.0]","[127688000.0, 169193733.33333334, 155901727.11122292, 85878500.0, 200028500.0]","[191943500.0, 192044035.7142857, 74710231.90490335, 136001500.0, 249338000.0]","[168017500.0, 165461860.4651163, 72601630.72903675, 111646250.0, 223740250.0]","[175865500.0, 200536351.06382978, 127713451.33117071, 128329000.0, 235099250.0]","[128322500.0, 139516525.0, 89712741.95076402, 77669750.0, 185823500.0]","[96043000.0, 103013785.71428572, 65705866.78289981, 61748500.0, 152068000.0]","[148366500.0, 167953312.5, 118157847.7955806, 94217000.0, 218576000.0]","[111829000.0, 126371391.30434783, 93874316.73646517, 76054000.0, 168073500.0]","[135988000.0, 133357318.18181819, 75908245.41264297, 67938000.0, 175991250.0]","[132324000.0, 156785416.66666666, 95730261.81930692, 101674250.0, 210234250.0]","[183815500.0, 199775178.57142857, 88657725.26751952, 152365000.0, 258000250.0]","[159776500.0, 162108763.15789473, 72025249.57425264, 111956250.0, 215832750.0]","[156130000.0, 164884363.63636363, 61041298.40715551, 125618000.0, 216009250.0]","[128119500.0, 349376285.71428573, 775354829.0028415, 79984500.0, 216004000.0]","[176067500.0, 193491875.0, 96204381.16769618, 134058750.0, 255899500.0]","[207887500.0, 231331250.0, 151320519.47391063, 104110750.0, 311893250.0]","[243772500.0, 243772500.0, 82476146.55917189, 205955500.0, 281589500.0]","[115720500.0, 120825531.25, 74819400.35720363, 67941750.0, 184007750.0]","[127688500.0, 130235727.27272727, 81287939.11219202, 88408750.0, 191890000.0]","[135887000.0, 140833033.33333334, 94162889.8122763, 80126750.0, 201781500.0]","[171950000.0, 209811888.8888889, 159211474.9547451, 119944500.0, 255558000.0]","[112523000.0, 111183062.5, 62473465.12517209, 63075750.0, 149840500.0]","[132216000.0, 149540428.57142857, 94861472.33231424, 93817500.0, 209874500.0]","[144002500.0, 160595928.57142857, 112644904.47797468, 91914500.0, 225979500.0]","[184054500.0, 185404916.66666666, 110147529.07310142, 107604750.0, 264490750.0]","[183998000.0, 248022875.0, 173860066.10197863, 126073000.0, 322023000.0]","[227888000.0, 193014625.0, 97076437.8626934, 120175250.0, 242038750.0]","[173122000.0, 213288400.0, 136968116.6870232, 141682250.0, 242069500.0]","[184009000.0, 201933928.57142857, 146271051.44594416, 112046250.0, 266145000.0]","[168313000.0, 171953468.75, 58592575.08127864, 140102750.0, 216012000.0]","[167934000.0, 169341333.33333334, 68226231.22458921, 127960000.0, 220301000.0]","[219934000.0, 225905125.0, 88795053.44885138, 183964750.0, 281930500.0]","[155698500.0, 218886500.0, 171774214.03764305, 103989000.0, 285631500.0]","[127948500.0, 129306318.18181819, 77411337.30943501, 69810250.0, 191255000.0]","[216000000.0, 208712250.0, 96319822.452014, 146403500.0, 274003000.0]","[132037000.0, 181645642.85714287, 182947285.1397782, 69720750.0, 201946000.0]","[115748000.0, 143184000.0, 113589748.25100754, 87900250.0, 186070750.0]","[160247500.0, 162684444.44444445, 93943925.81007047, 95902000.0, 232123500.0]","[1742114457804861.8, 1742114457804861.8, 1742114457804861.8, 1742114457804861.8, 1742114457804861.8]","[199578000.0, 194573437.5, 81439536.70589669, 142152750.0, 258839000.0]","[128021000.0, 137964187.5, 76252238.87653132, 87851500.0, 191960250.0]","[104006500.0, 109693350.0, 66799151.53685835, 63797000.0, 153804000.0]",[1001],[1],"[196169500.0, 191855000.0, 92861035.45217445, 95952250.0, 251850500.0]","[232249000.0, 232249000.0, 90390826.41783954, 194291250.0, 270206750.0]","[155984000.0, 162559555.55555555, 99986091.53817467, 93682500.0, 225858250.0]","[167733500.0, 170792350.0, 62500170.0355887, 127825000.0, 215892250.0]","[144151000.0, 148856576.92307693, 55733996.468578026, 121803250.0, 191870000.0]"
0,"[203977000.0, 204159000.0, 81638345.03160878, 158306000.0, 254128000.0]","[444080000.0, 444080000.0, 107757625.98071656, 364166500.0, 523993500.0]","[196560500.0, 195238180.0, 86750018.2377364, 120144250.0, 247301500.0]","[99984500.0, 112382500.0, 72125810.79863928, 79337500.0, 167815750.0]","[195841500.0, 210055000.0, 104969592.58042303, 134710500.0, 263784750.0]","[152196000.0, 156551826.08695653, 72983474.61979629, 104422250.0, 207513000.0]","[168089500.0, 185346954.54545453, 89050922.88369238, 127848000.0, 226274750.0]","[116169500.0, 148313156.25, 106204710.71447036, 79956250.0, 188295250.0]","[95698500.0, 98031386.36363636, 62299553.448062494, 61925500.0, 138072750.0]","[136231000.0, 149654687.5, 96032978.401282, 86100000.0, 215506500.0]","[111980500.0, 125618342.85714285, 84491969.10829297, 79977250.0, 178072750.0]","[144270500.0, 144263000.0, 74971997.12225892, 100604250.0, 186013750.0]","[143875500.0, 159884000.0, 102126208.4912585, 99261750.0, 210547250.0]","[191991500.0, 231402944.44444445, 147058961.10790327, 152001000.0, 271893000.0]","[167839500.0, 179610909.0909091, 79461880.66194157, 127799000.0, 227545250.0]","[167930500.0, 183066277.7777778, 85393116.66366296, 120077750.0, 223887500.0]","[135408500.0, 140267346.15384614, 82178662.27613808, 87956000.0, 199679250.0]","[143878500.0, 146759150.0, 69343860.91304334, 107817250.0, 190083250.0]","[204030500.0, 282778333.3333333, 188195124.5154584, 118439500.0, 464380500.0]","[179838500.0, 192562800.0, 84943664.04246993, 155268500.0, 258000500.0]","[111642000.0, 128294392.85714285, 94467729.82794529, 77754750.0, 186569000.0]","[239829500.0, 242529812.5, 109065681.69554915, 172463750.0, 306007250.0]","[95641000.0, 99895500.0, 63171664.79324413, 56016250.0, 143952750.0]","[152046500.0, 156223375.0, 79442541.7321184, 112052250.0, 206039250.0]","[112094500.0, 110253750.0, 54484542.020535514, 76258500.0, 142566500.0]","[112186500.0, 123807035.71428572, 77075366.24836858, 69973000.0, 177888250.0]","[108456000.0, 121695800.0, 79665009.96020775, 65789250.0, 166388750.0]","[183908500.0, 185943461.53846154, 93380468.2545597, 119940500.0, 239945500.0]","[219686500.0, 221892000.0, 63077931.12690048, 188237750.0, 265812500.0]","[162980000.0, 162916000.0, 89076516.06399971, 100245250.0, 242216250.0]","[151800000.0, 152171833.33333334, 57132284.20784133, 127520500.0, 177208250.0]","[187830500.0, 184729583.33333334, 85375699.35239021, 119996750.0, 232075500.0]","[199781500.0, 202075075.0, 73981686.15319182, 144196250.0, 248240250.0]","[187971500.0, 182025750.0, 76101174.34581742, 128077750.0, 238113250.0]","[172306500.0, 176060500.0, 69228832.43020931, 139755500.0, 219928000.0]","[124219000.0, 132125500.0, 82589602.78993961, 80108750.0, 180282500.0]","[96165000.0, 104842615.38461539, 65254246.732758805, 69917000.0, 151558250.0]","[148349000.0, 189276833.33333334, 110990618.45101544, 134106000.0, 253377750.0]","[96129500.0, 101847500.0, 65385084.64665317, 63802500.0, 137962000.0]","[103814000.0, 109953363.63636364, 65767159.11044567, 75855750.0, 159885750.0]","[123807000.0, 132252000.0, 69281101.49535075, 80023500.0, 184151000.0]","[1742114457804861.8, 1742114457804861.8, 1742114457804861.8, 1742114457804861.8, 1742114457804861.8]","[167755500.0, 154354666.66666666, 77131001.28713198, 95894000.0, 195442750.0]","[112003500.0, 123475916.66666667, 79971992.69010614, 85796000.0, 192372500.0]","[111870500.0, 204881425.0, 404559037.6297004, 79638250.0, 184022750.0]",[1001],[2],"[224157500.0, 225962750.0, 84977776.02666181, 181684500.0, 273905250.0]","[212053500.0, 212106500.0, 70029889.73466973, 172369750.0, 254090250.0]","[124018500.0, 133065937.5, 72169558.9782915, 95738250.0, 191855750.0]","[148027000.0, 160250666.66666666, 52007373.2181847, 132038250.0, 196119250.0]","[156066500.0, 175848625.0, 71826130.62273628, 135892250.0, 227967000.0]"
0,"[6104266734.986269, 6104266734.986269, 6104266734.986269, 6104266734.986269, 6104266734.986269]","[183813000.0, 183813000.0, 62601909.84706457, 150250750.0, 217375250.0]","[208069000.0, 203912866.66666666, 89619567.10032073, 123689000.0, 249834000.0]","[96095000.0, 161235700.0, 158878928.3429681, 71943000.0, 179142500.0]","[207512500.0, 203593227.27272728, 76818835.5181035, 149975000.0, 256031500.0]","[180029000.0, 228504125.0, 209818266.68039563, 128017000.0, 256091500.0]","[175467500.0, 179987205.88235295, 76892285.01029652, 134315250.0, 225795250.0]","[132083500.0, 145611562.5, 87835699.18388021, 91973750.0, 210213250.0]","[107464000.0, 105447555.55555555, 61109002.01799897, 53994750.0, 137984750.0]","[105702500.0, 118002500.0, 71622471.70503744, 77780250.0, 172512250.0]","[151883500.0, 169420272.72727272, 100432478.41061349, 103888750.0, 224564250.0]","[154940000.0, 149495250.0, 75852572.2186631, 101982500.0, 179941250.0]","[115367500.0, 110067500.0, 71882057.70508151, 63928000.0, 140967000.0]","[183895500.0, 183953857.14285713, 68627700.7970825, 141822000.0, 227831500.0]","[171808500.0, 168025833.33333334, 72210691.90781623, 125946250.0, 213979750.0]","[151631500.0, 152923375.0, 48154989.13258495, 121597250.0, 181799250.0]","[139863000.0, 144795700.0, 90244986.88270722, 85723750.0, 194900000.0]","[160206000.0, 161079000.0, 72501603.98288378, 108097750.0, 217463000.0]","[103805500.0, 97187500.0, 57302329.867554255, 64106000.0, 125889250.0]","[188197500.0, 188197500.0, 72096753.50700612, 148245000.0, 228150000.0]","[104603500.0, 106426812.5, 68045709.43327245, 53864000.0, 153112500.0]","[111532000.0, 111802500.0, 68371106.11642416, 83733500.0, 137835250.0]","[107610500.0, 114963375.0, 73816175.43167198, 71840000.0, 169793500.0]","[188033000.0, 433339666.6666667, 410649733.792546, 139988250.0, 929913500.0]","[104317000.0, 114800333.33333333, 68473419.4174807, 71997750.0, 150094250.0]","[128046000.0, 134043384.61538461, 76617825.19707142, 79887500.0, 186213750.0]","[148246500.0, 190002112896600.0, 570005832160643.8, 95809250.0, 291908250.0]","[127863000.0, 136431833.33333334, 79704967.80924149, 86088000.0, 194749500.0]","[168011500.0, 168012750.0, 63507698.160833225, 130188000.0, 197974000.0]","[204044500.0, 204116500.0, 91249646.77602868, 148073000.0, 258168750.0]","[140041500.0, 144803500.0, 56933726.35134644, 108182000.0, 181415000.0]","[135850000.0, 146113600.0, 80767503.92106964, 98159000.0, 208144250.0]","[183967500.0, 192043400.0, 61792091.43361309, 157891000.0, 239940750.0]","[228021500.0, 220010750.0, 73909391.61018375, 178102500.0, 270046500.0]","[220186500.0, 220186500.0, 64911435.78946625, 194078750.0, 246294250.0]","[104119500.0, 102733000.0, 67592297.65784462, 58006000.0, 144032500.0]","[113327500.0, 117697888.8888889, 67394502.05723913, 70355250.0, 169868000.0]","[167669500.0, 180114000.0, 83430214.32310958, 130509000.0, 248115000.0]","[99791500.0, 99791500.0, 55411519.932681866, 66074250.0, 133508750.0]","[108081000.0, 107969625.0, 60556333.5827424, 58209000.0, 146014500.0]","[220174000.0, 229670863.63636363, 129272163.82071778, 141656750.0, 291210000.0]","[1742114457804861.8, 1742114457804861.8, 1742114457804861.8, 1742114457804861.8, 1742114457804861.8]","[200278000.0, 193649500.0, 66734523.17017032, 138676250.0, 240006750.0]","[119311500.0, 112645750.0, 61228794.75734844, 76022000.0, 141582000.0]","[119823500.0, 122427041.66666667, 78577823.09727469, 70003000.0, 169327750.0]",[1001],[3],"[220153000.0, 214254750.0, 81058589.09879631, 156648250.0, 267998250.0]","[191979500.0, 196050750.0, 70575147.87577493, 154030500.0, 236161000.0]","[120082500.0, 124656300.0, 61626597.027663305, 91898750.0, 173345500.0]","[155510000.0, 156763125.0, 57130491.41425597, 118163000.0, 195545750.0]","[140069000.0, 146816642.85714287, 53697477.809360236, 115919750.0, 187892000.0]"
0,"[220525000.0, 230110250.0, 138031944.95048058, 142269500.0, 320374750.0]","[136128000.0, 145336333.33333334, 93743560.39068615, 87739500.0, 220038500.0]","[191694500.0, 182312571.42857143, 84692789.78057298, 119946250.0, 241968000.0]","[248241000.0, 236063500.0, 86671618.7856017, 166101000.0, 277935250.0]","[208013000.0, 239083071.42857143, 104665058.96273822, 175428000.0, 289999750.0]","[172229500.0, 186354613.63636363, 99119936.13093546, 127806000.0, 234400500.0]","[191985500.0, 192573714.2857143, 73310419.87842996, 133587750.0, 242261500.0]","[160208500.0, 173864000.0, 104591108.23192294, 106407000.0, 226018000.0]","[100307500.0, 116127733.33333333, 97859603.6457105, 60132250.0, 151993500.0]","[131887000.0, 141849300.0, 91486596.13978067, 87967000.0, 178558250.0]","[139496000.0, 174624266.66666666, 124889178.81277339, 101530750.0, 234493750.0]","[119896000.0, 123031750.0, 63883802.92032167, 78042750.0, 160243750.0]","[180093000.0, 285749000.0, 349823665.1439153, 104101000.0, 276576500.0]","[255464500.0, 255901562.5, 76349598.93064989, 189954750.0, 307976250.0]","[252088500.0, 249656357.14285713, 84453070.18660647, 187993500.0, 303604500.0]","[200021000.0, 216128029.4117647, 93165724.43973957, 144568500.0, 271615000.0]","[216375000.0, 201953750.0, 88146932.50405824, 145727750.0, 250002500.0]","[208097000.0, 211725615.3846154, 72052736.13209495, 159925000.0, 255750500.0]","[139353500.0, 177767045.45454547, 119241066.81709851, 102059750.0, 247968250.0]","[167986000.0, 179470800.0, 74706716.97350915, 131819500.0, 227921000.0]","[92049500.0, 126660833.33333333, 88384807.34910774, 81993750.0, 172044000.0]","[119949000.0, 120177700.0, 60941770.09580539, 70245750.0, 160703750.0]","[119902000.0, 135811615.3846154, 96708895.96980324, 78320750.0, 185611250.0]","[204379500.0, 197034750.0, 66193908.638276525, 151987750.0, 226294250.0]","[155572000.0, 153892750.0, 62585742.385446705, 116090500.0, 190100000.0]","[107761000.0, 118670722.22222222, 79710686.95378971, 70340000.0, 167366500.0]","[111935500.0, 140547416.66666666, 101912082.01390904, 88052750.0, 207929500.0]","[195953500.0, 205435500.0, 84695044.34399818, 152000750.0, 239933750.0]","[152222000.0, 155342250.0, 82431308.2621676, 102164500.0, 205074250.0]","[192291500.0, 191261950.0, 76142518.39049913, 127937000.0, 241970250.0]","[220361500.0, 218367500.0, 93045872.50517887, 136493750.0, 298639750.0]","[119947000.0, 140410777.7777778, 92499922.44714801, 79964500.0, 200053500.0]","[251941500.0, 529978666.6666667, 512026713.6447136, 181946750.0, 780097000.0]","[159902500.0, 162738666.66666666, 73730983.37010176, 116083500.0, 209920000.0]","[179988000.0, 189215400.0, 66370746.17510338, 157928000.0, 239650750.0]","[103897000.0, 113921750.0, 64386632.729064964, 73952500.0, 169946250.0]","[108030500.0, 124026300.0, 77532684.53890914, 84498000.0, 177968000.0]","[116017500.0, 116017500.0, 73439485.90676545, 69970250.0, 162064750.0]","[111621000.0, 121389375.0, 86150130.7809089, 54132250.0, 154332250.0]","[120109000.0, 126049250.0, 68241391.02434461, 86002750.0, 174043000.0]","[136029000.0, 149592900.0, 89978259.78890678, 93944750.0, 208349750.0]","[196063000.0, 198024750.0, 55579059.57676416, 167992250.0, 231980750.0]","[195987000.0, 181971000.0, 80154259.59517062, 120092500.0, 225880500.0]","[120001500.0, 118694333.33333333, 65521102.79690217, 80099000.0, 149999250.0]","[103738000.0, 111098388.8888889, 70693262.44466998, 79715250.0, 152042000.0]",[1002],[1],"[124035500.0, 124035500.0, 71212190.67161183, 90030000.0, 158041000.0]","[192028500.0, 187878700.0, 76314644.2585563, 137619000.0, 229974500.0]","[196023000.0, 193404833.33333334, 76231431.42959835, 148021500.0, 239674500.0]","[175806500.0, 192762100.0, 89985514.48033176, 141781500.0, 227970250.0]","[152091500.0, 160497285.7142857, 67851368.24594578, 127652250.0, 211695250.0]"
0,"[135912000.0, 325006000.0, 415503226.5318766, 86150250.0, 225841000.0]","[215953500.0, 217834500.0, 74361717.15506575, 177632750.0, 255719500.0]","[179723500.0, 176009666.66666666, 90317360.25291902, 112457250.0, 225656500.0]","[192094500.0, 199987250.0, 94849950.54262021, 142037500.0, 251868750.0]","[224501500.0, 240116888.8888889, 110181101.85099241, 167648750.0, 282381750.0]","[176123500.0, 184491923.07692307, 85317216.35255061, 124251250.0, 241723250.0]","[191686000.0, 199830625.0, 63154932.02422416, 161751250.0, 243724000.0]","[228233500.0, 370973428.5714286, 412513490.9594238, 157980000.0, 306424250.0]","[104029000.0, 113106352.94117647, 67088087.17797044, 71826250.0, 167906250.0]","[91951000.0, 101927250.0, 61951624.24172186, 65986000.0, 147844750.0]","[131996500.0, 187571350.0, 179321741.26839027, 85566250.0, 211190750.0]","[26425520640.63461, 26425520640.63461, 26425520640.63461, 26425520640.63461, 26425520640.63461]","[163714500.0, 156791125.0, 80523782.49923667, 105613000.0, 207427500.0]","[252727000.0, 415241750.0, 354379178.6290674, 188127000.0, 436568000.0]","[195964000.0, 201677400.0, 70157961.98394021, 149929500.0, 244452000.0]","[187705000.0, 197800583.33333334, 80472031.93134695, 152164750.0, 247911000.0]","[240218500.0, 234224750.0, 75535637.04760489, 178467000.0, 273998250.0]","[196101000.0, 207555500.0, 78314420.35847123, 148132750.0, 258039000.0]","[119941000.0, 141712500.0, 91090358.06176977, 99858250.0, 191994750.0]","[192470500.0, 203453916.66666666, 88050324.61085188, 154037750.0, 247897250.0]","[136021500.0, 136021500.0, 68814010.46480288, 100027750.0, 172015250.0]","[236029000.0, 230315500.0, 84086032.41710243, 171989000.0, 275469500.0]","[68725500.0, 73403833.33333333, 52256489.85346754, 37460250.0, 113501500.0]","[179568500.0, 177741750.0, 81533835.17710607, 134023000.0, 229837500.0]","[191373000.0, 202394833.33333334, 115622849.59213537, 113928000.0, 282080000.0]","[156427500.0, 202231444.44444445, 159225833.3296601, 109568500.0, 250115000.0]","[187658000.0, 191949500.0, 107215375.27332541, 113965500.0, 242043750.0]","[175873500.0, 175171600.0, 56177609.489368625, 148029000.0, 208077500.0]","[263847500.0, 259730750.0, 135232275.11003983, 141850250.0, 373807000.0]","[180284500.0, 183143708.33333334, 71807460.62473775, 142085000.0, 242259000.0]","[187798000.0, 187827250.0, 75240403.45743436, 149814750.0, 225814250.0]","[183963000.0, 273974625.0, 286763941.7079131, 116030000.0, 275995000.0]","[296282500.0, 348610285.71428573, 211407821.99896705, 219958000.0, 361972500.0]","[164115000.0, 167937333.33333334, 78549384.79531346, 116005250.0, 209999250.0]","[191483000.0, 194375900.0, 74168808.5885165, 158016750.0, 250001000.0]","[167895000.0, 187147300.0, 123713017.32562341, 103823250.0, 275998250.0]","[108323000.0, 112191000.0, 70119953.15172422, 72094000.0, 153988500.0]","[146645500.0, 142785500.0, 75810331.92612997, 100319000.0, 192175000.0]","[96062500.0, 97958750.0, 58035117.736483485, 62005500.0, 137716750.0]","[188153500.0, 197021625.0, 119698518.34237286, 104210000.0, 252165250.0]","[143439500.0, 128751800.0, 74581374.45274122, 68082500.0, 169973750.0]","[172036500.0, 166352800.0, 77483174.93791798, 99489750.0, 201986500.0]","[224294500.0, 257691700.0, 152405118.67358655, 133592500.0, 354511000.0]","[187931000.0, 207874125.0, 123247252.4520704, 115687750.0, 299808000.0]","[104004500.0, 120489142.85714285, 79913684.63478681, 78044250.0, 175914250.0]",[1002],[2],"[167983500.0, 173045500.0, 82554453.27025066, 134501250.0, 221994000.0]","[299411203168522.4, 299411203168522.4, 299411203168522.4, 299411203168522.4, 299411203168522.4]","[299992500.0, 306960875.0, 107640751.92328124, 248010750.0, 391437250.0]","[231970000.0, 294643166.6666667, 181334731.9681815, 160039750.0, 483962000.0]","[152320000.0, 153163214.2857143, 60931543.38761607, 110403000.0, 201485250.0]"
0,"[144477500.0, 202794666.66666666, 167159799.89585483, 105862000.0, 234757000.0]","[76072500.0, 76072500.0, 50314115.2585435, 44294000.0, 107851000.0]","[195820000.0, 195820000.0, 70194514.83200094, 167907250.0, 223732750.0]","[275779500.0, 275779500.0, 53702618.8863262, 253668500.0, 297890500.0]","[244043500.0, 245175166.66666666, 75493979.01690939, 191923250.0, 297920250.0]","[168056500.0, 185241791.66666666, 93333250.21483465, 139049000.0, 240107250.0]","[267835500.0, 263860625.0, 75978124.03241064, 204095250.0, 305953250.0]","[112572500.0, 111819166.66666667, 76415745.09531541, 42078750.0, 162430000.0]","[143969000.0, 142204250.0, 88127791.87315145, 84705500.0, 191951500.0]","[151850500.0, 172969375.0, 91004641.05670312, 119976000.0, 228026000.0]","[164210000.0, 218417200.0, 162805817.7445143, 94204750.0, 324263750.0]","[148136000.0, 208036166.66666666, 159144988.4208492, 92031250.0, 332061250.0]","[401044000.0, 401044000.0, 84455029.12497278, 364618250.0, 437469750.0]","[22582952051.56981, 22582952051.56981, 22582952051.56981, 22582952051.56981, 22582952051.56981]","[248187000.0, 285069700.0, 122410463.39594503, 211908250.0, 326538750.0]","[192048000.0, 193904000.0, 61191951.02707545, 164065750.0, 222027000.0]","[104020500.0, 104152000.0, 68196215.0892555, 74066500.0, 132391500.0]","[319971000.0, 319971000.0, 126437097.86490673, 252027750.0, 387914250.0]","[13540008719.703478, 13540008719.703478, 13540008719.703478, 13540008719.703478, 13540008719.703478]","[2541038356.8796105, 2541038356.8796105, 2541038356.8796105, 2541038356.8796105, 2541038356.8796105]","[1019541784.8728576, 1019541784.8728576, 1019541784.8728576, 1019541784.8728576, 1019541784.8728576]","[46022775134.04754, 46022775134.04754, 46022775134.04754, 46022775134.04754, 46022775134.04754]","[86909000.0, 86909000.0, 52096693.06683487, 62238750.0, 111579250.0]","[19407523068.728104, 19407523068.728104, 19407523068.728104, 19407523068.728104, 19407523068.728104]","[131681000.0, 149843812.5, 95794198.34417084, 79920500.0, 201891250.0]","[125235000.0, 126968333.33333333, 81827862.48005967, 66395500.0, 201879750.0]","[183894500.0, 226957125.0, 178265921.19950852, 96338500.0, 301968000.0]","[247977000.0, 247977000.0, 152792394.22333822, 187955250.0, 307998750.0]","[308035000.0, 308035000.0, 64435974.08668546, 260291750.0, 355778250.0]","[203990500.0, 245039375.0, 124823671.93108594, 178039500.0, 289912750.0]","[180566500.0, 182217250.0, 84026770.78727648, 127898250.0, 238178250.0]","[183952000.0, 264119375.0, 221556218.23616093, 107772750.0, 376957250.0]","[224159500.0, 236024750.0, 95902548.37431328, 162152250.0, 292397000.0]","[-585120816989.7853, -585120816989.7853, -585120816989.7853, -585120816989.7853, -585120816989.7853]","[551952500.0, 548111750.0, 303299094.3399559, 264200750.0, 831963000.0]","[120153000.0, 120153000.0, 82223316.03930846, 68045750.0, 172260250.0]","[700628100163110.8, 700628100163110.8, 700628100163110.8, 700628100163110.8, 700628100163110.8]","[107727500.0, 107727500.0, 71417855.12216115, 73512000.0, 141943000.0]","[100495000.0, 100495000.0, 71906608.87567985, 60275000.0, 140715000.0]","[120107000.0, 118582833.33333333, 74623665.38709791, 79558000.0, 159897250.0]","[136196500.0, 141089142.85714287, 81101930.78849879, 99751750.0, 195773750.0]","[1742114457804861.8, 1742114457804861.8, 1742114457804861.8, 1742114457804861.8, 1742114457804861.8]","[100175003027391.8, 100175003027391.8, 100175003027391.8, 100175003027391.8, 100175003027391.8]","[99987500.0, 99987500.0, 53723824.279829524, 77990500.0, 121984500.0]","[111932000.0, 139368812.5, 116198315.83827859, 85649750.0, 177370250.0]",[1002],[3],"[671773786650383.2, 671773786650383.2, 671773786650383.2, 671773786650383.2, 671773786650383.2]","[191848000.0, 191848000.0, 39354130.43760464, 177666750.0, 206029250.0]","[112393000.0, 112393000.0, 50972961.719915785, 88264750.0, 136521250.0]","[176196500.0, 190073250.0, 66195629.36336885, 155984750.0, 235845750.0]","[147974000.0, 147908166.66666666, 51235717.28757413, 118040750.0, 177885500.0]"
0,"[6104266734.986269, 6104266734.986269, 6104266734.986269, 6104266734.986269, 6104266734.986269]","[136844000.0, 146657620.68965518, 85724121.79603213, 97682000.0, 197340750.0]","[184455000.0, 420823833.3333333, 407628170.1577295, 111801250.0, 944273500.0]","[161937500.0, 161083041.66666666, 77647625.7049967, 109462000.0, 214753500.0]","[324478000.0, 451557937.5, 312896234.2483665, 246799000.0, 493062500.0]","[229489500.0, 286264850.0, 183419512.4052441, 181480750.0, 311105750.0]","[203492500.0, 204859125.0, 73776242.63260074, 170216500.0, 269535500.0]","[182824000.0, 203585357.14285713, 113482426.11184162, 138455750.0, 273529750.0]","[157355500.0, 161428153.84615386, 85905143.5521011, 109052000.0, 228141750.0]","[188361000.0, 180345750.0, 79883102.35079445, 120458750.0, 232193500.0]","[172175500.0, 290070500.0, 301114385.0686147, 120318250.0, 250136500.0]","[743360500.0, 737306250.0, 77090672.08286291, 687190750.0, 789352000.0]","[128795500.0, 124190722.22222222, 58114387.263688415, 78624750.0, 156345250.0]","[354259500.0, 449426900.0, 273710656.0022645, 274520000.0, 444162000.0]","[209271500.0, 212562428.57142857, 66075903.17172505, 169844750.0, 264256250.0]","[180603500.0, 182424875.0, 64572510.07479402, 142987750.0, 226050500.0]","[231639000.0, 289346625.0, 205591739.30993524, 140897500.0, 398190500.0]","[205197500.0, 204387125.0, 77714767.64656363, 155936250.0, 246007250.0]","[115599000.0, 120761625.0, 60305774.59795517, 83878750.0, 175398750.0]","[207826000.0, 192934571.42857143, 91690013.65915662, 119525000.0, 243278500.0]","[113123500.0, 111365625.0, 63823659.04931108, 58958250.0, 149898000.0]","[106584500.0, 105693000.0, 65397928.932123765, 63647000.0, 141237750.0]","[116478000.0, 205052500.0, 249646295.20633787, 93993250.0, 205175750.0]","[183633500.0, 187149625.0, 61930317.610677354, 152828750.0, 235931500.0]","[276811000.0, 276811000.0, 66814132.31121093, 246050750.0, 307571250.0]","[131750500.0, 172074954.54545453, 137671114.1701903, 92289000.0, 204221000.0]","[115959500.0, 122094727.27272727, 73311464.0583597, 71467500.0, 162632750.0]","[268835000.0, 268835000.0, 58379970.66203442, 225780250.0, 311889750.0]","[167917000.0, 166990666.66666666, 61788502.96014264, 123943250.0, 215285750.0]","[190921000.0, 191059375.0, 82093189.46887052, 144546500.0, 243854250.0]","[114392500.0, 114392500.0, 62257992.33231024, 81821750.0, 146963250.0]","[138261000.0, 171512750.0, 135446267.78954107, 92152750.0, 220364250.0]","[240811500.0, 321840714.28571427, 239313210.54826534, 178767500.0, 334248250.0]","[137543500.0, 131391500.0, 54995316.82107123, 88142000.0, 170273000.0]","[207221500.0, 229441416.66666666, 98387454.46486758, 169461750.0, 278608750.0]","[189849500.0, 215619500.0, 97060495.97158465, 143571750.0, 279763750.0]","[108218000.0, 108218000.0, 67996539.58842318, 71881000.0, 144555000.0]","[123858500.0, 125952437.5, 63899324.31809114, 80428500.0, 175130750.0]","[142756000.0, 140430250.0, 83511791.50387986, 75949500.0, 187353750.0]","[193994500.0, 185781125.0, 93679287.0308553, 121364000.0, 248021500.0]","[159674500.0, 223878200.0, 167446526.73244673, 102096500.0, 252002750.0]","[160079000.0, 166574100.0, 90011379.1605817, 125140000.0, 242289250.0]","[100175003027391.8, 100175003027391.8, 100175003027391.8, 100175003027391.8, 100175003027391.8]","[132932000.0, 133916500.0, 74384672.29712047, 89048750.0, 177793250.0]","[134942500.0, 170340866.66666666, 159866436.3925364, 91618500.0, 197642750.0]",[1003],[1],"[274987000.0, 260050625.0, 117184887.39854373, 201799500.0, 334754750.0]","[132654500.0, 133467750.0, 82250601.82264626, 99828000.0, 167920750.0]","[113765500.0, 111048666.66666667, 68414215.79410395, 63996250.0, 155554750.0]","[1359005537888146.8, 1359005537888146.8, 1359005537888146.8, 1359005537888146.8, 1359005537888146.8]","[188172500.0, 190484437.5, 70164175.45921205, 139614250.0, 249584250.0]"
0,"[592745500.0, 592745500.0, 106824524.25005224, 535005500.0, 650485500.0]","[138270000.0, 139182533.33333334, 68674790.25097606, 90547000.0, 194020500.0]","[102649000.0, 109539166.66666667, 70338377.1668939, 71880000.0, 163417500.0]","[133875500.0, 132850583.33333333, 70243513.24969247, 87904000.0, 179162500.0]","[304513500.0, 482497500.0, 501275694.59041923, 233448750.0, 370629750.0]","[225203500.0, 219636500.0, 73330401.25861852, 163224000.0, 259182000.0]","[191372000.0, 184442300.0, 78071505.65417577, 122419500.0, 228993500.0]","[182036000.0, 186675166.66666666, 100114957.30811433, 109114250.0, 234641500.0]","[140373000.0, 150559300.0, 75216634.57380953, 108821750.0, 209821500.0]","[185645000.0, 191877083.33333334, 90013991.52257603, 129258250.0, 261382500.0]","[153029500.0, 147329166.66666666, 66505020.15491429, 108600250.0, 183991750.0]","[321051500.0, 318855000.0, 194227502.14374894, 142118250.0, 495411250.0]","[133177500.0, 136076888.8888889, 71920070.32686347, 86468250.0, 183757250.0]","[289420000.0, 555958500.0, 650487985.1970749, 228407750.0, 434393000.0]","[204999500.0, 214383125.0, 161939756.61577377, 117295000.0, 247367000.0]","[193337000.0, 199894125.0, 75747645.98064664, 160682000.0, 263720750.0]","[305865000.0, 462926400.0, 397764942.241822, 187836250.0, 555106250.0]","[235075500.0, 226336625.0, 74341344.71550386, 152846750.0, 269856250.0]","[176693500.0, 177628500.0, 79446349.16564763, 130345250.0, 227353250.0]","[237932500.0, 244716357.14285713, 94209806.07256122, 178972750.0, 321894000.0]","[149499000.0, 171835062.5, 123156304.78885803, 109796750.0, 220814500.0]","[126721500.0, 139781181.8181818, 88234320.44646096, 92481250.0, 198214500.0]","[141572000.0, 173365950.0, 111697113.55199604, 111530250.0, 226838500.0]","[224724500.0, 217914625.0, 84587273.05561028, 155805500.0, 274789250.0]","[1549534375.9338427, 1549534375.9338427, 1549534375.9338427, 1549534375.9338427, 1549534375.9338427]","[129574500.0, 186729181.8181818, 198689071.25699428, 99976500.0, 200243000.0]","[121472000.0, 120772166.66666667, 74538605.9679069, 64778750.0, 161546250.0]","[201127500.0, 198104250.0, 68205465.60348004, 168393500.0, 225775250.0]","[160202500.0, 163854125.0, 68409905.94467568, 122483000.0, 211994500.0]","[203611000.0, 206879142.85714287, 86963704.2727409, 137926250.0, 266867750.0]","[103182000.0, 103182000.0, 72065373.0476711, 76960250.0, 129403750.0]","[137755000.0, 145757846.15384614, 93110720.47410598, 81596500.0, 201314500.0]","[146972500.0, 165452500.0, 93665501.37110248, 111041750.0, 210030000.0]","[145201500.0, 142503500.0, 50013124.65493433, 116055500.0, 163555500.0]","[204982500.0, 205077750.0, 65669543.84025749, 170030250.0, 250012250.0]","[106152500.0, 105127500.0, 72339193.47767156, 55788000.0, 152412250.0]","[700628100163110.8, 700628100163110.8, 700628100163110.8, 700628100163110.8, 700628100163110.8]","[120665500.0, 123041875.0, 64414705.6718951, 71585750.0, 164510000.0]","[106181500.0, 102701250.0, 61961281.66998727, 68457500.0, 129317750.0]","[127971000.0, 137389250.0, 77687685.45874886, 104049500.0, 187164250.0]","[255169000.0, 263907900.0, 113833666.58106905, 195523000.0, 330255250.0]","[169899000.0, 168336333.33333334, 73895895.51787628, 118108500.0, 216244000.0]","[100175003027391.8, 100175003027391.8, 100175003027391.8, 100175003027391.8, 100175003027391.8]","[107285500.0, 109691250.0, 69454332.55159464, 72640500.0, 150471000.0]","[117434500.0, 123791466.66666667, 66878721.06843019, 91603750.0, 185506250.0]",[1003],[2],"[339908000.0, 337144000.0, 95653540.18888515, 266442500.0, 410058750.0]","[299411203168522.4, 299411203168522.4, 299411203168522.4, 299411203168522.4, 299411203168522.4]","[315294000.0, 312792000.0, 237146472.570224, 93386250.0, 535885750.0]","[1359005537888146.8, 1359005537888146.8, 1359005537888146.8, 1359005537888146.8, 1359005537888146.8]","[183487500.0, 189674833.33333334, 72861775.59389041, 170624750.0, 255540750.0]"
0,"[6104266734.986269, 6104266734.986269, 6104266734.986269, 6104266734.986269, 6104266734.986269]","[140438500.0, 140244050.0, 67532696.29876207, 92739000.0, 202188000.0]","[102139000.0, 100263750.0, 50800729.51186331, 74317750.0, 131976500.0]","[148939500.0, 148582571.42857143, 66663828.35725007, 101106750.0, 193280250.0]","[309420500.0, 335604062.5, 178784994.99624848, 224497000.0, 386014000.0]","[193746500.0, 210014863.63636363, 80204630.9441699, 156548250.0, 272153000.0]","[185076500.0, 185932900.0, 67453023.22053474, 146003500.0, 233623250.0]","[179029000.0, 189354400.0, 93354636.40837556, 127262500.0, 264414750.0]","[116927500.0, 121613437.5, 71475604.86493692, 56180750.0, 167101500.0]","[162180000.0, 175876833.33333334, 94280302.0323204, 125415500.0, 236315500.0]","[163915500.0, 382425500.0, 410216772.68152994, 135378750.0, 452038500.0]","[182360500.0, 185191750.0, 58316093.17278979, 150252500.0, 215772250.0]","[111666000.0, 119676000.0, 67378284.92919658, 70455000.0, 176297500.0]","[333251500.0, 326124833.3333333, 86395909.07930125, 262911750.0, 380751500.0]","[231742500.0, 239458888.8888889, 97023456.5776, 173724750.0, 311413750.0]","[174181500.0, 180183400.0, 71066589.50266293, 140569000.0, 226265250.0]","[496147500.0, 429532833.3333333, 245710428.04550555, 184639750.0, 603208000.0]","[206784000.0, 214543666.66666666, 75207308.15035346, 179731750.0, 250648250.0]","[113188500.0, 113188500.0, 68771709.9631091, 71934750.0, 154442250.0]","[218296000.0, 222757750.0, 85242725.50487813, 171932500.0, 282382500.0]","[127335500.0, 205415450.0, 246830115.33937162, 101452000.0, 204676250.0]","[112023500.0, 124100000.0, 69453267.274412, 93265500.0, 187844750.0]","[131009000.0, 156895687.5, 109339965.60482742, 94980000.0, 212641000.0]","[219508500.0, 217966625.0, 71887934.98205644, 161217750.0, 274564250.0]","[1549534375.9338427, 1549534375.9338427, 1549534375.9338427, 1549534375.9338427, 1549534375.9338427]","[138474000.0, 194628842.10526314, 185644997.26515752, 97572000.0, 209349000.0]","[103598500.0, 115212333.33333333, 76742139.0733641, 62899500.0, 167166250.0]","[179565000.0, 184634750.0, 73571073.72423962, 145200500.0, 233219250.0]","[168834500.0, 167498250.0, 67591067.4030785, 118578250.0, 212132000.0]","[195737000.0, 194047833.33333334, 82633429.25871801, 141084000.0, 242680750.0]","[99826500.0, 99826500.0, 62487045.34741581, 77344750.0, 122308250.0]","[132373500.0, 129013041.66666667, 69275749.52287847, 78901000.0, 183833000.0]","[202518500.0, 192856250.0, 82525053.2205978, 123679500.0, 244571500.0]","[156372500.0, 153521250.0, 52424574.61141197, 124114500.0, 178264500.0]","[209818500.0, 211042214.2857143, 67861706.12006089, 177034500.0, 257804250.0]","[110242000.0, 110242000.0, 68454102.64549525, 66312500.0, 154171500.0]","[310966000.0, 311997000.0, 220731560.15282455, 116504000.0, 521651000.0]","[126452000.0, 125273437.5, 66862155.76558307, 82083500.0, 179427000.0]","[106842500.0, 105555250.0, 60465954.04595465, 68091500.0, 137743750.0]","[169537500.0, 166941625.0, 78635469.38474631, 115248500.0, 225302000.0]","[233882500.0, 229361700.0, 102017072.25317729, 142675750.0, 304649500.0]","[1742114457804861.8, 1742114457804861.8, 1742114457804861.8, 1742114457804861.8, 1742114457804861.8]","[100175003027391.8, 100175003027391.8, 100175003027391.8, 100175003027391.8, 100175003027391.8]","[122931500.0, 128544500.0, 73957060.22923031, 90703000.0, 167111750.0]","[116394000.0, 120688384.61538461, 66653105.77799109, 78501750.0, 175690000.0]",[1003],[3],"[220491500.0, 224900800.0, 103342049.86819257, 156156750.0, 309890500.0]","[120614000.0, 107918500.0, 81610774.57358189, 35724250.0, 149190500.0]","[279997000.0, 265636875.0, 119258277.3080526, 201167000.0, 369790000.0]","[1359005537888146.8, 1359005537888146.8, 1359005537888146.8, 1359005537888146.8, 1359005537888146.8]","[194799000.0, 202880700.0, 72645994.86626913, 155058500.0, 260684500.0]"
0,"[128420500.0, 139608391.3043478, 60413613.201171756, 102196500.0, 183933000.0]","[112525500.0, 113357500.0, 68216844.85887632, 77598000.0, 176048000.0]","[248100500.0, 244154700.0, 112333855.73107511, 164579250.0, 332148500.0]","[124054500.0, 136955625.0, 80303616.63545655, 88086250.0, 179799250.0]","[160325500.0, 165433583.33333334, 56893364.75439284, 131899000.0, 207501500.0]","[160149000.0, 270919550.0, 339601661.95418936, 144043000.0, 207996750.0]","[192044500.0, 193330025.0, 64794819.33997019, 128041500.0, 233737500.0]","[136216500.0, 150504590.9090909, 84903399.2756469, 103520500.0, 207533000.0]","[104058500.0, 110503781.25, 63003293.97799093, 70185000.0, 159999500.0]","[111882000.0, 130820441.1764706, 97871565.81254578, 69800000.0, 177889500.0]","[159931500.0, 162315916.66666666, 90773261.62703268, 100562500.0, 217883000.0]","[152076000.0, 172000166.66666666, 118023507.94427449, 92040500.0, 243957250.0]","[148216000.0, 152011000.0, 96229927.72030725, 87838500.0, 188020500.0]","[196066000.0, 231992700.0, 115372404.81289274, 165882000.0, 265971000.0]","[175838500.0, 192485088.2352941, 77085612.71189772, 152049250.0, 232114000.0]","[164097000.0, 164938062.5, 68034075.05109917, 111750750.0, 208028750.0]","[171839500.0, 176543062.5, 81107366.50304085, 111983500.0, 234154750.0]","[180027500.0, 183542642.85714287, 63373255.19278295, 132012250.0, 230057250.0]","[136064500.0, 196517500.0, 168761244.80534622, 85882750.0, 273954750.0]","[147805000.0, 143918500.0, 47174425.070688464, 106141000.0, 168453250.0]","[112008000.0, 119953400.0, 70508211.035595, 81899500.0, 173830750.0]","[110997500.0, 125475500.0, 69309579.37483582, 77910250.0, 183632750.0]","[112469000.0, 121299000.0, 60977243.90431783, 93197250.0, 170914000.0]","[163613500.0, 154274200.0, 63429383.09695279, 103998750.0, 187957500.0]","[127461500.0, 135939833.33333334, 76354618.78065327, 88216000.0, 188325500.0]","[139882500.0, 168466722.2222222, 123684598.10511105, 86179250.0, 208026750.0]","[147948500.0, 160066071.42857143, 114491901.64559008, 77969000.0, 231898000.0]","[172222500.0, 181093562.5, 54852889.5723242, 157774250.0, 231556750.0]","[116057000.0, 127989600.0, 68225872.771552, 97836000.0, 186015000.0]","[151352000.0, 155428357.14285713, 54719476.89985602, 125752000.0, 201865750.0]","[184296500.0, 179902500.0, 62756731.56522733, 149376250.0, 213231750.0]","[156084500.0, 200512071.42857143, 159726173.04645577, 85874000.0, 236024000.0]","[215964000.0, 227288714.2857143, 70944453.8977286, 191927000.0, 283117250.0]","[123842000.0, 136778642.85714287, 56086824.4333311, 111889000.0, 175925750.0]","[152057500.0, 175146625.0, 76837767.41741464, 127758750.0, 211919750.0]","[176154000.0, 175013071.42857143, 87619079.80813007, 117584500.0, 233901750.0]","[120396000.0, 127998937.5, 76318237.57257235, 85641250.0, 167930250.0]","[83907000.0, 81998000.0, 54728558.85732786, 45885250.0, 113890250.0]","[111806500.0, 245572571.42857143, 339788837.6397936, 87996250.0, 186283500.0]","[80014000.0, 80014000.0, 50959788.58374512, 61952750.0, 98075250.0]","[63975500.0, 63975500.0, 39952700.51260615, 43992750.0, 83958250.0]","[160028500.0, 163937166.66666666, 56084080.98461531, 125694000.0, 202260250.0]","[108028000.0, 110881625.0, 58417077.88703039, 66001000.0, 147385750.0]","[96133000.0, 104141437.5, 58405854.49728985, 64245500.0, 146093500.0]","[186119500.0, 209804444.44444445, 124518693.69930062, 115193750.0, 287803500.0]",[1004],[1],"[143947500.0, 155685607.14285713, 68823553.30472642, 120043250.0, 186323500.0]","[151967000.0, 153879000.0, 48430693.18624296, 127768500.0, 185839750.0]","[132002500.0, 136847250.0, 68645346.68815869, 88057750.0, 185866500.0]","[212039500.0, 245476500.0, 140301426.3437237, 152512500.0, 390070750.0]","[187881500.0, 187965000.0, 65592697.5927961, 163974250.0, 212039250.0]"
0,"[128118000.0, 131564590.9090909, 48596201.38087776, 98034000.0, 165897500.0]","[123717000.0, 135015375.0, 90153962.79551096, 85657750.0, 189280250.0]","[143108000.0, 144489000.0, 77547579.39699557, 85516500.0, 196543750.0]","[231802500.0, 235955250.0, 60476950.01558445, 197981500.0, 284135750.0]","[155612000.0, 154833200.0, 48285171.54013228, 117932500.0, 193186750.0]","[163571000.0, 163682200.0, 49348208.59980634, 131665500.0, 201899750.0]","[200001500.0, 217966312.5, 99859643.23252583, 165493750.0, 255419250.0]","[104068000.0, 104068000.0, 68184458.5114526, 74150750.0, 133985250.0]","[135808500.0, 138012333.33333334, 80060707.5238673, 80120750.0, 203977000.0]","[91746000.0, 91892437.5, 52508864.761067666, 45911250.0, 121849750.0]","[115817000.0, 121114900.0, 68459790.36514792, 85685000.0, 175879250.0]","[131899000.0, 131899000.0, 61067701.25033364, 95898000.0, 167900000.0]","[119909500.0, 116453375.0, 62405630.24066318, 59962250.0, 151370250.0]","[179926000.0, 200048000.0, 63462668.582928866, 166257000.0, 241552000.0]","[192038000.0, 205356590.9090909, 71865522.85766362, 167690500.0, 256066000.0]","[164032000.0, 166320285.7142857, 72703138.51589368, 119950750.0, 218101500.0]","[152293000.0, 159987750.0, 94101920.54994148, 98344000.0, 233557750.0]","[168034000.0, 166734777.7777778, 50015616.2530548, 126241750.0, 200114750.0]","[128075500.0, 125124875.0, 68684373.48105007, 78069250.0, 170867000.0]","[148088000.0, 142634000.0, 47765233.46186708, 102080750.0, 171689000.0]","[131974500.0, 130026750.0, 76103905.4479959, 74085750.0, 164072750.0]","[156252500.0, 174099666.66666666, 81534831.09110826, 127968750.0, 231967500.0]","[103814000.0, 97645100.0, 58948329.70653197, 69694250.0, 126326000.0]","[143515500.0, 143515500.0, 46363980.15971019, 115913000.0, 171118000.0]","[95790000.0, 95790000.0, 57513683.041516304, 64163500.0, 127416500.0]","[168458500.0, 198945285.7142857, 136688933.15059173, 96050000.0, 321757750.0]","[115831000.0, 151135333.33333334, 118654049.66177467, 73470750.0, 205479000.0]","[187915000.0, 223941000.0, 120561613.29378435, 157850500.0, 243868000.0]","[239732500.0, 239700000.0, 114101758.36068435, 163507750.0, 303835750.0]","[143804500.0, 142038416.66666666, 45666630.562257625, 106363500.0, 165990500.0]","[160024000.0, 160273500.0, 64753665.79198432, 119994500.0, 200797250.0]","[140193000.0, 149132125.0, 85393231.00872442, 93688000.0, 208512000.0]","[219840000.0, 219810500.0, 61549324.04110273, 183644500.0, 257761500.0]","[140348000.0, 163921833.33333334, 64260570.905796416, 133268000.0, 202037750.0]","[131671500.0, 135498000.0, 48951412.05062424, 113419000.0, 161420750.0]","[327461500.0, 327699750.0, 231212696.95009723, 108001250.0, 539809500.0]","[95992000.0, 95992000.0, 56806055.70271536, 70091250.0, 121892750.0]","[1285707944852262.0, 1285707944852262.0, 1285707944852262.0, 1285707944852262.0, 1285707944852262.0]","[88066500.0, 99846800.0, 61697494.38802195, 63684250.0, 136082500.0]","[143905000.0, 143905000.0, 67943078.20521529, 119834000.0, 167976000.0]","[160041500.0, 161556333.33333334, 79827228.15799686, 102138750.0, 220270000.0]","[166716000.0, 208189571.42857143, 140928611.9343581, 126042250.0, 219450750.0]","[179962500.0, 186710500.0, 55866777.10186977, 156911500.0, 226015750.0]","[95914000.0, 97925875.0, 56549563.5006087, 70163750.0, 130047250.0]","[160128000.0, 149658875.0, 71333770.0151037, 104016750.0, 192552500.0]",[1004],[2],"[148071500.0, 151409357.14285713, 45454547.315512486, 125932250.0, 185790250.0]","[175420500.0, 175420500.0, 67900997.63074178, 151378250.0, 199462750.0]","[79859500.0, 79859500.0, 51336905.04159751, 55673500.0, 104045500.0]","[192043000.0, 211941250.0, 104518787.55964164, 128043500.0, 283951250.0]","[131902500.0, 140150625.0, 60778614.79467408, 108486500.0, 187665500.0]"
0,"[138917500.0, 162863071.42857143, 93427469.08466657, 105270500.0, 203007000.0]","[119963500.0, 119963500.0, 56732876.27337433, 93918750.0, 146008250.0]","[143820000.0, 155555062.5, 80738456.37494312, 103538750.0, 214085000.0]","[863349489.7999082, 863349489.7999082, 863349489.7999082, 863349489.7999082, 863349489.7999082]","[143741000.0, 150042000.0, 50191202.01788357, 119969750.0, 188477000.0]","[184094500.0, 181467500.0, 56908941.026432745, 130251750.0, 201974250.0]","[227136000.0, 320479625.0, 268005580.02478582, 159653250.0, 347450500.0]","[112732000.0, 112523625.0, 68119129.34097055, 56067500.0, 156080500.0]","[109140500.0, 112192083.33333333, 66675301.31035321, 62106250.0, 159979000.0]","[103819500.0, 109065875.0, 65747582.754243076, 70239750.0, 161871000.0]","[135899000.0, 158411812.5, 94623227.23419891, 88134500.0, 215473000.0]","[96265000.0, 96265000.0, 61270404.06672703, 51940250.0, 140589750.0]","[98729000.0, 107530500.0, 60514532.44262902, 68611750.0, 164052250.0]","[203910000.0, 203910000.0, 65048677.761350386, 172552750.0, 235267250.0]","[188193000.0, 274860250.0, 173090000.092618, 173801750.0, 322037250.0]","[176012000.0, 174790000.0, 70151804.23552911, 126218000.0, 208192250.0]","[257266500.0, 257266500.0, 69286328.80482267, 221540500.0, 292992500.0]","[196108500.0, 196164125.0, 59732602.0296653, 148512250.0, 242300250.0]","[111368500.0, 115488750.0, 64295839.25642078, 79597500.0, 157557000.0]","[144522000.0, 145690000.0, 49362572.88675298, 108881000.0, 172328750.0]","[1019541784.8728576, 1019541784.8728576, 1019541784.8728576, 1019541784.8728576, 1019541784.8728576]","[156062000.0, 191605333.33333334, 150260906.37265086, 104535500.0, 218888000.0]","[126365000.0, 179402000.0, 136299106.84287944, 85681250.0, 290010250.0]","[175884000.0, 175884000.0, 35663566.63319024, 151788500.0, 199979500.0]","[288328000.0, 288328000.0, 76653047.1279518, 238651500.0, 338004500.0]","[123483000.0, 140286300.0, 89043315.15172826, 78034750.0, 199485250.0]","[111967000.0, 110144916.66666667, 73610891.45631275, 59724000.0, 146806750.0]","[180864500.0, 201128100.0, 75051819.22905001, 165771000.0, 248309000.0]","[163505000.0, 153073333.33333334, 82836646.70737356, 77536750.0, 197642750.0]","[147945000.0, 148329785.7142857, 52675162.38930636, 117675250.0, 179786000.0]","[156267000.0, 152040500.0, 58038005.83238538, 115283500.0, 184373250.0]","[136169000.0, 125925750.0, 59925833.41254004, 91733500.0, 169957000.0]","[207404000.0, 256539300.0, 129930018.92291865, 184093000.0, 285767250.0]","[168359000.0, 168359000.0, 56481734.94590972, 148244250.0, 188473750.0]","[156028500.0, 158080583.33333334, 57837752.64977356, 125916000.0, 212267750.0]","[103927500.0, 91686000.0, 59699659.83850606, 45893750.0, 122645750.0]","[140350500.0, 145473700.0, 65628619.62368247, 104401250.0, 185687750.0]","[1285707944852262.0, 1285707944852262.0, 1285707944852262.0, 1285707944852262.0, 1285707944852262.0]","[140282500.0, 133299750.0, 75557032.6611792, 79817000.0, 163595500.0]","[132121500.0, 134016750.0, 66972454.75333497, 100094000.0, 169869500.0]","[87649500.0, 85792750.0, 52299787.79294903, 37627000.0, 115501500.0]","[167875500.0, 164722500.0, 60082381.58978055, 127873000.0, 200163000.0]","[156031000.0, 156031000.0, 59980569.79139161, 126132250.0, 185929750.0]","[95872000.0, 95872000.0, 62425508.54017931, 73792250.0, 117951750.0]","[196482500.0, 186816500.0, 74425364.61761062, 127630500.0, 224001750.0]",[1004],[3],"[143610000.0, 145699071.42857143, 45564715.77557775, 119814250.0, 174933750.0]","[299411203168522.4, 299411203168522.4, 299411203168522.4, 299411203168522.4, 299411203168522.4]","[108107000.0, 108107000.0, 53700219.05448803, 86131250.0, 130082750.0]","[132095500.0, 132095500.0, 55618767.05977938, 98038250.0, 166152750.0]","[164328500.0, 173093875.0, 85015823.76966287, 129527750.0, 241729500.0]"
0,"[153255500.0, 159007370.96774194, 63963244.32367991, 119267250.0, 208057750.0]","[144638000.0, 149179916.66666666, 71701012.71014045, 101589250.0, 199749000.0]","[191949000.0, 449133147.0588235, 1068047498.2072256, 120491000.0, 265354500.0]","[155905500.0, 184841789.47368422, 154297569.12932506, 110055500.0, 215585750.0]","[188695500.0, 205745000.0, 84121672.10686885, 165014000.0, 261560750.0]","[199968500.0, 205171671.875, 76778138.80694139, 152072000.0, 255769500.0]","[256075000.0, 258486347.2222222, 81422332.64422397, 200119750.0, 312022500.0]","[176313000.0, 192285222.2222222, 125676597.80787244, 109934000.0, 231469250.0]","[123883500.0, 126954555.55555555, 85364622.6250288, 59967750.0, 178034000.0]","[108024500.0, 108549866.66666667, 67736746.12017386, 61412500.0, 150600000.0]","[147846500.0, 172142966.66666666, 107075549.3155754, 111898750.0, 224045500.0]","[167850500.0, 373757875.0, 416669607.64808536, 112268500.0, 473549750.0]","[112012000.0, 112617000.0, 67374910.77235897, 53908750.0, 162306250.0]","[228534000.0, 239942000.0, 76863595.02608067, 187647250.0, 289918000.0]","[216166500.0, 228582218.75, 74688035.01240776, 180263000.0, 281521500.0]","[159986000.0, 166298650.0, 57772882.12585123, 139543500.0, 216428750.0]","[183219000.0, 195549500.0, 118226911.4686528, 85131000.0, 295855250.0]","[216500500.0, 243732117.6470588, 135217690.18159193, 173953750.0, 279993500.0]","[13540008719.703478, 13540008719.703478, 13540008719.703478, 13540008719.703478, 13540008719.703478]","[171332000.0, 175915291.66666666, 64775568.706161104, 129943750.0, 226013000.0]","[127004500.0, 139559692.30769232, 86324953.33032186, 92737000.0, 200469250.0]","[148100000.0, 167115375.0, 105575257.18467076, 101458000.0, 219700250.0]","[179048500.0, 268061200.0, 223576794.36462095, 119949000.0, 312052500.0]","[144280000.0, 145085875.0, 58283473.78317781, 102888750.0, 193117500.0]","[115761000.0, 138119875.0, 84274002.74319106, 96463250.0, 202275250.0]","[135905000.0, 144486964.2857143, 82489252.97402692, 87770750.0, 214885500.0]","[115793000.0, 127873875.0, 74201953.86230995, 75767000.0, 177990000.0]","[223640000.0, 232870041.66666666, 82825731.03560026, 182021500.0, 281473250.0]","[167599000.0, 194244437.5, 105428163.95001431, 128770500.0, 248359250.0]","[151722000.0, 159651750.0, 62031440.62882548, 130360500.0, 209903500.0]","[156234500.0, 148230375.0, 52170625.7640195, 111599750.0, 175701250.0]","[131824000.0, 150911000.0, 109188517.77745451, 75892500.0, 194067750.0]","[235255000.0, 249642791.66666666, 81623903.4939006, 198159000.0, 306118000.0]","[197925500.0, 207560857.14285713, 99466175.99347682, 153695500.0, 256028500.0]","[175767000.0, 180843208.33333334, 70567068.75169605, 149909000.0, 242383250.0]","[167672000.0, 260655666.66666666, 201490600.2697286, 107491750.0, 456604250.0]","[195784500.0, 198656071.42857143, 106879574.86346443, 119124250.0, 256565250.0]","[121083500.0, 132470500.0, 72179567.06540987, 94021750.0, 194889500.0]","[143970500.0, 186107937.5, 163338617.00504595, 79927500.0, 212320750.0]","[132145000.0, 171585750.0, 126599516.90805998, 93378750.0, 226144750.0]","[124038500.0, 134534437.5, 77332612.20368865, 93582250.0, 183416750.0]","[159995000.0, 202731400.0, 196496123.54685265, 102613250.0, 205977000.0]","[211861000.0, 211861000.0, 71060890.54465896, 177802500.0, 245919500.0]","[95969500.0, 96020166.66666667, 58264500.7370602, 54050750.0, 131968000.0]","[135758000.0, 160042280.0, 135395444.79361778, 80076750.0, 215556000.0]",[1005],[1],"[183787500.0, 195120891.3043478, 88151082.56141303, 143985000.0, 241581750.0]","[164015500.0, 164015500.0, 59626602.93233214, 134183500.0, 193847500.0]","[183839000.0, 192704400.0, 112466208.3980784, 109542250.0, 263681750.0]","[200252500.0, 214515700.0, 99273020.55699724, 150292750.0, 288614500.0]","[191751500.0, 196732233.33333334, 86292721.92859346, 135964250.0, 257640000.0]"
0,"[159749500.0, 169514826.08695653, 77454502.14447199, 127971250.0, 221815250.0]","[144013500.0, 146332148.14814815, 70513282.5115391, 94875750.0, 185354500.0]","[215863500.0, 271834309.52380955, 236396407.91742444, 150029000.0, 295971250.0]","[143904500.0, 144961880.0, 64722303.147876315, 102321500.0, 194160000.0]","[191851000.0, 207430166.66666666, 102783107.48444864, 151614500.0, 247354750.0]","[192472500.0, 199512309.52380952, 73836956.2135411, 141879000.0, 250390250.0]","[243643000.0, 247825416.66666666, 85606594.04796489, 188895750.0, 304783500.0]","[136128500.0, 144467777.7777778, 81619746.04227933, 92709500.0, 223719750.0]","[135828000.0, 152633444.44444445, 93884615.75621086, 94024250.0, 210490000.0]","[143856000.0, 166484590.9090909, 117935853.57771984, 99640500.0, 200201750.0]","[131848500.0, 141557181.8181818, 86921832.88456587, 103311250.0, 207782750.0]","[163558000.0, 187773666.66666666, 105153897.0020713, 119559500.0, 256108000.0]","[147477500.0, 147682166.66666666, 69019903.42627424, 107348250.0, 193831000.0]","[237373000.0, 237013500.0, 87430867.89858602, 171582500.0, 279218750.0]","[240283000.0, 275559973.68421054, 133357812.96315224, 197941250.0, 309773000.0]","[167986000.0, 168070772.72727272, 61096330.85689859, 133642000.0, 207989500.0]","[176038000.0, 165028500.0, 79341509.16843592, 109907250.0, 223684750.0]","[243909000.0, 263341150.0, 112645473.65663433, 189883500.0, 314678750.0]","[142974500.0, 147910500.0, 76442665.44879676, 92563750.0, 202169000.0]","[192382500.0, 207952500.0, 89321715.08538924, 149915250.0, 264081750.0]","[195563500.0, 217832850.0, 143479932.61141956, 112013250.0, 305439250.0]","[119958000.0, 139407705.88235295, 87971301.1406793, 88469750.0, 194341750.0]","[171926000.0, 176850750.0, 85879117.37351617, 112441250.0, 242223750.0]","[156034500.0, 158080000.0, 66139786.90054875, 112097500.0, 204187250.0]","[131993500.0, 147864000.0, 84131935.30798317, 99805750.0, 197959000.0]","[196275500.0, 216686666.66666666, 139818612.97548652, 118157750.0, 301084000.0]","[227468500.0, 239563750.0, 168252303.767103, 85852750.0, 389423500.0]","[239860000.0, 232494687.5, 70488992.2977506, 186934750.0, 266139750.0]","[160101500.0, 173323666.66666666, 76346383.6235148, 124064750.0, 227516250.0]","[167570000.0, 186973423.07692307, 87040830.27507752, 135272750.0, 224200000.0]","[156095500.0, 154119875.0, 50589807.10191901, 114414750.0, 179979250.0]","[143695500.0, 145449884.6153846, 79583008.15226583, 99459000.0, 199984750.0]","[308392000.0, 317729450.0, 119184886.57689573, 231129250.0, 361238500.0]","[143799000.0, 149318375.0, 62258330.10968793, 112121000.0, 197788000.0]","[161789000.0, 170989111.1111111, 72884333.0367362, 127625750.0, 224063500.0]","[800502000.0, 808365000.0, 588000071.9753357, 228325500.0, 1380395500.0]","[159938500.0, 165833642.85714287, 92090649.89191523, 104267750.0, 227800250.0]","[271637500.0, 267696750.0, 151208415.21782938, 153945000.0, 393538750.0]","[112860500.0, 156838214.2857143, 124938864.98871504, 69593250.0, 213995250.0]","[181463000.0, 229604000.0, 168187647.11208728, 128337000.0, 282036250.0]","[116273500.0, 129288583.33333333, 85188207.0197692, 91652250.0, 193820500.0]","[168258000.0, 173060352.94117647, 63895270.507744044, 136341500.0, 218074250.0]","[123555500.0, 117738750.0, 67862233.6847786, 77730250.0, 144004000.0]","[96070500.0, 100441125.0, 62996635.754295446, 59752750.0, 137163500.0]","[127868500.0, 153156120.0, 115632359.20107138, 86006500.0, 208124500.0]",[1005],[2],"[184379500.0, 208732203.125, 127959673.65323779, 136692750.0, 233999250.0]","[187951000.0, 191177214.2857143, 68738677.21323644, 155434250.0, 247887500.0]","[104034500.0, 120467333.33333333, 73451362.50646108, 75025500.0, 168855000.0]","[191943500.0, 191943500.0, 90731221.22097774, 153855250.0, 230031750.0]","[236454500.0, 243259250.0, 113800415.80776773, 170264750.0, 296743250.0]"
0,"[155323000.0, 160695906.25, 64274138.108456664, 125893000.0, 216177750.0]","[135897000.0, 141865857.14285713, 63242246.10417486, 103323750.0, 186889750.0]","[160314500.0, 161814937.5, 91747982.34291637, 85819500.0, 210562750.0]","[143660000.0, 145731657.89473686, 62184450.24842427, 113362000.0, 185979250.0]","[200019000.0, 250310333.33333334, 208769871.9741162, 159908250.0, 272090750.0]","[191014500.0, 192184181.8181818, 67250486.39390604, 155221000.0, 242899000.0]","[243704500.0, 262762631.57894737, 111928129.89308928, 205449250.0, 296465500.0]","[140350500.0, 226143000.0, 241439483.56989998, 103962750.0, 217975000.0]","[132251000.0, 147878818.1818182, 92270410.93962324, 93256500.0, 205881000.0]","[124430000.0, 144136722.2222222, 89341318.49685325, 93725500.0, 194582000.0]","[144463000.0, 145575250.0, 79871013.7518612, 101527000.0, 217724000.0]","[120186000.0, 120186000.0, 63058709.53722412, 86645250.0, 153726750.0]","[191969500.0, 191969500.0, 98821088.29217577, 133854500.0, 250084500.0]","[486971500.0, 473277000.0, 167308120.10031074, 324870750.0, 624148250.0]","[208123500.0, 213390458.33333334, 75739068.32038489, 175110250.0, 261649000.0]","[184435000.0, 189421166.66666666, 74496103.89346248, 147933250.0, 239239000.0]","[107942500.0, 126058125.0, 83650934.99057183, 79230250.0, 175069500.0]","[228129000.0, 254853681.8181818, 134318718.44994324, 174159500.0, 290014250.0]","[204069000.0, 189260700.0, 91108528.86865203, 136458000.0, 240894750.0]","[179969500.0, 184525454.54545453, 69287199.42301245, 143983750.0, 227876500.0]","[127717000.0, 127717000.0, 78990217.05565822, 99722250.0, 155711750.0]","[176321500.0, 168282875.0, 94691352.72153616, 96535750.0, 220101500.0]","[89797000.0, 89854000.0, 61270435.10739907, 58631250.0, 117610500.0]","[172606000.0, 200282500.0, 106302949.24671656, 138096250.0, 263688750.0]","[131724000.0, 140031500.0, 80827645.52150458, 101550750.0, 201965250.0]","[127560500.0, 134696818.1818182, 73227548.3219237, 95603750.0, 193306500.0]","[117004000.0, 120410500.0, 71069422.00148387, 80155500.0, 162608500.0]","[220012500.0, 236702166.66666666, 83583035.82000889, 193992000.0, 296024750.0]","[148024000.0, 148037000.0, 65357787.965551585, 118364000.0, 177736000.0]","[159159000.0, 186746545.45454547, 106283376.04670025, 127719500.0, 226241500.0]","[160005000.0, 242486900.0, 182850458.07596436, 141999500.0, 240445250.0]","[163406000.0, 185191676.47058824, 119701492.5515626, 110057000.0, 231691000.0]","[275791500.0, 281175642.85714287, 91822483.37736644, 214030500.0, 354224500.0]","[156227000.0, 160975916.66666666, 69507765.23520991, 125869000.0, 220035000.0]","[180344000.0, 191583000.0, 79123441.72802956, 134065500.0, 245732750.0]","[200100500.0, 189354333.33333334, 92118942.641505, 110581000.0, 249230000.0]","[139672000.0, 137994750.0, 87528822.37119097, 88595000.0, 184040000.0]","[140030000.0, 140030000.0, 76835856.90613465, 104000250.0, 176059750.0]","[107892000.0, 102511166.66666667, 60887165.6356156, 51639500.0, 137785750.0]","[335688000.0, 335688000.0, 79297350.12596574, 307431000.0, 363945000.0]","[175284000.0, 189196583.33333334, 115598058.24490763, 120341500.0, 240324500.0]","[160842500.0, 163735777.7777778, 66089922.42438879, 110291250.0, 207683500.0]","[113456000.0, 119391250.0, 71599350.70803715, 79955250.0, 176281250.0]","[340139500.0, 361335500.0, 255765773.99595514, 131891500.0, 607963750.0]","[123159000.0, 129005650.0, 75587226.91319942, 80036750.0, 185397250.0]",[1005],[3],"[167572500.0, 190943088.2352941, 101604564.32845213, 141234750.0, 218815000.0]","[188977000.0, 188977000.0, 58653472.29704308, 165325250.0, 212628750.0]","[132003500.0, 122158250.0, 65785915.0649856, 70258000.0, 152283250.0]","[195948000.0, 195948000.0, 54463124.745097026, 167986500.0, 223909500.0]","[180381500.0, 183858454.54545453, 64058848.48695929, 143927750.0, 231728250.0]"
0,"[269015500.0, 421934916.6666667, 388552061.05316144, 192291750.0, 458415250.0]","[232474000.0, 317972777.7777778, 262082839.0308122, 147245500.0, 359323500.0]","[241276000.0, 244877260.0, 133805258.95192759, 149891000.0, 325244250.0]","[221196000.0, 342676350.0, 303780244.3200965, 160852750.0, 332866500.0]","[226645500.0, 267429833.33333334, 199513887.32481834, 171928750.0, 323980750.0]","[201901500.0, 236993708.33333334, 209218397.1036232, 124096250.0, 286481750.0]","[227763500.0, 287170833.3333333, 321989287.2350552, 112472750.0, 338096000.0]","[194404000.0, 201122571.42857143, 97944666.11176383, 125712500.0, 266921000.0]","[183378000.0, 217069571.42857143, 157180837.66248548, 111945000.0, 301274250.0]","[237210000.0, 286504269.2307692, 195975694.15266737, 152126000.0, 360608000.0]","[240230000.0, 240634722.2222222, 118121037.29075977, 170918500.0, 316504250.0]","[125724000.0, 138463500.0, 91105243.38670085, 75462000.0, 209416750.0]","[192941500.0, 220102777.7777778, 157039960.27269816, 104821750.0, 310714750.0]","[266932500.0, 260273000.0, 124164529.04761238, 175547750.0, 342802500.0]","[221314000.0, 1185444700.0, 4551140200.8650675, 133418750.0, 300503750.0]","[233525000.0, 236464888.8888889, 97008379.5821491, 164100000.0, 306055250.0]","[174963000.0, 183432200.0, 93108502.49123332, 119149500.0, 242491750.0]","[202204500.0, 213383261.9047619, 138012162.94062802, 111148250.0, 260957500.0]","[178067000.0, 188459500.0, 103580374.3459638, 120314000.0, 250292000.0]","[205271500.0, 228060531.25, 142141196.5974512, 132805250.0, 319019500.0]","[218486500.0, 216625416.66666666, 106835619.62598455, 136162500.0, 271776500.0]","[206379500.0, 204062642.85714287, 90879538.28081629, 135848750.0, 258488250.0]","[160471000.0, 205156500.0, 161914989.8695741, 107385000.0, 298808250.0]","[208398000.0, 369845750.0, 356430060.7791976, 146680750.0, 458425250.0]","[312696500.0, 470659666.6666667, 361209991.6745874, 212001000.0, 807847750.0]","[198760000.0, 200316571.42857143, 102641156.12420173, 128330000.0, 265694000.0]","[220089500.0, 246706681.8181818, 149405648.8057951, 133201500.0, 362047250.0]","[210103500.0, 231365676.47058824, 173637169.43363464, 99986250.0, 293442500.0]","[164498500.0, 158021250.0, 84995705.48232128, 106530250.0, 194190000.0]","[1308222000.0, 1323331000.0, 974997503.585522, 361402000.0, 2283707000.0]","[212935000.0, 212935000.0, 71194156.68789117, 171832750.0, 254037250.0]","[224973500.0, 248474555.55555555, 174218418.28178793, 130006750.0, 317438000.0]","[264771000.0, 281611562.5, 119269253.75985882, 197724500.0, 358674000.0]","[240491000.0, 264318571.42857143, 144900695.2325894, 151315500.0, 374061500.0]","[195798000.0, 196596370.37037036, 90347788.20588891, 131746000.0, 256466250.0]","[159878500.0, 167115714.2857143, 117694032.98834324, 95801500.0, 257810750.0]","[239702500.0, 250041416.66666666, 105313838.86662944, 155387000.0, 316139250.0]","[163297500.0, 171066375.0, 97736032.85628271, 102281750.0, 229308750.0]","[113929000.0, 118173250.0, 79402584.47265744, 60642000.0, 179735500.0]","[118571500.0, 123125750.0, 81260743.90311413, 86252500.0, 163312500.0]","[182021000.0, 189940214.2857143, 107467944.35795964, 123167500.0, 264507500.0]","[263241500.0, 308535250.0, 179123384.58267856, 193345000.0, 364041500.0]","[297788000.0, 352564071.4285714, 227719274.5780472, 175494500.0, 440071750.0]","[201713000.0, 220660000.0, 138146504.69972086, 134566250.0, 335348500.0]","[142513500.0, 204058125.0, 246276950.57145733, 80647250.0, 221901000.0]",[1006],[1],"[224219500.0, 266514857.14285713, 167322964.3776444, 160698500.0, 338248500.0]","[189151000.0, 210034750.0, 105141448.62712193, 143648250.0, 284753750.0]","[106373500.0, 113716750.0, 77270641.3907475, 74766000.0, 160010750.0]","[189832500.0, 191735214.2857143, 64469405.6362934, 152934500.0, 231379250.0]","[269437500.0, 487807333.3333333, 392948991.6991631, 194821750.0, 945473250.0]"
0,"[217884500.0, 232954166.66666666, 113426564.50577763, 170155750.0, 321212500.0]","[283540000.0, 356896416.6666667, 277676752.2241339, 164714750.0, 428883500.0]","[224369000.0, 243870281.25, 109967861.87556526, 172369250.0, 310553250.0]","[195527500.0, 219132071.42857143, 131896021.36638016, 140958500.0, 298042500.0]","[233691000.0, 239864833.33333334, 106376573.04951094, 161455000.0, 324862750.0]","[203239500.0, 200315450.0, 97623830.5234562, 128915500.0, 259523000.0]","[154696000.0, 241280875.0, 329695929.1823158, 86798500.0, 243235000.0]","[164498000.0, 188662416.66666666, 123741651.12743185, 103076750.0, 267112500.0]","[148395000.0, 199043454.54545453, 211049987.59788194, 87737000.0, 246391000.0]","[185289000.0, 192723000.0, 113903684.20036583, 114135500.0, 293558500.0]","[264313000.0, 351381200.0, 317651925.56485474, 150994000.0, 400372000.0]","[189804500.0, 190032000.0, 124956265.93332565, 94477250.0, 283387250.0]","[216133500.0, 279364812.5, 233269332.56919423, 119680250.0, 341729250.0]","[255080500.0, 308920357.14285713, 189318116.03813723, 187752750.0, 369817000.0]","[241369500.0, 6286316181.818182, 19179473618.37681, 157195250.0, 324831250.0]","[192395500.0, 194442833.33333334, 58155898.779105425, 163170250.0, 225494750.0]","[235964000.0, 254636928.57142857, 131017396.44438949, 171490500.0, 332024000.0]","[212475000.0, 257636375.0, 189847982.67853513, 146542750.0, 299308000.0]","[248886000.0, 241359000.0, 128068622.40090922, 129578500.0, 321494250.0]","[200305500.0, 203599850.0, 101561640.69188474, 133869750.0, 260616250.0]","[131971500.0, 146962600.0, 86201124.24290068, 104084250.0, 215765500.0]","[241216500.0, 272044411.7647059, 204243982.54036298, 159415250.0, 305843250.0]","[844585500.0, 808092000.0, 591985691.7464306, 227662000.0, 1390022500.0]","[194195500.0, 186786200.0, 84165329.14840885, 120898500.0, 233734750.0]","[113393500.0, 129238000.0, 92628241.56451061, 74325000.0, 177948250.0]","[220507000.0, 260675714.2857143, 203437221.66974282, 132816500.0, 332447500.0]","[204284000.0, 214829857.14285713, 123124663.39612126, 134046250.0, 308675250.0]","[238077000.0, 244012900.0, 117102464.01246217, 162447250.0, 343406250.0]","[269169500.0, 353376166.6666667, 258481479.81716645, 143812000.0, 570382750.0]","[301293000.0, 308342750.0, 214870492.59655803, 115972250.0, 496839500.0]","[282288500.0, 282288500.0, 100415767.33884972, 241561250.0, 323015750.0]","[218232500.0, 211716272.72727272, 113861787.6079998, 114936000.0, 294224500.0]","[184283500.0, 182396214.2857143, 108392070.84711275, 102557750.0, 256727000.0]","[263217500.0, 671227033.3333334, 1533685109.3667934, 177548000.0, 386861000.0]","[212601500.0, 212158785.7142857, 95273900.0447646, 151561500.0, 280863250.0]","[196036000.0, 331532750.0, 310593943.19724345, 122695500.0, 404133000.0]","[220122500.0, 223414250.0, 63338866.79746883, 181795000.0, 265226000.0]","[183348000.0, 188210000.0, 105238616.39032508, 112785750.0, 259172000.0]","[137129000.0, 142661166.66666666, 90890831.16467555, 79304250.0, 207556250.0]","[948256500.0, 948256500.0, 79630376.29730253, 900937500.0, 995575500.0]","[269130000.0, 306495750.0, 195566048.99608085, 178223750.0, 338910500.0]","[228693000.0, 245049500.0, 93943682.68409537, 189203000.0, 316560000.0]","[100175003027391.8, 100175003027391.8, 100175003027391.8, 100175003027391.8, 100175003027391.8]","[145383500.0, 145383500.0, 93891252.82075003, 91155000.0, 199612000.0]","[169421500.0, 174420562.5, 102709046.45828962, 97672000.0, 239372750.0]",[1006],[2],"[284964500.0, 329612750.0, 191224314.45845, 213805250.0, 410274750.0]","[192977000.0, 210362136.36363637, 109076709.66896956, 138833250.0, 291282750.0]","[125606000.0, 138741666.66666666, 98158226.4223885, 77576000.0, 191402750.0]","[174088500.0, 173371000.0, 59820895.10781329, 135369500.0, 206327500.0]","[172313000.0, 169729750.0, 102216966.98414358, 85057250.0, 224414000.0]"
0,"[233559000.0, 241676666.66666666, 105315886.77745739, 162303000.0, 303168250.0]","[178410500.0, 194484200.0, 94351618.37117581, 135397250.0, 257943750.0]","[248144500.0, 238876611.1111111, 87775725.6096081, 178409250.0, 287980750.0]","[157373000.0, 157373000.0, 76094815.59869897, 110197500.0, 204548500.0]","[243218000.0, 279782863.6363636, 168322178.44260222, 168992250.0, 336437000.0]","[203894000.0, 218857625.0, 120046312.14827485, 142910500.0, 307258000.0]","[229404000.0, 215603458.33333334, 111005988.34165028, 133006500.0, 282035000.0]","[252788500.0, 271988166.6666667, 173586777.1637095, 154436750.0, 331822000.0]","[225454000.0, 305552166.6666667, 212305570.10781786, 156528750.0, 500372500.0]","[201458000.0, 217877100.0, 141986583.750684, 118698250.0, 275565000.0]","[214813000.0, 227855125.0, 109328041.09586604, 161831750.0, 294833000.0]","[158210000.0, 158210000.0, 75480034.57868843, 114677000.0, 201743000.0]","[311283000.0, 361352125.0, 223676392.17513406, 211569750.0, 483566250.0]","[284122000.0, 290411850.0, 109355984.94608103, 218128000.0, 369873750.0]","[203236500.0, 210777000.0, 105817485.63997665, 135581250.0, 286023750.0]","[183418500.0, 203772500.0, 90967987.26131627, 155912250.0, 261928250.0]","[214129000.0, 217766125.0, 105752594.71868467, 157505500.0, 284756750.0]","[171386000.0, 171132562.5, 89512186.01953644, 103597000.0, 248101500.0]","[354432500.0, 441674000.0, 284815412.9698157, 176566000.0, 676454250.0]","[218442500.0, 270274166.6666667, 191091102.41053146, 151648500.0, 344752750.0]","[302208500.0, 302208500.0, 112184895.03605197, 259544000.0, 344873000.0]","[191110500.0, 221486812.5, 163999152.62956345, 127568750.0, 264250000.0]","[111270500.0, 111270500.0, 65725611.72214375, 84676750.0, 137864250.0]","[19407523068.728104, 19407523068.728104, 19407523068.728104, 19407523068.728104, 19407523068.728104]","[201987000.0, 212150833.33333334, 108193920.77795108, 143928500.0, 286433500.0]","[208490500.0, 193941214.2857143, 89157136.72874632, 127596500.0, 252839250.0]","[188587500.0, 189934166.66666666, 121312250.61168481, 103879750.0, 270362500.0]","[200069500.0, 204220041.66666666, 108321542.62733212, 124730500.0, 270340500.0]","[220475500.0, 218506166.66666666, 95850913.68877098, 175975750.0, 257777750.0]","[204747500.0, 202933250.0, 101422423.98102848, 129350250.0, 274196500.0]","[1267038167644415.8, 1267038167644415.8, 1267038167644415.8, 1267038167644415.8, 1267038167644415.8]","[220225000.0, 219481550.0, 107615442.51475947, 133435500.0, 292176250.0]","[293581500.0, 655034500.0, 856935002.5523064, 221959250.0, 481418500.0]","[180322000.0, 189155900.0, 96195087.43012814, 101453750.0, 237827250.0]","[235861000.0, 434413083.3333333, 469268718.72622347, 176578500.0, 373644000.0]","[166002000.0, 173236833.33333334, 102250766.2474685, 91110000.0, 237224500.0]","[174681000.0, 179257916.66666666, 87209017.44368558, 126585750.0, 246801250.0]","[125972500.0, 130578250.0, 80603947.20754996, 76733750.0, 186755000.0]","[127241000.0, 136227250.0, 83360150.02348244, 92907000.0, 188869500.0]","[214913000.0, 214913000.0, 102712506.16404995, 169566750.0, 260259250.0]","[156864500.0, 159097666.66666666, 80967275.04197127, 105608750.0, 217133250.0]","[373871000.0, 373871000.0, 92604966.64866307, 308572000.0, 439170000.0]","[112777500.0, 128113500.0, 78002040.02941205, 67004000.0, 206422750.0]","[152035500.0, 160626000.0, 102983659.99273865, 79103500.0, 232189750.0]","[140076000.0, 143871250.0, 83461176.27488545, 94083750.0, 204057000.0]",[1006],[3],"[209651000.0, 212343833.33333334, 100025669.55356453, 130394500.0, 288524000.0]","[183633500.0, 196166850.0, 93353215.21687134, 149966500.0, 263257750.0]","[133239500.0, 140010500.0, 73132358.02809861, 95739500.0, 197823500.0]","[181257000.0, 174590250.0, 85679760.92513038, 121203250.0, 221310500.0]","[382574500.0, 382574500.0, 119331684.20101176, 294761250.0, 470387750.0]"
0,"[197444000.0, 227402566.66666666, 132599007.74394539, 160704000.0, 255175000.0]","[244549000.0, 311906580.0, 251489947.50280496, 202667000.0, 300922500.0]","[322963500.0, 448626027.7777778, 373081457.97447556, 253482500.0, 437882750.0]","[251724500.0, 252849833.33333334, 57735854.33367111, 216549250.0, 292196000.0]","[263472500.0, 410154142.85714287, 324882660.548248, 218050000.0, 355568500.0]","[162062000.0, 325093700.0, 350094790.62849534, 136201000.0, 253157000.0]","[150040000.0, 274829500.0, 298549316.3820259, 102615000.0, 248748500.0]","[137478000.0, 356679375.0, 595401605.1662499, 98559000.0, 202450750.0]","[121395000.0, 124267272.72727273, 69548691.63999212, 85983500.0, 181515250.0]","[167066000.0, 182880531.25, 101469850.7474894, 112710250.0, 238476000.0]","[152529000.0, 210014142.85714287, 190121367.38479793, 111011000.0, 230862000.0]","[251569500.0, 279014000.0, 119611592.6307591, 197481250.0, 374071500.0]","[144785000.0, 143232000.0, 63143628.624549285, 95682750.0, 183473750.0]","[687738000.0, 925261500.0, 677540524.8542334, 395020000.0, 1232056000.0]","[146322000.0, 146438181.8181818, 72539284.4054713, 90773000.0, 185893000.0]","[241283500.0, 414016400.0, 379136037.4735433, 201878000.0, 314837000.0]","[152936500.0, 209308500.0, 148771476.7775844, 113982000.0, 234631000.0]","[228229000.0, 271194833.3333333, 177021831.02155006, 120085000.0, 413050750.0]","[141419500.0, 134977800.0, 63092407.194209985, 89187250.0, 168176500.0]","[232392500.0, 273753333.3333333, 140112120.63122085, 202906500.0, 307345750.0]","[125007000.0, 155437750.0, 106207778.43620573, 90227500.0, 193180500.0]","[290347500.0, 398013071.4285714, 249320468.28098983, 181838250.0, 656796000.0]","[180831000.0, 209667722.2222222, 122640647.81226383, 97852250.0, 288870500.0]","[239401000.0, 268821100.0, 105202588.01707302, 201268000.0, 308519750.0]","[170173500.0, 170173500.0, 65478123.79146183, 141040500.0, 199306500.0]","[300513000.0, 300055900.0, 109923912.77238087, 222520500.0, 362704750.0]","[162215500.0, 354209857.14285713, 390179748.2098763, 100288000.0, 515792000.0]","[230232000.0, 227386000.0, 116382718.22257376, 131451500.0, 326295000.0]","[203688500.0, 201943750.0, 49569842.61057826, 180658750.0, 221745250.0]","[253819500.0, 319873272.72727275, 201617339.50925267, 193193500.0, 323003750.0]","[174401000.0, 170805142.85714287, 61695988.827541806, 125074500.0, 208496500.0]","[146980000.0, 143934863.63636363, 67534414.57259567, 95215750.0, 187253500.0]","[151843500.0, 145512250.0, 71583760.16204722, 97157000.0, 194839750.0]","[185799000.0, 1653950900.0, 2955902253.3153887, 159063500.0, 288343500.0]","[320762500.0, 710702416.6666666, 671849426.3738166, 240817500.0, 1226985500.0]","[205838000.0, 236781166.66666666, 125378671.75203905, 151135500.0, 324921500.0]","[700628100163110.8, 700628100163110.8, 700628100163110.8, 700628100163110.8, 700628100163110.8]","[209651000.0, 212492750.0, 102382804.33836289, 129074500.0, 292866250.0]","[95343500.0, 98348000.0, 51759098.480363816, 70606500.0, 127100500.0]","[184644500.0, 197473166.66666666, 120504191.27346659, 118875250.0, 258717250.0]","[190511500.0, 283520333.3333333, 222482528.57016036, 134273750.0, 406796000.0]","[229579000.0, 239242222.2222222, 64545747.94976863, 195907750.0, 282777500.0]","[132361500.0, 197523000.0, 162913937.44589505, 85374500.0, 250140750.0]","[127870500.0, 126785250.0, 68060864.42066027, 98169000.0, 153231000.0]","[136043500.0, 165698500.0, 143885518.38614613, 86469000.0, 201892750.0]",[1007],[1],"[189274500.0, 197242409.0909091, 82016710.47368063, 135172750.0, 258418500.0]","[678857500.0, 678857500.0, 45482823.200082906, 659756250.0, 697958750.0]","[174842500.0, 301426000.0, 311396016.6774175, 97630250.0, 341586000.0]","[220878500.0, 220878500.0, 60456722.845767945, 197499500.0, 244257500.0]","[285418000.0, 287445000.0, 89809595.67050728, 216787750.0, 353909250.0]"
0,"[185849000.0, 191387928.57142857, 61226690.90876752, 154169500.0, 235837750.0]","[236089500.0, 248077000.0, 73235386.81896758, 203548500.0, 297326250.0]","[315854500.0, 512457400.0, 607167616.3369468, 244709000.0, 439596750.0]","[258016000.0, 272802846.15384614, 81395939.30605379, 230473000.0, 330523500.0]","[253152000.0, 263764150.0, 79718857.88994658, 217528750.0, 328187250.0]","[134341000.0, 127456937.5, 66240436.712563224, 77283750.0, 170270750.0]","[151857500.0, 164650964.2857143, 93437873.96694666, 98069500.0, 210391250.0]","[126663500.0, 154773333.33333334, 106018121.77694486, 97408500.0, 216296250.0]","[131084000.0, 128409916.66666667, 66885217.03567779, 74790250.0, 175769500.0]","[134783000.0, 141676588.2352941, 67286194.68999463, 97428250.0, 194841500.0]","[156540500.0, 222859307.69230768, 186314557.0746025, 120720250.0, 232689250.0]","[265761000.0, 261164750.0, 70024807.06283666, 219580250.0, 303263000.0]","[218554000.0, 313258785.71428573, 240883937.7774458, 129218750.0, 440060500.0]","[389240500.0, 432137300.0, 137879920.49609688, 332100500.0, 483025500.0]","[138864500.0, 154980576.92307693, 93981877.15997864, 88330000.0, 211435750.0]","[414149000.0, 404786333.3333333, 151651058.96340528, 285989750.0, 535115500.0]","[227967500.0, 255383250.0, 155322133.2119825, 139368750.0, 322392000.0]","[212487500.0, 307890571.4285714, 225358751.60055175, 142359000.0, 509140000.0]","[119737500.0, 120082375.0, 63198508.94193924, 74466000.0, 156408250.0]","[280593500.0, 338540500.0, 189248926.80045772, 205652250.0, 408654750.0]","[126476000.0, 320312375.0, 367668592.5967969, 100912250.0, 361842000.0]","[266093000.0, 301409142.85714287, 145141719.6965765, 191272750.0, 415505250.0]","[185319500.0, 187837000.0, 85099545.86961253, 129561500.0, 240222000.0]","[261490000.0, 485542000.0, 377085026.8361235, 218973500.0, 969278750.0]","[1817852500.0, 1822992750.0, 1228768755.4099379, 624081000.0, 3049080750.0]","[198603500.0, 213138000.0, 106493753.78602023, 132744750.0, 293230500.0]","[162799500.0, 236206700.0, 197520033.0192105, 120308750.0, 248133250.0]","[212123500.0, 219070750.0, 103821063.33585444, 144081500.0, 295248750.0]","[224365500.0, 224272500.0, 52709516.14509471, 199059000.0, 251337000.0]","[217998500.0, 252715821.42857143, 134677571.79995635, 185341000.0, 284577500.0]","[168378500.0, 164139555.55555555, 56905961.24135388, 126055250.0, 203579000.0]","[154171000.0, 158003812.5, 83144466.14343822, 106659500.0, 189303750.0]","[97614000.0, 112534833.33333333, 61944360.221940756, 82149250.0, 156357000.0]","[166615500.0, 168163625.0, 69516636.15088387, 130934500.0, 218490500.0]","[216300500.0, 232102750.0, 73063885.90259555, 179616750.0, 281095000.0]","[268571500.0, 254379875.0, 124392029.52001938, 165774000.0, 353490750.0]","[700628100163110.8, 700628100163110.8, 700628100163110.8, 700628100163110.8, 700628100163110.8]","[246958500.0, 457344000.0, 364278517.1422181, 193538500.0, 908893000.0]","[952034500.0, 952034500.0, 110660930.93883677, 907047000.0, 997022000.0]","[137393000.0, 142061250.0, 72164386.37453035, 95726750.0, 180220750.0]","[131581000.0, 137565833.33333334, 66224680.42811196, 96580000.0, 181417500.0]","[229887000.0, 281759388.8888889, 158500599.03834888, 212552250.0, 297860750.0]","[202822500.0, 202822500.0, 57421411.01758124, 178440750.0, 227204250.0]","[139727500.0, 139727500.0, 66052330.77076084, 110953000.0, 168502000.0]","[130023000.0, 188845480.76923078, 195630537.5045198, 102487750.0, 204245000.0]",[1007],[2],"[170649500.0, 194753000.0, 135599580.89270696, 108408500.0, 218255500.0]","[299411203168522.4, 299411203168522.4, 299411203168522.4, 299411203168522.4, 299411203168522.4]","[152093000.0, 203029950.0, 167139347.4409826, 101805250.0, 230662750.0]","[259306500.0, 259306500.0, 45102759.74095155, 233038750.0, 285574250.0]","[254070000.0, 270176428.5714286, 84978542.12532066, 212351250.0, 325354000.0]"
0,"[194612000.0, 207408522.72727272, 75606304.09697348, 166760750.0, 259392750.0]","[245778500.0, 291975394.7368421, 196036205.75788912, 210540000.0, 307759250.0]","[342376000.0, 357074650.0, 169404985.37034705, 231421250.0, 476960500.0]","[231382000.0, 239735625.0, 65301471.60689445, 194975000.0, 294964500.0]","[246919000.0, 246773166.66666666, 68232897.423803, 208354250.0, 308163250.0]","[126569000.0, 143719230.76923078, 99424448.06380823, 87844250.0, 199375250.0]","[165021500.0, 191917615.3846154, 140984809.19617844, 93705750.0, 231910500.0]","[142113000.0, 149601961.53846154, 80075895.90650417, 97639500.0, 200960250.0]","[142022500.0, 226382916.66666666, 231989217.91359124, 92363750.0, 217261500.0]","[135962500.0, 156026038.46153846, 86877669.70152776, 114719000.0, 206872250.0]","[158208000.0, 301004961.53846157, 411244016.8781959, 132976750.0, 231160500.0]","[148081500.0, 148081500.0, 71660523.77878632, 99667250.0, 196495750.0]","[145452000.0, 268877400.0, 289711197.5277103, 104075500.0, 220085000.0]","[386774000.0, 394698400.0, 83645320.56570768, 338358500.0, 443749250.0]","[156380000.0, 162524250.0, 79666433.05644794, 120810000.0, 214563500.0]","[212391500.0, 228135500.0, 63998241.85801253, 194634000.0, 273251250.0]","[160228500.0, 180303000.0, 94200822.30223188, 128546500.0, 231462000.0]","[245827500.0, 246153333.33333334, 114935829.63549703, 152474000.0, 337872750.0]","[149937500.0, 293642333.3333333, 298504285.4830098, 103304000.0, 409235500.0]","[299176000.0, 376159833.3333333, 215289156.73054692, 237346750.0, 414690000.0]","[171180500.0, 250538428.57142857, 262797829.04645658, 109487750.0, 223954250.0]","[291871000.0, 306793200.0, 120676379.61697392, 217343250.0, 369653500.0]","[189077000.0, 243617055.55555555, 196214684.98304838, 123695750.0, 284264250.0]","[213994500.0, 210122833.33333334, 55568886.23566449, 177917250.0, 235666250.0]","[1549534375.9338427, 1549534375.9338427, 1549534375.9338427, 1549534375.9338427, 1549534375.9338427]","[250762000.0, 243964500.0, 86522754.33367394, 186207250.0, 309847500.0]","[136068500.0, 178546000.0, 147758936.20212394, 85382750.0, 200414000.0]","[307181000.0, 522891500.0, 478511532.2628076, 208877750.0, 669146250.0]","[211109000.0, 214575500.0, 46517244.8238285, 195415000.0, 239892500.0]","[226630500.0, 233530500.0, 83580178.58329034, 180047250.0, 284660250.0]","[165386500.0, 170530187.5, 69471951.80225502, 120667750.0, 221705250.0]","[138750000.0, 132719285.71428572, 56389628.66638379, 94447750.0, 156902750.0]","[452441734285578.0, 452441734285578.0, 452441734285578.0, 452441734285578.0, 452441734285578.0]","[198494000.0, 711428428.5714285, 1067455878.1632693, 156132250.0, 683863250.0]","[326774000.0, 430274666.6666667, 226107361.61955354, 269950750.0, 665694500.0]","[193947500.0, 195980833.33333334, 87237381.07680038, 125267500.0, 258988500.0]","[731975500.0, 731975500.0, 51698224.807530865, 705003750.0, 758947250.0]","[132736500.0, 132736500.0, 55308127.00905718, 108889250.0, 156583750.0]","[194647500.0, 194790750.0, 116233036.93953581, 104926250.0, 278226500.0]","[247902500.0, 254654625.0, 137644624.0009372, 156834000.0, 342505000.0]","[207477000.0, 219758916.66666666, 101555540.98698762, 127054250.0, 292973250.0]","[222530000.0, 228867812.5, 60838899.474574186, 182198250.0, 272806750.0]","[158065000.0, 165668625.0, 63469663.76730205, 122168750.0, 205476000.0]","[175048000.0, 171044333.33333334, 81630071.11897482, 106515250.0, 219533500.0]","[152455500.0, 213110125.0, 212702628.70335597, 105693000.0, 216455250.0]",[1007],[3],"[157430000.0, 167189562.5, 75016161.75695804, 120154500.0, 208255500.0]","[272120000.0, 272120000.0, 55365806.23453432, 222405000.0, 321835000.0]","[158065500.0, 189725900.0, 128237620.21259594, 105144250.0, 221832000.0]","[193402500.0, 186153833.33333334, 54770540.032687485, 145398750.0, 216181750.0]","[241000500.0, 261110250.0, 65485654.49728284, 229895750.0, 307958250.0]"
0,"[194077500.0, 198982647.05882353, 93856735.71800874, 149163500.0, 275052500.0]","[182767500.0, 232471200.0, 182255536.5295112, 109966000.0, 262638250.0]","[276788500.0, 252502375.0, 114511774.87537853, 151341500.0, 332135000.0]","[384984000.0, 384984000.0, 60433537.39439716, 347822500.0, 422145500.0]","[211891000.0, 216107125.0, 96224307.1423538, 157153250.0, 279623000.0]","[191434500.0, 185607500.0, 93158233.59586838, 100575500.0, 231706500.0]","[223663500.0, 225551250.0, 59067066.654672295, 201519500.0, 253358500.0]","[137218000.0, 149157000.0, 102993152.81075728, 74943750.0, 224433500.0]","[125538500.0, 125409071.42857143, 76351015.95424189, 67519750.0, 184431750.0]","[113570500.0, 111983400.0, 64363100.380885944, 67577000.0, 151997750.0]","[175652500.0, 209716727.27272728, 134106816.79920872, 102290000.0, 301732750.0]","[127413500.0, 129806700.0, 74058501.5282513, 83596500.0, 170910250.0]","[122138500.0, 122138500.0, 83941798.64793225, 84818750.0, 159458250.0]","[249031500.0, 255900875.0, 134725302.16512552, 154125500.0, 332291750.0]","[162894500.0, 162398833.33333334, 98622207.35308272, 81517250.0, 228587500.0]","[221070500.0, 277484833.3333333, 174997321.65577406, 184012000.0, 289850250.0]","[128423500.0, 136895000.0, 85051416.44470125, 74441750.0, 192167250.0]","[198573000.0, 207845750.0, 102055954.3217388, 119723250.0, 306295500.0]","[100611500.0, 100611500.0, 60118706.07597938, 79221750.0, 122001250.0]","[194077500.0, 229849307.69230768, 153835765.0191291, 137383750.0, 277340250.0]","[195464000.0, 200554700.0, 106856703.68165956, 125302000.0, 263545000.0]","[140612000.0, 231656083.33333334, 274014137.4654047, 67553750.0, 224194750.0]","[153349500.0, 205143000.0, 177540840.99762186, 101260250.0, 219997500.0]","[19407523068.728104, 19407523068.728104, 19407523068.728104, 19407523068.728104, 19407523068.728104]","[247535000.0, 242214250.0, 68301846.425902, 193390750.0, 279238750.0]","[150981000.0, 202970500.0, 183155591.5568176, 97573500.0, 213517500.0]","[98305000.0, 106115000.0, 77766279.98046455, 61056000.0, 151903750.0]","[189299000.0, 183127687.5, 88670105.7693761, 103760000.0, 239388250.0]","[145624000.0, 167944666.66666666, 78493898.42139891, 124072250.0, 208246750.0]","[206964000.0, 222180400.0, 118834158.42484012, 141638250.0, 281889250.0]","[152042500.0, 153376833.33333334, 52454180.50043506, 129913000.0, 176759500.0]","[186380000.0, 234129800.0, 163201809.65926817, 127080250.0, 297704750.0]","[201978000.0, 228585111.1111111, 134985279.34716475, 118797750.0, 320078500.0]","[168976000.0, 177112500.0, 77488150.30538541, 136203750.0, 230072000.0]","[180598500.0, 190142750.0, 83104000.46741131, 139682000.0, 261438000.0]","[129802500.0, 129802500.0, 71412183.00997387, 86061750.0, 173543250.0]","[700628100163110.8, 700628100163110.8, 700628100163110.8, 700628100163110.8, 700628100163110.8]","[155879000.0, 148740250.0, 77233314.35777892, 92215250.0, 203264500.0]","[1509436539016177.8, 1509436539016177.8, 1509436539016177.8, 1509436539016177.8, 1509436539016177.8]","[135916000.0, 146248625.0, 83322845.45584947, 94683750.0, 204801000.0]","[147523000.0, 156183666.66666666, 82716589.39952062, 92418250.0, 208488500.0]","[363846500.0, 363846500.0, 102181387.34745188, 302315000.0, 425378000.0]","[99710500.0, 99572750.0, 54626249.829523355, 72655000.0, 128368250.0]","[103733000.0, 174570300.0, 167810472.16848534, 83836000.0, 190350500.0]","[134337000.0, 159214227.27272728, 127282798.83239305, 85776000.0, 210816500.0]",[1008],[1],"[177918000.0, 194009250.0, 106343463.15565193, 110801750.0, 293961500.0]","[299411203168522.4, 299411203168522.4, 299411203168522.4, 299411203168522.4, 299411203168522.4]","[119086000.0, 116465400.0, 67437598.8232084, 78529500.0, 157820500.0]","[1359005537888146.8, 1359005537888146.8, 1359005537888146.8, 1359005537888146.8, 1359005537888146.8]","[1864369258744477.0, 1864369258744477.0, 1864369258744477.0, 1864369258744477.0, 1864369258744477.0]"
0,"[185751500.0, 190516625.0, 91986008.83808023, 98249750.0, 259288750.0]","[230652500.0, 249068000.0, 150027638.1071168, 151515250.0, 365886500.0]","[433792000.0, 414886500.0, 258365470.45561254, 175781250.0, 651001750.0]","[165825500.0, 209445750.0, 168284644.7999267, 75530250.0, 352665000.0]","[220001500.0, 215062027.7777778, 91472086.88780606, 157488000.0, 287494000.0]","[197435000.0, 195589444.44444445, 88910700.14469089, 117610000.0, 241657250.0]","[134223000.0, 165548250.0, 118671372.66391376, 69101500.0, 268155750.0]","[137532000.0, 155509833.33333334, 97344272.97812074, 100330000.0, 235816500.0]","[129641500.0, 138710500.0, 81058804.05957258, 81617500.0, 192203750.0]","[108890000.0, 114208071.42857143, 69004339.7087296, 63840500.0, 158466500.0]","[176243000.0, 192047804.3478261, 109556089.29906726, 124362250.0, 265472750.0]","[128759000.0, 149023571.42857143, 81738485.54402396, 103376500.0, 206974250.0]","[160531000.0, 166534250.0, 80033888.39696282, 127321000.0, 223732000.0]","[271020500.0, 265242375.0, 102041928.85149895, 195051750.0, 313147000.0]","[161123000.0, 166015230.76923078, 89790423.03408006, 98970250.0, 224770750.0]","[195412500.0, 238131222.2222222, 119663281.66593847, 171777250.0, 253798750.0]","[121196000.0, 138224388.8888889, 94796283.20663849, 71800250.0, 191506750.0]","[187545500.0, 209530000.0, 104469549.97749344, 129962250.0, 286796750.0]","[206340000.0, 208303750.0, 107409824.78892468, 152408500.0, 270488250.0]","[177365500.0, 189146909.0909091, 95539789.68324669, 130524500.0, 270591750.0]","[1019541784.8728576, 1019541784.8728576, 1019541784.8728576, 1019541784.8728576, 1019541784.8728576]","[121202000.0, 134565888.8888889, 80898470.48196268, 85340250.0, 178675250.0]","[124579000.0, 124234700.0, 65091658.662304804, 82381250.0, 163511750.0]","[19407523068.728104, 19407523068.728104, 19407523068.728104, 19407523068.728104, 19407523068.728104]","[284345000.0, 284059500.0, 65859855.2666949, 250734750.0, 319363250.0]","[133332000.0, 132455111.1111111, 67964052.08342691, 84355750.0, 173932250.0]","[1287572456525832.2, 1287572456525832.2, 1287572456525832.2, 1287572456525832.2, 1287572456525832.2]","[190187500.0, 199079812.5, 97683609.21248429, 95882500.0, 273148250.0]","[160823500.0, 306929333.3333333, 271091931.5854351, 116386750.0, 594100250.0]","[190203500.0, 183915500.0, 74577631.64816914, 120026000.0, 246230750.0]","[154100000.0, 157773000.0, 53136282.499186315, 129125000.0, 185828750.0]","[147790000.0, 141229250.0, 86136714.03320132, 84334000.0, 184998750.0]","[199636500.0, 279416500.0, 275837435.4780296, 130649250.0, 296151000.0]","[204854500.0, 265984625.0, 180068990.61813608, 147863750.0, 380153750.0]","[198847500.0, 220184300.0, 117597600.77106163, 149188750.0, 285629000.0]","[187682500.0, 202926125.0, 102440896.22367316, 140303250.0, 253487000.0]","[700628100163110.8, 700628100163110.8, 700628100163110.8, 700628100163110.8, 700628100163110.8]","[189125500.0, 211603666.66666666, 104271483.89527322, 154805000.0, 295272000.0]","[253970000.0, 258833500.0, 157567485.10638228, 145669250.0, 359348750.0]","[124822500.0, 135921214.2857143, 72493175.2306761, 91679000.0, 188138000.0]","[148255500.0, 148255500.0, 62736019.52028834, 117752250.0, 178758750.0]","[1742114457804861.8, 1742114457804861.8, 1742114457804861.8, 1742114457804861.8, 1742114457804861.8]","[121277000.0, 144923500.0, 77927842.1292202, 107011250.0, 192893750.0]","[116800500.0, 166897250.0, 141135920.12201393, 81769750.0, 206398250.0]","[130172000.0, 152236694.44444445, 111120992.70072927, 85620000.0, 194927500.0]",[1008],[2],"[214925500.0, 211264625.0, 82151416.04141328, 155852500.0, 264046750.0]","[266367000.0, 275702500.0, 78258096.05881043, 228916750.0, 328721250.0]","[123881500.0, 175847214.2857143, 161712191.21556607, 93578000.0, 211250000.0]","[1359005537888146.8, 1359005537888146.8, 1359005537888146.8, 1359005537888146.8, 1359005537888146.8]","[187286500.0, 187286500.0, 79199255.26322833, 136893750.0, 237679250.0]"
0,"[207565000.0, 247550250.0, 173277436.5097956, 170992750.0, 317563750.0]","[188965000.0, 232184833.33333334, 164944563.93125606, 125244000.0, 322768750.0]","[205112500.0, 204553166.66666666, 96268455.94467703, 141234000.0, 268911250.0]","[863349489.7999082, 863349489.7999082, 863349489.7999082, 863349489.7999082, 863349489.7999082]","[223696500.0, 238565833.33333334, 134091253.91293961, 154930750.0, 295175500.0]","[202871500.0, 205382239.13043478, 93854073.04871814, 140551250.0, 273668750.0]","[277205500.0, 316759900.0, 148429615.58492967, 223080500.0, 369881500.0]","[267969000.0, 277613375.0, 142510822.9358717, 166160000.0, 374851500.0]","[113375500.0, 123633590.9090909, 75546237.58314511, 71104000.0, 180999500.0]","[116647000.0, 124235812.5, 96636481.91108958, 46167750.0, 160737250.0]","[184174500.0, 231651285.7142857, 187850686.315214, 120422000.0, 281875750.0]","[113132500.0, 120478100.0, 69275555.99841838, 81155250.0, 167327250.0]","[133821500.0, 133821500.0, 88002745.56086305, 101516750.0, 166126250.0]","[232759000.0, 261149000.0, 115522057.07785851, 201350000.0, 332021000.0]","[156608500.0, 146988500.0, 82095263.81044854, 88428000.0, 198142500.0]","[217959500.0, 657081450.0, 1307648177.314123, 191612000.0, 279015500.0]","[148060000.0, 172609125.0, 105704687.23782723, 99619500.0, 229123750.0]","[272737000.0, 268262333.33333334, 106979502.52060232, 192227750.0, 349524000.0]","[124094500.0, 124094500.0, 52706026.46993985, 103105750.0, 145083250.0]","[179612000.0, 297317038.46153843, 417748378.678848, 128261000.0, 255166750.0]","[207043000.0, 207043000.0, 50139705.22948854, 181950250.0, 232135750.0]","[126666500.0, 140907583.33333334, 74765472.04030561, 95148750.0, 204685750.0]","[137192000.0, 142580333.33333334, 90766251.88422793, 89277500.0, 211544000.0]","[19407523068.728104, 19407523068.728104, 19407523068.728104, 19407523068.728104, 19407523068.728104]","[613980500.0, 613980500.0, 65456032.191464216, 580943250.0, 647017750.0]","[131456000.0, 132291750.0, 63865773.11156188, 95375500.0, 181621250.0]","[101234000.0, 101234000.0, 71152617.1725257, 63490750.0, 138977250.0]","[191316500.0, 201510375.0, 92262060.81989701, 138391250.0, 260440500.0]","[135626000.0, 129206500.0, 66344829.59319437, 90790250.0, 164804000.0]","[177637500.0, 173840166.66666666, 70263646.42524768, 119140250.0, 218832750.0]","[147891000.0, 147311750.0, 50135414.10208457, 126849000.0, 166616000.0]","[137024500.0, 140105600.0, 81850650.0978459, 79544750.0, 189319750.0]","[230444500.0, 229382142.85714287, 102833348.04871504, 137703500.0, 304159000.0]","[187957500.0, 181386625.0, 74436507.93744877, 109926750.0, 238046500.0]","[189634500.0, 191638071.42857143, 86789541.42757747, 138876750.0, 271020000.0]","[182522500.0, 196015000.0, 112922992.52219039, 113797750.0, 264421250.0]","[125641000.0, 125641000.0, 70463458.36673076, 98121000.0, 153161000.0]","[189281500.0, 220208300.0, 117240230.53802818, 139026000.0, 278758250.0]","[115936500.0, 115936500.0, 83803168.18145959, 53010500.0, 178862500.0]","[121709000.0, 128217000.0, 76357561.15474093, 79163250.0, 183499750.0]","[560453730156139.6, 560453730156139.6, 560453730156139.6, 560453730156139.6, 560453730156139.6]","[1742114457804861.8, 1742114457804861.8, 1742114457804861.8, 1742114457804861.8, 1742114457804861.8]","[202058000.0, 200439800.0, 100327694.7400866, 130481250.0, 270459000.0]","[118240500.0, 123851000.0, 73655364.26153903, 74750250.0, 179033750.0]","[120901500.0, 126502805.55555555, 74778327.39794607, 72095000.0, 173306250.0]",[1008],[3],"[224987000.0, 204162750.0, 105546886.136861, 123380750.0, 254056750.0]","[299411203168522.4, 299411203168522.4, 299411203168522.4, 299411203168522.4, 299411203168522.4]","[132426000.0, 215556666.66666666, 228129055.34270632, 88133250.0, 219372750.0]","[1359005537888146.8, 1359005537888146.8, 1359005537888146.8, 1359005537888146.8, 1359005537888146.8]","[188141000.0, 188141000.0, 60172151.5736308, 151033500.0, 225248500.0]"
0,"[215946500.0, 260043846.15384614, 141437502.2340507, 184124000.0, 306147000.0]","[192104500.0, 222582978.26086956, 135635810.3965701, 147587000.0, 257979000.0]","[415962500.0, 448740550.0, 258166771.38643834, 232098000.0, 618135250.0]","[276113500.0, 293577000.0, 129303490.99502303, 200032750.0, 384058750.0]","[335875500.0, 595340583.3333334, 607717558.8367453, 240074250.0, 574404500.0]","[187929000.0, 194238571.42857143, 110889917.52745107, 103949500.0, 281974750.0]","[244635000.0, 276967076.9230769, 196415793.9442837, 151960000.0, 358042250.0]","[247970500.0, 293343000.0, 173933787.14598393, 175933000.0, 386000750.0]","[147982000.0, 146835071.42857143, 82267921.89891712, 96049750.0, 202165500.0]","[167944000.0, 232377500.0, 188118572.07197803, 110055000.0, 273961750.0]","[219975500.0, 304319350.0, 256334978.5021106, 150006500.0, 343868500.0]","[115895500.0, 119962166.66666667, 71373685.6210949, 85884750.0, 162073750.0]","[316152000.0, 303425000.0, 142580049.87111625, 190196250.0, 420083750.0]","[22582952051.56981, 22582952051.56981, 22582952051.56981, 22582952051.56981, 22582952051.56981]","[367911500.0, 367911500.0, 84996549.5020239, 331869750.0, 403953250.0]","[208345500.0, 212554642.85714287, 69016257.3333343, 149900250.0, 248011250.0]","[127876000.0, 144426722.2222222, 98242565.12598778, 84034000.0, 199962500.0]","[267997500.0, 415935571.4285714, 403029004.23980725, 180017000.0, 399924000.0]","[248037500.0, 255982500.0, 152682448.36015043, 130006500.0, 385898500.0]","[252048000.0, 300921000.0, 197751023.31804335, 201583500.0, 320129250.0]","[164060500.0, 172444733.33333334, 94845861.30574645, 112031250.0, 247899000.0]","[376009000.0, 372719800.0, 149036356.45123643, 263911750.0, 464065500.0]","[115995000.0, 122625833.33333333, 72591356.52729064, 79892250.0, 165984250.0]","[187982500.0, 186121500.0, 73404875.56865688, 150068250.0, 218478750.0]","[199807000.0, 210554500.0, 101177832.78506875, 143878250.0, 279936500.0]","[191896500.0, 220333636.36363637, 165135730.71403623, 119905500.0, 266106750.0]","[168286500.0, 160106875.0, 76341384.45731367, 96137750.0, 186065000.0]","[383736000.0, 382374200.0, 133004334.11757678, 278168250.0, 448172750.0]","[259933000.0, 259933000.0, 65158871.69449759, 233888750.0, 285977250.0]","[224030500.0, 251516750.0, 139593465.39930692, 173996250.0, 324179000.0]","[239925500.0, 475979000.0, 409323028.31382453, 179994250.0, 940008000.0]","[268104500.0, 458031000.0, 435004507.12305844, 156085750.0, 573706250.0]","[423910000.0, 413986250.0, 142322919.97228518, 308094500.0, 521893750.0]","[176023500.0, 176023500.0, 50886613.959370494, 157975750.0, 194071250.0]","[235875500.0, 227966250.0, 76487008.57457756, 175965500.0, 266066000.0]","[344010500.0, 334146750.0, 96766979.1480415, 278093750.0, 384387250.0]","[308031000.0, 319953000.0, 75847941.00451903, 270014750.0, 367892000.0]","[228077500.0, 228077500.0, 65553571.254737906, 196094000.0, 260061000.0]","[204004500.0, 243507812.5, 134089597.82814938, 157958250.0, 316021500.0]","[256018500.0, 261999125.0, 140149401.19024545, 162064750.0, 353981250.0]","[407803000.0, 412218000.0, 120546612.67672905, 322076500.0, 487891500.0]","[255627500.0, 265198200.0, 103926394.55431907, 200009500.0, 331947000.0]","[227651000.0, 227651000.0, 82294889.95375107, 189522250.0, 265779750.0]","[188068500.0, 307525875.0, 438302061.35906935, 115413250.0, 261676250.0]","[171974000.0, 195605750.0, 156953807.51000434, 95954500.0, 236109500.0]",[1009],[1],"[207988000.0, 222678625.0, 109385053.41598415, 143995000.0, 263920000.0]","[231982500.0, 241445500.0, 69707751.23267618, 210197750.0, 281954250.0]","[103980000.0, 129373166.66666667, 84470948.73370503, 80069500.0, 194155750.0]","[195874000.0, 197337666.66666666, 76478777.845375, 161971250.0, 238016500.0]","[151784000.0, 151784000.0, 73663215.41990955, 119894500.0, 183673500.0]"
0,"[260384000.0, 392344136.3636364, 312520658.26129365, 192166250.0, 539943500.0]","[207745000.0, 215190454.54545453, 89778863.03717558, 163669250.0, 266031250.0]","[300002000.0, 299884750.0, 123233930.76964435, 197708250.0, 394050000.0]","[212072000.0, 222207571.42857143, 75288791.98337775, 189276750.0, 281687750.0]","[328199500.0, 413326166.6666667, 221096293.53946415, 237979500.0, 617945750.0]","[220063500.0, 262339611.1111111, 178993251.3084219, 147718500.0, 324136500.0]","[204360000.0, 217728500.0, 137903833.56119946, 127895750.0, 308467750.0]","[203879000.0, 241726642.85714287, 170440707.0582474, 122670250.0, 338121750.0]","[140417000.0, 150295666.66666666, 95513519.67159182, 87864000.0, 226078250.0]","[112753000.0, 116838800.0, 75207027.27445088, 69815000.0, 162107250.0]","[163829000.0, 164257250.0, 94950779.57331555, 111917500.0, 220148250.0]","[151995500.0, 152124000.0, 70883534.9887405, 122391000.0, 181985500.0]","[231895000.0, 254051583.33333334, 143344643.2617082, 161926750.0, 320067250.0]","[183987500.0, 183987500.0, 85600117.881052, 141976250.0, 225998750.0]","[267832500.0, 277058500.0, 102772309.52875876, 216095750.0, 353923500.0]","[235839000.0, 228802300.0, 70765458.85112312, 180016250.0, 275915500.0]","[139822000.0, 141161166.66666666, 71048388.3817141, 103198000.0, 189545000.0]","[211908500.0, 207868600.0, 109301767.56594561, 126051500.0, 285851500.0]","[111761000.0, 111761000.0, 74271376.88908157, 73768000.0, 149754000.0]","[211994000.0, 221266833.33333334, 76146769.0738674, 171683750.0, 268058500.0]","[259610000.0, 240808125.0, 89464229.144862, 160080000.0, 298177750.0]","[280424500.0, 386663111.1111111, 289132143.0175692, 213820500.0, 417794000.0]","[107395000.0, 108977500.0, 68862747.1817431, 71698500.0, 143544250.0]","[204001500.0, 195995500.0, 72060265.98792152, 150050000.0, 225941750.0]","[367678000.0, 353818500.0, 143332960.5368214, 243938250.0, 461721250.0]","[211861000.0, 219917900.0, 105074057.70878936, 149927500.0, 300025500.0]","[123939000.0, 123939000.0, 70688522.29676329, 95937250.0, 151940750.0]","[367958500.0, 398586833.3333333, 175491075.1424097, 271977000.0, 521880750.0]","[180124500.0, 180124500.0, 76371974.68476248, 150127750.0, 210121250.0]","[183856000.0, 190882500.0, 83131702.37640993, 148088750.0, 253947500.0]","[168036000.0, 168029750.0, 62600408.76813425, 142008500.0, 194038500.0]","[252123000.0, 294593083.3333333, 200455882.74063295, 149565750.0, 438070000.0]","[207871000.0, 207871000.0, 84079916.10664226, 149874750.0, 265867250.0]","[195808000.0, 195808000.0, 84418252.25032794, 145639000.0, 245977000.0]","[268004000.0, 3875894300.0, 7268623185.410578, 189959000.0, 395617500.0]","[236072000.0, 359805666.6666667, 263374635.62491274, 177903500.0, 625238500.0]","[468036000.0, 468007000.0, 139456952.79458103, 349987000.0, 581941500.0]","[176042000.0, 176042000.0, 84941308.98744144, 140083250.0, 212000750.0]","[168096500.0, 209637571.42857143, 134907699.95879948, 123925250.0, 260132500.0]","[172072000.0, 210130375.0, 131599992.77397159, 116110250.0, 266432750.0]","[139549500.0, 137827250.0, 69556566.93790673, 107991000.0, 165976750.0]","[247954500.0, 245502875.0, 79835360.75603889, 189968000.0, 297666500.0]","[100175003027391.8, 100175003027391.8, 100175003027391.8, 100175003027391.8, 100175003027391.8]","[143881500.0, 139867100.0, 79649158.34765613, 96032000.0, 171935500.0]","[168137000.0, 197872307.69230768, 142978147.421278, 109845500.0, 247928250.0]",[1009],[2],"[204063500.0, 204980125.0, 68004984.70413308, 163950000.0, 259664750.0]","[204097000.0, 459774000.0, 442753213.3683504, 147813000.0, 963116250.0]","[135589000.0, 135589000.0, 79913112.34709859, 95766500.0, 175411500.0]","[200038500.0, 200053500.0, 72496231.62447825, 159412000.0, 236108500.0]","[180228500.0, 184147250.0, 72791009.97848223, 151973000.0, 224118000.0]"
0,"[248363000.0, 436585142.85714287, 427032865.84998465, 198027500.0, 464101000.0]","[199689500.0, 225415842.10526314, 134588720.46750548, 152124750.0, 272243250.0]","[335833500.0, 327991833.3333333, 160169466.63811705, 209909000.0, 457728250.0]","[248013000.0, 303390350.0, 195222993.75861827, 199847000.0, 318345000.0]","[339770500.0, 386035062.5, 180790984.27654958, 236412250.0, 560147250.0]","[287964000.0, 287228000.0, 133624062.85670756, 183770250.0, 380040000.0]","[280067000.0, 271956916.6666667, 118676713.35709907, 189837250.0, 365817000.0]","[160042000.0, 159522562.5, 92830901.23880406, 104232250.0, 244167000.0]","[172116500.0, 172924500.0, 90203897.74533027, 118155250.0, 227950500.0]","[112122000.0, 118000875.0, 65927073.3167291, 93947750.0, 159998750.0]","[207657000.0, 226024666.66666666, 128953511.45384827, 135923250.0, 291500250.0]","[143974500.0, 143974500.0, 52024273.22173756, 114064750.0, 173884250.0]","[448750000.0, 365502000.0, 192809777.4521994, 187666750.0, 521878750.0]","[363964500.0, 357964250.0, 80064666.42307018, 303981250.0, 429960000.0]","[264072500.0, 283946100.0, 126296513.48667546, 207906250.0, 358105500.0]","[215535500.0, 217053333.33333334, 73194709.43236874, 175895250.0, 255734000.0]","[135880000.0, 148222388.8888889, 86144456.31653257, 95917750.0, 209216750.0]","[275919000.0, 278265500.0, 122549855.12216766, 186144000.0, 371680500.0]","[176046000.0, 176016250.0, 94616208.1017967, 121949250.0, 266328250.0]","[272007000.0, 342609444.4444444, 207683868.14023703, 189993750.0, 399811250.0]","[144598000.0, 306887071.4285714, 415935723.3785328, 118034500.0, 248028000.0]","[191966000.0, 352969000.0, 342937395.1408624, 139800750.0, 449996000.0]","[119627000.0, 122630000.0, 67723136.24850324, 78017000.0, 162512000.0]","[207993500.0, 206609500.0, 62353728.690298334, 177904750.0, 231930250.0]","[128007000.0, 128007000.0, 73726799.89325456, 96007250.0, 160006750.0]","[140111000.0, 159917500.0, 93866972.54652457, 117371000.0, 225747000.0]","[427683000.0, 419831750.0, 66172271.00105829, 373808500.0, 450051500.0]","[252005000.0, 257900375.0, 104899039.29247576, 179998500.0, 337739250.0]","[838384250488847.5, 838384250488847.5, 838384250488847.5, 838384250488847.5, 838384250488847.5]","[199598000.0, 197761250.0, 61429305.03991967, 157779250.0, 231974750.0]","[191926500.0, 192029750.0, 62721556.22820196, 165979250.0, 218183500.0]","[271842500.0, 263344541.66666666, 151478592.51240727, 136233000.0, 402323000.0]","[231893000.0, 247963125.0, 157424937.7782452, 119717250.0, 375889250.0]","[216322000.0, 206486666.66666666, 92433046.06338339, 136873500.0, 244986250.0]","[219940500.0, 221281166.66666666, 72398334.95533966, 187897750.0, 263977750.0]","[175940000.0, 169948250.0, 82004552.51501285, 110008250.0, 221966500.0]","[232039500.0, 235992000.0, 83857524.6027451, 181953000.0, 290040500.0]","[119948500.0, 119948500.0, 63256276.94743028, 85921750.0, 153975250.0]","[215941500.0, 236487333.33333334, 135338351.96513548, 135582500.0, 295979250.0]","[240394500.0, 364958375.0, 281349252.28772044, 186473000.0, 454096750.0]","[107955500.0, 113160833.33333333, 67815596.60190436, 85502500.0, 145915250.0]","[236062500.0, 283345583.3333333, 175503451.52064595, 190154750.0, 313908000.0]","[124517500.0, 129528666.66666667, 72990015.371206, 85939000.0, 178211250.0]","[307947000.0, 478956875.0, 416836654.81320065, 157945000.0, 678058750.0]","[124176500.0, 133140909.0909091, 69208165.80492973, 100090750.0, 187972250.0]",[1009],[3],"[203707500.0, 210784071.42857143, 77849424.59505153, 165813250.0, 273805000.0]","[208161000.0, 217545000.0, 94548832.45974009, 149977250.0, 295699750.0]","[152117500.0, 162331700.0, 89686103.85120986, 110000250.0, 242004250.0]","[187697000.0, 187697000.0, 77439077.3479385, 145955250.0, 229438750.0]","[219920000.0, 219995750.0, 72179417.69256316, 180228500.0, 257992250.0]"
0,"[141486000.0, 145788678.57142857, 53089227.088226244, 115142250.0, 190942750.0]","[158230000.0, 157838937.5, 57875423.68686033, 118889750.0, 197213500.0]","[116941500.0, 129901361.1111111, 78294664.5117564, 84832000.0, 169811250.0]","[172281500.0, 177159368.42105263, 56778444.30833582, 136939000.0, 226348250.0]","[164890000.0, 231906850.0, 171951838.9669837, 130852000.0, 233738250.0]","[154898000.0, 216818450.0, 191761189.3696102, 91062250.0, 223140500.0]","[241192000.0, 268215550.0, 179287557.30626568, 160950750.0, 302082750.0]","[131815500.0, 136196500.0, 51724058.40025371, 101525500.0, 175382250.0]","[112670000.0, 112669923.07692307, 49974525.25031212, 76642500.0, 148878000.0]","[124051000.0, 124432916.66666667, 54091220.616517074, 86805000.0, 161236250.0]","[107036500.0, 108817108.69565217, 54350887.38775119, 65630750.0, 147001750.0]","[258888000.0, 353821333.3333333, 241153041.67075223, 164008000.0, 615544500.0]","[113400000.0, 120411000.0, 59180221.4967129, 84231500.0, 170765000.0]","[218696000.0, 223824200.0, 92629594.08342455, 157693750.0, 280777000.0]","[115631000.0, 117957555.55555555, 47726118.04082659, 86519750.0, 152478000.0]","[168354000.0, 174243000.0, 49460879.52008132, 153300500.0, 207855250.0]","[134570500.0, 194407833.33333334, 173959042.8816667, 86410000.0, 205386500.0]","[168954500.0, 172006583.33333334, 60699380.31803171, 127335750.0, 213567000.0]","[152851500.0, 157007916.66666666, 72777918.09672117, 102091500.0, 190760750.0]","[153196000.0, 162047750.0, 56541567.401779726, 134645250.0, 205698250.0]","[102657500.0, 106443636.36363636, 49320245.055375725, 74767500.0, 140076250.0]","[133115000.0, 169129187.5, 144448826.91619495, 88218250.0, 176508500.0]","[93702500.0, 107948571.42857143, 67820660.65810655, 71116000.0, 149246000.0]","[149455500.0, 149455500.0, 42494790.577787295, 131123000.0, 167788000.0]","[130403500.0, 128504000.0, 40986328.751182385, 103002500.0, 149969500.0]","[115752500.0, 157239461.53846154, 142770242.43537658, 92140250.0, 175095000.0]","[109742500.0, 115343166.66666667, 53115042.144648425, 80079500.0, 154715500.0]","[126916500.0, 132816000.0, 65251633.0389516, 89350000.0, 174690000.0]","[838384250488847.5, 838384250488847.5, 838384250488847.5, 838384250488847.5, 838384250488847.5]","[147448500.0, 149359166.66666666, 52706320.741813205, 118164500.0, 188234750.0]","[141574000.0, 138980230.76923078, 54021157.68795358, 107831000.0, 171903750.0]","[104610500.0, 108179866.66666667, 53817047.7678671, 83041750.0, 159331500.0]","[114371000.0, 134939142.85714287, 81430764.51839943, 82420750.0, 173537250.0]","[150676500.0, 159373166.66666666, 59617821.48797642, 125482750.0, 201498500.0]","[154887500.0, 155093166.66666666, 51245104.33283685, 122720750.0, 191453500.0]","[107354000.0, 111482400.0, 45770097.0431569, 78310750.0, 147901750.0]","[107800000.0, 102934875.0, 50174877.355200134, 65779750.0, 133827750.0]","[95531000.0, 100190625.0, 49597407.38420079, 73858000.0, 133725500.0]","[108850000.0, 107729937.5, 46352070.39532963, 73186000.0, 135617750.0]","[129682000.0, 132341000.0, 46353796.40061858, 107940250.0, 162109000.0]","[161113500.0, 165980833.33333334, 74566362.4764694, 111315250.0, 216007500.0]","[139670500.0, 135460950.0, 57201765.40892335, 86154500.0, 176151250.0]","[115797500.0, 119761222.22222222, 55818042.7665101, 81060000.0, 168066750.0]","[125250000.0, 187197083.33333334, 172680766.50810415, 80266750.0, 199929000.0]","[91370500.0, 94830650.0, 49611379.732149154, 67553500.0, 131397750.0]",[1012],[1],"[130920000.0, 132268272.72727273, 48219887.31245252, 99214750.0, 161915250.0]","[143955000.0, 143955000.0, 52674485.83992064, 121300750.0, 166609250.0]","[101845500.0, 101064625.0, 50859983.12508936, 74236000.0, 124737000.0]","[189359500.0, 190587750.0, 51398770.84559026, 166885750.0, 214736750.0]","[158666000.0, 148041750.0, 55493420.93156179, 115117250.0, 181637250.0]"
0,"[134822500.0, 141534323.52941176, 52284606.834202096, 117539000.0, 192237750.0]","[145066000.0, 151761208.33333334, 58712561.45265336, 125018750.0, 207178000.0]","[97388500.0, 105339785.71428572, 52522582.840864845, 71841750.0, 147519250.0]","[169615500.0, 176589964.2857143, 53978640.66460663, 147683750.0, 219754000.0]","[235097500.0, 340150714.28571427, 224785072.7183409, 149975500.0, 581646000.0]","[162195500.0, 173160250.0, 100240566.10505797, 105257000.0, 226805000.0]","[135419500.0, 152155208.33333334, 89174446.8347852, 81408500.0, 214063000.0]","[132566500.0, 129500916.66666667, 47373061.61814316, 92912750.0, 164977750.0]","[109889000.0, 108356863.63636364, 47803504.41014232, 75393500.0, 141603250.0]","[142518000.0, 171134035.7142857, 125968964.25480086, 94595250.0, 199249750.0]","[108937000.0, 116431269.23076923, 67522727.40176946, 75557000.0, 160990750.0]","[222568000.0, 222568000.0, 60849137.52059268, 182583500.0, 262552500.0]","[111469000.0, 110666000.0, 55649436.16815299, 77164750.0, 146103500.0]","[169156000.0, 214683000.0, 157602782.2184621, 115766250.0, 237293000.0]","[128226000.0, 131216428.57142857, 56057808.99942778, 93646500.0, 163146250.0]","[180631000.0, 182887500.0, 51484603.99559594, 153106750.0, 216382750.0]","[89448000.0, 86814857.14285715, 49677883.884735934, 46354000.0, 116480500.0]","[174946500.0, 175438800.0, 55577994.66479517, 136322250.0, 210781000.0]","[121729500.0, 119959200.0, 51675746.75473979, 86426000.0, 153280250.0]","[144269500.0, 146983142.85714287, 51441502.3634435, 118512500.0, 177270500.0]","[102436500.0, 101851916.66666667, 48000555.70157207, 74368000.0, 129221000.0]","[105974000.0, 107069250.0, 46429836.21915438, 81739000.0, 141953000.0]","[112537000.0, 137125571.42857143, 96011268.5095678, 76809250.0, 181093500.0]","[19407523068.728104, 19407523068.728104, 19407523068.728104, 19407523068.728104, 19407523068.728104]","[94413500.0, 103848142.85714285, 49188735.65426648, 81418000.0, 139102000.0]","[123871500.0, 127123500.0, 66370223.77642215, 76823500.0, 168394250.0]","[124359500.0, 128824833.33333333, 49395718.21665202, 98616250.0, 167633250.0]","[919892338824077.5, 919892338824077.5, 919892338824077.5, 919892338824077.5, 919892338824077.5]","[162973500.0, 165961833.33333334, 57396081.50508961, 135174750.0, 200671250.0]","[141686000.0, 138505166.66666666, 47179307.30880742, 109022250.0, 162173750.0]","[126804500.0, 130615125.0, 54702976.78014767, 92278500.0, 166302750.0]","[103147000.0, 142047266.66666666, 166850875.30754986, 71807250.0, 156428750.0]","[109683500.0, 114813055.55555555, 50509952.801372856, 80821500.0, 151814750.0]","[145221500.0, 149652333.33333334, 52221525.86551088, 118231750.0, 189253500.0]","[147473000.0, 150072250.0, 47310314.49399627, 124461000.0, 178276500.0]","[138477000.0, 221711800.0, 213945777.44830582, 92094750.0, 196109250.0]","[91887000.0, 92418500.0, 46032861.496797405, 64718500.0, 118826500.0]","[89974000.0, 94677333.33333333, 58056557.48396462, 62880500.0, 131665250.0]","[117549000.0, 282685687.5, 449377357.4351542, 94738750.0, 168122000.0]","[128966000.0, 128966000.0, 48156053.08266033, 105422750.0, 152509250.0]","[106852000.0, 105018333.33333333, 45642973.165525585, 81444250.0, 126357000.0]","[123273500.0, 126014611.1111111, 59202824.26693932, 84123750.0, 172490250.0]","[121418500.0, 119877444.44444445, 49994519.12818069, 81639000.0, 157487750.0]","[97052000.0, 98575000.0, 50388218.03804933, 68073000.0, 134024250.0]","[98060500.0, 101252980.0, 49108524.07820459, 71429000.0, 139344000.0]",[1012],[2],"[129267500.0, 132537333.33333333, 50149557.68637335, 105724750.0, 158022500.0]","[165131000.0, 165131000.0, 47531048.72606957, 148262500.0, 181999500.0]","[104966000.0, 102247000.0, 43921324.99139797, 80263750.0, 122000750.0]","[153354000.0, 153356750.0, 42112528.10847978, 134881750.0, 171383750.0]","[1864369258744477.0, 1864369258744477.0, 1864369258744477.0, 1864369258744477.0, 1864369258744477.0]"
0,"[143516500.0, 168253075.0, 128680572.46363717, 116307000.0, 202634250.0]","[146341000.0, 151416631.57894737, 57303533.06455069, 124324750.0, 198873000.0]","[106305500.0, 113531735.29411764, 62650624.44259896, 72984750.0, 151172500.0]","[169324000.0, 174426107.14285713, 55872752.45677148, 134251000.0, 221337500.0]","[185168000.0, 229047166.66666666, 168517335.1007908, 146088750.0, 226642500.0]","[161462500.0, 195464538.46153846, 151237831.00524682, 106253500.0, 226574750.0]","[146826500.0, 156167416.66666666, 90889574.90957396, 85613750.0, 228269250.0]","[135509500.0, 174391833.33333334, 131225372.42998737, 94733000.0, 188785500.0]","[110351000.0, 112665937.5, 49846133.1480045, 81150250.0, 147486000.0]","[114001500.0, 160584250.0, 158673678.79714906, 89676000.0, 170215250.0]","[103720000.0, 103913852.94117647, 53494547.525415726, 71014250.0, 146367250.0]","[85909500.0, 89546500.0, 44506697.43701503, 66186000.0, 118188500.0]","[111157500.0, 112260250.0, 58385407.861789405, 75416250.0, 151772000.0]","[167025000.0, 181698875.0, 104946334.47081119, 107660250.0, 252205500.0]","[128909500.0, 128773500.0, 49157588.09431154, 84670750.0, 155181500.0]","[184916500.0, 184561400.0, 51157643.35209353, 158679250.0, 220654250.0]","[127298000.0, 136513000.0, 74103629.29130298, 88343750.0, 181364250.0]","[195025000.0, 190970357.14285713, 52028784.481843926, 147746750.0, 231379250.0]","[138130000.0, 234021916.66666666, 253151550.49790445, 88971750.0, 193533500.0]","[135982500.0, 137543750.0, 48892960.60549855, 109439750.0, 163298000.0]","[108511000.0, 104937437.5, 48658017.68525505, 77480000.0, 134422250.0]","[93973500.0, 92896416.66666667, 45065530.26974226, 66344500.0, 116193000.0]","[90301500.0, 91418900.0, 50296176.54842165, 59123250.0, 122525750.0]","[19407523068.728104, 19407523068.728104, 19407523068.728104, 19407523068.728104, 19407523068.728104]","[92492000.0, 93329250.0, 46193775.37071418, 59159000.0, 126786250.0]","[154336500.0, 160257931.8181818, 96590214.5896396, 94643500.0, 221386250.0]","[99761000.0, 101887100.0, 48847200.57475147, 76458500.0, 130122000.0]","[919892338824077.5, 919892338824077.5, 919892338824077.5, 919892338824077.5, 919892338824077.5]","[171927000.0, 172387250.0, 52937648.97912921, 143533000.0, 199580000.0]","[135374000.0, 135188375.0, 45543986.44150921, 106506500.0, 159142750.0]","[134114000.0, 138251350.0, 52395503.07447673, 106760500.0, 174468750.0]","[109608000.0, 110762142.85714285, 54217636.340041794, 71862500.0, 151861750.0]","[135399500.0, 131776200.0, 77473734.52248187, 79686250.0, 200836500.0]","[127812500.0, 127110875.0, 40273416.18685178, 104721250.0, 151513500.0]","[179891000.0, 415466666.6666667, 704789050.4077955, 127601250.0, 228117250.0]","[170084500.0, 398845416.6666667, 517805343.03755784, 120326500.0, 295038250.0]","[89176500.0, 96456000.0, 54397591.7113984, 61553500.0, 132025750.0]","[101997000.0, 104884250.0, 49779356.07194512, 77831750.0, 130833250.0]","[111467000.0, 109453500.0, 46564229.83766617, 77276750.0, 132449500.0]","[131003000.0, 131003000.0, 44626457.90335594, 107982000.0, 154024000.0]","[120228500.0, 120907750.0, 48452377.78156506, 96879500.0, 147375000.0]","[130955000.0, 127704944.44444445, 56327012.82833646, 75790250.0, 158898250.0]","[119759500.0, 118964666.66666667, 52443620.093126886, 76054750.0, 147505500.0]","[93510500.0, 147726812.5, 159681692.11775607, 71131250.0, 156294000.0]","[104138000.0, 130896526.31578948, 130643474.48550214, 75382250.0, 138977500.0]",[1012],[3],"[134007500.0, 131370100.0, 48201980.64903557, 99326500.0, 165647000.0]","[141063500.0, 141063500.0, 50136794.75445154, 121525750.0, 160601250.0]","[107916500.0, 111234500.0, 47582958.32543412, 87956750.0, 140166000.0]","[178714000.0, 176590833.33333334, 48408150.21569772, 149214250.0, 196712250.0]","[1864369258744477.0, 1864369258744477.0, 1864369258744477.0, 1864369258744477.0, 1864369258744477.0]"
0,"[192035000.0, 194713370.37037036, 72810688.07983565, 163331750.0, 259799000.0]","[193940500.0, 194189065.2173913, 56997918.13385444, 150578250.0, 232608000.0]","[227925000.0, 268867818.1818182, 172759838.57784832, 159455250.0, 322726750.0]","[193929000.0, 189753029.4117647, 58872700.31726244, 148065250.0, 231543500.0]","[220554000.0, 251547729.16666666, 124017633.96711634, 183860000.0, 299352500.0]","[144973000.0, 177803214.2857143, 150650760.29058948, 92577750.0, 207082750.0]","[135454000.0, 144736750.0, 93101871.84834026, 77493750.0, 193875750.0]","[160104000.0, 172036681.8181818, 109374497.34570685, 101325250.0, 217902500.0]","[152500000.0, 167468467.7419355, 102887400.44209899, 107334750.0, 224712000.0]","[159382000.0, 171893738.0952381, 99544547.18857796, 107844250.0, 214911500.0]","[131863000.0, 174952866.66666666, 173265509.10836875, 90511500.0, 209395000.0]","[312326500.0, 318841500.0, 223630931.8391577, 106396500.0, 535185500.0]","[158863000.0, 160082777.7777778, 70782846.69446997, 114440500.0, 207570500.0]","[156001000.0, 181688500.0, 125353828.49458568, 96347250.0, 256056250.0]","[144846000.0, 152206200.0, 87639028.85069717, 96161500.0, 204160250.0]","[191001500.0, 194867763.15789473, 58339159.00325495, 162847000.0, 237211000.0]","[140159000.0, 160161192.30769232, 91774933.95384303, 105762000.0, 218359000.0]","[222472000.0, 225983833.33333334, 89537862.04853354, 174072750.0, 284803250.0]","[134313500.0, 144238357.14285713, 60301005.10191368, 106178750.0, 186265750.0]","[184088000.0, 186618718.75, 55770834.40755256, 147996000.0, 230885500.0]","[185365000.0, 177212500.0, 75324198.9302594, 120149000.0, 219802000.0]","[187555500.0, 179742153.84615386, 80854345.23321377, 120766750.0, 238409500.0]","[139605500.0, 148024384.6153846, 77181498.30037335, 103488000.0, 196939750.0]","[262755000.0, 330365200.0, 191516806.66917977, 187405750.0, 384198250.0]","[142922000.0, 149251300.0, 79038149.02001438, 103008250.0, 212990000.0]","[188125500.0, 190507416.66666666, 88780407.71106571, 131106250.0, 241417000.0]","[162731000.0, 212317928.57142857, 170272266.5796561, 120196250.0, 237537000.0]","[213874500.0, 212845000.0, 86122901.9545407, 146210750.0, 274810250.0]","[222991000.0, 316617000.0, 188819034.4333254, 179679750.0, 518566250.0]","[241394500.0, 257899500.0, 95794969.42588142, 182907000.0, 308839500.0]","[184232500.0, 184855541.66666666, 60007956.95918109, 153773500.0, 236150250.0]","[128429000.0, 144455038.46153846, 89465205.29340348, 87918000.0, 201317250.0]","[165670500.0, 174404785.7142857, 85708628.99230039, 110783000.0, 242428500.0]","[178118000.0, 197299363.63636363, 96846579.75588618, 152290000.0, 240053250.0]","[240684000.0, 253101678.57142857, 90638012.20693918, 191455000.0, 318772750.0]","[225052500.0, 289343375.0, 214780143.05065396, 119686250.0, 405629000.0]","[264690500.0, 289324900.0, 87213982.15991516, 237086000.0, 334756500.0]","[147518000.0, 157114937.5, 84207268.00762862, 100036000.0, 204729500.0]","[128146000.0, 140077812.5, 73890676.00450239, 98430000.0, 194542500.0]","[150656000.0, 160538600.0, 90672167.52091019, 103936500.0, 226546750.0]","[152292500.0, 155064333.33333334, 66604435.55091173, 124399250.0, 187706750.0]","[187840000.0, 183518653.84615386, 70071378.63056406, 133278500.0, 237041500.0]","[137598500.0, 292364250.0, 261348451.01435778, 102342250.0, 610749250.0]","[116406500.0, 129262300.0, 67311121.23869279, 100775750.0, 172760000.0]","[143050500.0, 158039681.8181818, 91979934.91635521, 100126500.0, 216844250.0]",[1013],[1],"[189978500.0, 188565153.84615386, 69070738.27561039, 138830500.0, 232009750.0]","[189682500.0, 200781550.0, 88230378.07579371, 146875750.0, 249805500.0]","[127633500.0, 157651571.42857143, 129362447.1396517, 91854000.0, 189465750.0]","[172287500.0, 170806250.0, 50852319.43026296, 146775750.0, 195380750.0]","[197144500.0, 197495095.23809522, 60425303.39652718, 159886750.0, 254797250.0]"
0,"[199874000.0, 210276526.31578946, 86756772.09597223, 164997500.0, 274350500.0]","[191935500.0, 196364451.2195122, 63893466.2014468, 155141000.0, 248429250.0]","[264952000.0, 297736000.0, 171106268.8965962, 191129500.0, 387617500.0]","[196572500.0, 202640600.0, 61162498.92532188, 165913250.0, 243385750.0]","[219400500.0, 225530821.42857143, 79828416.73241319, 181377250.0, 279164000.0]","[165150500.0, 175214312.5, 92839590.82082032, 119623000.0, 236746750.0]","[185678500.0, 198035421.0526316, 110762780.38664706, 117665500.0, 259581000.0]","[152143000.0, 157296277.7777778, 77431347.19960037, 99484250.0, 215483750.0]","[141793000.0, 173295217.39130434, 165468172.14411238, 87516500.0, 213799500.0]","[158898000.0, 180901133.33333334, 145504827.12204278, 94488750.0, 228363250.0]","[158789500.0, 164034187.5, 92053040.10339552, 93772750.0, 223551500.0]","[90169500.0, 91072250.0, 60848653.524030425, 64061000.0, 119246500.0]","[161791000.0, 180679800.0, 108692498.14067206, 95198500.0, 249148500.0]","[158730000.0, 170240750.0, 100911090.31066655, 100823250.0, 236064000.0]","[133794500.0, 184877058.82352942, 195489136.05461273, 98522500.0, 202018750.0]","[185465000.0, 187627590.9090909, 54864806.30286437, 156869500.0, 232878500.0]","[122960000.0, 122928500.0, 67019593.98004437, 80865000.0, 167823250.0]","[186954500.0, 184056000.0, 96308212.13738734, 101227750.0, 228409500.0]","[389240500.0, 390277250.0, 123900379.92249054, 284172000.0, 491086250.0]","[187782500.0, 190387900.0, 62920025.64279515, 144013000.0, 241824250.0]","[180600000.0, 171192611.1111111, 66666570.28921275, 119712250.0, 205708250.0]","[163117500.0, 168780500.0, 77536423.39370252, 115263000.0, 226273750.0]","[131630000.0, 151308444.44444445, 79232645.0430925, 107025000.0, 192733500.0]","[214322500.0, 212217000.0, 61258228.77309355, 160033000.0, 239455000.0]","[219315500.0, 319722500.0, 313846173.1471061, 123922750.0, 353676500.0]","[199564000.0, 216532861.1111111, 124277306.66541052, 133592250.0, 254921250.0]","[127030000.0, 127680937.5, 66645450.363255054, 72990750.0, 167695000.0]","[228084000.0, 216038722.2222222, 96731014.37623909, 141762750.0, 268634250.0]","[838384250488847.5, 838384250488847.5, 838384250488847.5, 838384250488847.5, 838384250488847.5]","[256168000.0, 283434307.6923077, 118469421.02963799, 208563750.0, 350323500.0]","[172925000.0, 174087100.0, 54595234.33038822, 141895750.0, 203557000.0]","[123368000.0, 129909166.66666667, 68590784.85765335, 82619750.0, 188920250.0]","[208874000.0, 210838562.5, 82367152.60532317, 149777750.0, 264903500.0]","[175729500.0, 173255000.0, 70363389.45787078, 140798000.0, 198733000.0]","[221850000.0, 222711500.0, 59903943.82467652, 192598000.0, 267139500.0]","[194738000.0, 194738000.0, 61298015.35531146, 158569750.0, 230906250.0]","[267287000.0, 269738333.3333333, 66948043.88520665, 229154500.0, 313662250.0]","[107983000.0, 192096300.0, 189839990.90973955, 83480250.0, 184597000.0]","[146349000.0, 158036625.0, 73976433.87413572, 110858000.0, 205394500.0]","[150812500.0, 175190944.44444445, 122429184.1485301, 99987500.0, 247861250.0]","[150272500.0, 168834166.66666666, 71197197.83206983, 134060500.0, 223849250.0]","[190075500.0, 180265550.0, 66845159.13996689, 124398500.0, 223476250.0]","[182293500.0, 182604666.66666666, 53084966.78491525, 140561750.0, 216497500.0]","[127360500.0, 145291666.66666666, 71139503.05366367, 113141500.0, 193411000.0]","[124783500.0, 130210133.33333333, 71814744.72661509, 88522250.0, 187289250.0]",[1013],[2],"[189701500.0, 200637325.0, 83932749.45451492, 159431500.0, 269739250.0]","[198605500.0, 204894062.5, 78234960.89143008, 158183000.0, 261703500.0]","[148398500.0, 158249583.33333334, 88686379.55407652, 97282000.0, 218452500.0]","[1359005537888146.8, 1359005537888146.8, 1359005537888146.8, 1359005537888146.8, 1359005537888146.8]","[192163500.0, 193951250.0, 62128980.68484224, 149996750.0, 240499750.0]"
0,"[199030500.0, 224620400.0, 115736340.73263246, 168175500.0, 284624000.0]","[202008500.0, 204855085.7142857, 61118034.43530813, 168264750.0, 252147500.0]","[191404500.0, 193120850.0, 94866377.85394517, 123473000.0, 232313500.0]","[203257500.0, 201870583.33333334, 62852078.052305125, 164174500.0, 236147500.0]","[210444000.0, 215441000.0, 81221664.91152468, 167203000.0, 270229750.0]","[195516000.0, 237956846.15384614, 200016807.45131093, 119079000.0, 308997000.0]","[193749000.0, 208308818.1818182, 137783405.66303077, 121913000.0, 267157250.0]","[149486500.0, 165861600.0, 87191472.30314441, 111399000.0, 228180000.0]","[171214000.0, 191423479.16666666, 131027657.97906461, 102557250.0, 257219500.0]","[156284500.0, 172234821.42857143, 103291884.79102507, 106555000.0, 225930250.0]","[160511000.0, 164024552.63157895, 82496626.99889371, 110322750.0, 212672500.0]","[26425520640.63461, 26425520640.63461, 26425520640.63461, 26425520640.63461, 26425520640.63461]","[158806000.0, 243783214.2857143, 246469715.42207736, 93091500.0, 242371000.0]","[203625000.0, 199174000.0, 97636515.91233681, 135729000.0, 261287000.0]","[143353000.0, 161488576.92307693, 104636235.51166093, 84679750.0, 228427750.0]","[203505000.0, 199285083.33333334, 58659385.907767475, 163724750.0, 223880250.0]","[187534500.0, 207949722.2222222, 134953661.03872904, 102611750.0, 306815750.0]","[213771000.0, 208085687.5, 91945898.79123127, 129681000.0, 269285500.0]","[183764500.0, 183764500.0, 52334964.70095304, 160789000.0, 206740000.0]","[229657000.0, 276165277.7777778, 160307132.27957332, 160297250.0, 283391250.0]","[188164000.0, 177589800.0, 68132346.12472992, 121862500.0, 208485750.0]","[181739500.0, 196091636.36363637, 102918902.93644068, 132977250.0, 238188500.0]","[130870500.0, 133510812.5, 64697542.82111372, 80976250.0, 167734000.0]","[223613500.0, 220593300.0, 61386186.92841249, 177111750.0, 248940250.0]","[202808000.0, 241549250.0, 161665044.6270003, 140043750.0, 294947750.0]","[217109500.0, 255887159.0909091, 217764285.74409023, 155698750.0, 283143750.0]","[164012500.0, 164839785.7142857, 82829600.91716571, 106550000.0, 214995000.0]","[181134000.0, 190832700.0, 88817329.28606895, 134263000.0, 248120750.0]","[838384250488847.5, 838384250488847.5, 838384250488847.5, 838384250488847.5, 838384250488847.5]","[243676500.0, 253364300.0, 83085085.16129716, 193662500.0, 299714250.0]","[186307000.0, 189599750.0, 63785298.16256642, 152028750.0, 230919500.0]","[149707500.0, 164832142.85714287, 118551199.00813027, 95475000.0, 189814000.0]","[159602500.0, 175168100.0, 74686823.88339995, 121727000.0, 230805000.0]","[179027500.0, 213860000.0, 140261494.00494778, 109301500.0, 250273750.0]","[240034000.0, 259768750.0, 96348906.98145378, 205827500.0, 312065750.0]","[180418500.0, 226230687.5, 150952394.34305885, 135214500.0, 267586000.0]","[258690500.0, 258690500.0, 55763047.3902745, 237703750.0, 279677250.0]","[181124000.0, 230850785.7142857, 170008093.43892953, 125809000.0, 261272000.0]","[177671500.0, 176615111.1111111, 89235413.18886608, 110584000.0, 242549000.0]","[164464000.0, 183576571.42857143, 102979971.30525242, 110194000.0, 251054500.0]","[182109500.0, 183393000.0, 87733757.43007933, 112030250.0, 249393000.0]","[182446000.0, 181272875.0, 58240287.44657237, 152386750.0, 210503750.0]","[177864500.0, 224503000.0, 144251052.71331644, 133410250.0, 262667750.0]","[109422500.0, 115290500.0, 69394390.09566984, 86488000.0, 152943750.0]","[156101000.0, 203337785.7142857, 175126490.2999415, 99950750.0, 233189250.0]",[1013],[3],"[184038500.0, 187987200.0, 76363493.40005341, 152271750.0, 226069750.0]","[243417000.0, 239964000.0, 81282773.29381259, 179331250.0, 289375000.0]","[181155500.0, 197740500.0, 118846081.00361015, 123598500.0, 271393250.0]","[155869500.0, 155869500.0, 49698749.6950376, 133554250.0, 178184750.0]","[194773500.0, 194553500.0, 60015277.02325943, 163158000.0, 234603750.0]"
